# File exported by ZBrush version 2026
# www.zbrush.com
#Vertex Count 4372
#Face Count 8736
#Auto scale x=1.000000 y=1.000000 z=1.000000
#Auto offset x=0.000000 y=0.000000 z=0.000000
v -0.87497788 0.36096164 -0.28705546
v -0.549371 -0.46678641 -1.19772625
v 0.21642179 -0.31935399 -1.40049326
v 0.15395893 -1.76397061 0.84256732
v 0.36667394 0.08829303 0.49591073
v 0.43699964 -1.17471635 -0.59322756
v 0.74673813 0.51893693 0.01748229
v 0.08549071 -0.92680865 0.58425289
v -0.90908998 0.01626587 -0.8527016
v 0.42922687 -0.40199509 -1.29887616
v 0.32717427 0.70058572 -0.94572597
v -0.5902422 -0.08740568 0.7503947
v 0.10988622 -0.43104577 -1.38401174
v 0.79778069 0.46089825 -0.70314443
v -0.43985462 0.5205627 0.58469593
v -0.67937594 0.14383864 0.60182213
v -0.8791309 0.06119716 -0.91526961
v -0.25754058 -0.37850919 -1.37275266
v -0.25920575 0.79380321 0.2260583
v -0.49889209 -0.03841396 -0.5780223
v -0.15779322 0.22495858 -1.39418339
v 0.24242016 -0.56977975 0.84448903
v -0.34642583 0.04465946 -0.52368247
v -0.00370071 0.5596221 -1.21371245
v 0.4872539 -0.28924471 0.8172872
v -0.8836385 -0.02890645 0.08787431
v -0.68247133 0.53464239 -0.84800916
v 0.63824605 -0.68103289 -0.85536652
v -0.47926053 0.63721382 0.37687459
v -0.64383107 -1.15045833 -0.45829075
v 0.68883734 -0.31666782 -1.15299511
v 0.63771498 -1.57187652 0.54308074
v -0.94737726 -0.2466425 -0.53537869
v -0.76727241 -1.46859097 0.11203441
v 0.15346241 0.84000295 0.12691368
v -0.38543877 -0.0591865 -0.6480264
v -0.90893518 -0.31851425 -0.72922664
v -0.30508711 0.85041844 -0.46580937
v -0.11008917 -1.01561987 0.34459552
v -0.47099188 0.07628928 0.56638687
v 0.25436189 0.50280475 0.70782798
v -0.7129836 0.40078529 -0.97638237
v -0.39991766 -1.65551292 0.79497814
v -0.86669504 -0.3139761 0.21666097
v -0.68955588 0.04118141 -0.2609117
v -0.04684702 0.39611423 -1.33564961
v 0.10166382 -0.4418571 0.91318714
v -0.65037673 -1.37234234 -0.27762553
v -0.57993459 -0.06422935 -1.27236688
v 0.54265379 0.43265202 -1.12267744
v -0.19594344 -1.43488025 -0.10716491
v -0.603123 -0.46884721 -1.15480136
v -0.55521369 0.74227219 -0.25379768
v 0.43036082 0.41909694 -1.20663929
v -0.83721077 -0.50588262 -0.16500201
v 0.32838356 -0.72210252 -1.09780883
v -0.69458687 0.60652744 -0.64346706
v -0.82794803 -0.15241684 0.38712778
v -0.07069275 -0.75465941 0.76801937
v -0.79426217 0.04421869 0.15110631
v 0.14946612 0.22364001 -1.39613604
v -0.24842482 0.75615423 -0.87565428
v 0.29749447 0.05163943 -0.49825793
v 0.76756358 -0.05528653 -1.11368751
v -0.58590155 -1.55588102 0.63315957
v -0.88345062 0.28959292 -0.10362087
v 0.63751137 0.00636535 -0.4344758
v -0.71338897 -1.56097102 0.31419965
v -0.66308796 -0.73875594 -0.59761387
v 0.68436998 0.37598598 -1.03458476
v 0.62127101 -0.12336741 -0.49822986
v -0.43144446 -0.13290074 -1.35353696
v 0.84226644 0.34696894 -0.77140182
v -0.94331038 0.13361519 -0.29521599
v -0.50030648 0.74366581 -0.65198266
v 0.79767781 -0.05435389 -1.07624757
v 0.00142861 -0.15734067 -1.45112085
v -0.75768882 -0.57533979 -0.31678926
v -0.11887214 0.31536442 0.85170316
v 0.00753726 0.01486189 0.85502249
v -0.55791181 -0.01040174 -0.52079325
v 0.19723819 0.35865134 0.81834656
v -0.69866251 0.47033956 0.28050789
v 0.17108112 0.05506589 0.78299433
v -0.32382047 -0.7527107 -1.05430352
v 0.17710003 0.33285641 -1.34968388
v -0.78634846 0.42370873 -0.81233966
v -0.32834723 0.64293563 0.51300573
v 0.59948033 0.25428324 -1.18858003
v -0.58488327 -0.1212837 -0.52791953
v 0.39238926 -1.33641338 0.83583009
v -0.11493036 0.89701527 -0.32508337
v -0.86045861 0.39353555 -0.56932932
v 0.51740169 0.40449404 0.62357121
v -0.59976846 -0.78134197 0.31511145
v -0.47625774 -0.06531219 0.76955217
v 0.50724053 -0.43508768 0.7704575
v -0.82279944 -0.17834109 0.41208374
v -0.61971443 0.02669997 0.59688156
v -0.44880968 -0.62419521 0.71937924
v -0.70063781 0.05706972 -1.16682887
v -0.66700226 0.65662765 -0.29117742
v -0.73074591 -0.15604244 0.5526393
v 0.56499117 0.63260853 0.24969966
v -0.6904211 -0.63070905 0.38908645
v -0.16861571 -0.01047029 0.85907977
v 0.32857075 0.32809203 0.79204767
v -0.88328969 -0.06671223 -0.0499878
v 0.51737606 -1.49187684 -0.04397425
v -0.87087547 -0.56971907 -0.00719481
v 0.31071656 0.80671447 0.12065276
v -0.27364879 -0.90885776 0.53175777
v -0.23463676 -0.31169456 0.89727586
v -0.11419043 0.75254452 0.41721019
v 0.05492031 -0.50614875 0.94481849
v -0.5600655 -0.73851072 0.48720985
v 0.63377082 0.50268828 0.36322253
v 0.77171659 -1.43375778 0.01398326
v 0.42662972 -0.87116658 0.44740578
v -0.49137288 0.67267119 0.28421658
v -0.91081643 -0.17200325 -0.84024357
v 0.76057606 -0.66516727 -0.1091252
v -0.03936566 -0.24909657 0.94701576
v -0.21419981 0.56874692 -1.17346143
v 0.31105384 -0.85045725 -0.65277832
v -0.9523006 0.02622959 -0.65537273
v -0.37095093 0.83392697 -0.18719799
v -0.30469068 0.47045007 0.71351754
v 0.66343158 -0.52545452 -1.04936957
v -0.44843885 0.32127031 0.73295891
v -0.26639699 0.30843743 -1.33702623
v 0.44315499 0.76256936 -0.68186074
v -0.45711293 0.1280656 -1.31753051
v 0.49232822 -0.71140283 0.6096248
v 0.69460415 -0.26426982 -1.16441726
v -0.47989454 0.56199783 -1.0441277
v 0.08840081 0.20201188 0.89415258
v 0.06510096 0.63422155 -1.12861049
v -0.71832186 -0.0094651 -0.36212942
v -0.89575094 0.22728256 -0.74931973
v -0.64314979 0.47724238 0.38317376
v 0.63507527 0.38610488 0.50195032
v -0.76936644 0.15734642 -1.0636878
v 0.30049571 -1.66924727 0.43406185
v -0.03274855 -1.00553035 -0.15737336
v -0.72212296 0.04341635 0.4106034
v -0.79482102 -1.34143889 -0.07305158
v 0.02337336 -1.32865929 0.95879989
v -0.6620509 -0.42138907 0.62190264
v 0.16806778 0.53956902 -1.21387112
v 0.1039252 -0.16472967 -0.73233163
v -0.00579095 0.622644 0.64189541
v -0.54460758 0.43241003 -1.12111103
v 0.30332928 0.22253105 -1.35736298
v 0.26328653 -0.57404285 -0.69340395
v -0.19825068 0.06418114 0.75581616
v -0.82130521 0.0754721 0.37245425
v -0.66949695 -0.36621922 -0.44432783
v -0.91774821 0.07100195 0.01022331
v -0.54650592 -0.07948882 0.7267242
v -0.81536412 0.03366475 0.0133067
v -0.72630864 -0.40427222 0.53231996
v -0.5638684 -1.20208227 0.69293463
v -0.86616843 0.34941896 -0.14662669
v -0.25345936 -0.34681829 0.90755611
v 0.88822031 -0.44705551 -0.43113049
v -0.11251811 -0.97056353 -0.41561466
v 0.81158745 0.031272 0.22884976
v -0.54603922 -1.08899247 -0.54110699
v 0.04206878 -0.52160096 -1.3476274
v 0.27380216 -0.85422277 -0.86565959
v 0.88287705 0.02883711 0.20589093
v 0.77787351 -1.44714438 0.13267615
v -0.85602968 -0.24828974 -0.94785869
v 0.05981642 -1.12652313 -0.68849003
v 0.87885761 -0.51517123 0.12810492
v 0.12443278 -0.90895831 -0.76241099
v 0.84291529 -0.191431 0.35794305
v 0.03419863 -0.84338975 -0.70196425
v 0.60783618 -0.68426752 0.48432058
v 0.85471028 0.00955934 0.02370671
v 0.5896644 0.68754035 -0.66294163
v 0.14813572 -0.58202618 -0.72278791
v 0.66445803 0.61902546 0.0105681
v -0.56782966 -0.84829562 -0.21674907
v -0.58802664 -0.61070603 -0.51100391
v 0.43726381 -0.90287381 -0.37370106
v 0.94668108 0.12560379 -0.57796752
v -0.18036727 -0.70790582 -0.71057534
v 0.61686557 -0.18987946 0.67953115
v -0.75343996 -0.45207497 -0.99324137
v 0.18505539 0.83918982 -0.66536766
v 0.29349592 0.02384747 -0.62027567
v -0.44796958 -0.74294054 -0.98169767
v -0.75808805 -0.64444458 -0.59249573
v 0.76904982 0.18421386 0.42919325
v 0.65108287 -1.38725376 -0.25062254
v 0.94563907 -0.11846368 -0.71432638
v 0.07478817 -0.0098607 -0.71789807
v 0.10744541 -0.99370837 -0.22029185
v -0.78412717 -0.38910341 -0.99561274
v 0.44793546 0.05233648 0.68727099
v 0.70435082 -1.56499004 0.2336075
v 0.18168121 -1.00636446 -0.01703043
v -0.47547099 0.01695989 -0.54090541
v 0.44192209 0.77850067 0.0135639
v 0.83189427 -0.43970164 -0.8418526
v -0.00941712 -0.04519849 -0.73780608
v 0.72346925 -0.26917511 0.5874083
v 0.85698926 0.00727984 0.13420262
v -0.47919267 -0.89892613 0.23189921
v 0.02131007 -0.45856019 -1.37993955
v 0.52586478 -1.16874742 -0.54742205
v 0.36322501 -1.73993575 0.72240877
v 0.76429742 -0.65012294 -0.50147056
v 0.03211106 0.90233302 -0.32719507
v 0.36460989 -1.19729745 -0.61217016
v 0.64814358 0.07303135 0.66617292
v 0.39574953 -1.67331385 0.78960341
v -0.83461988 -0.34851765 0.30929678
v 0.86342763 0.27006977 0.05890033
v 0.41581445 -0.86271584 -0.6839317
v 0.45198231 -0.30437362 -0.60915446
v 0.56378388 -0.86926215 0.72108727
v 0.89759159 -0.39177778 -0.64382481
v -0.70489984 -0.67747217 -0.69735628
v 0.26734817 -0.81867939 0.66008216
v 0.47630092 -0.06532311 0.76953017
v 0.53307485 0.75198262 -0.16181443
v 0.7823072 -1.14525711 -0.2389722
v -0.29304772 -0.97383552 -0.11436126
v 0.7851324 -1.38135516 -0.04699759
v 0.45942473 -0.9214732 0.0911036
v -0.55466777 -0.3356575 -1.25270879
v 0.75106537 0.04043881 -0.14713865
v 0.6416521 -0.79355955 -0.21525566
v 0.54266166 -1.65403449 0.3549306
v 0.58428478 -0.49362069 -1.15435648
v -0.33848905 -0.36268115 -1.35120618
v 0.00471358 -1.00306296 0.42898985
v 0.87405282 -0.43099072 -0.03967395
v 0.51844203 -1.69398713 0.60480696
v -0.7264449 -0.708027 -0.23383404
v 0.64824706 -1.27859973 0.57312309
v -0.47610512 -0.63121378 -1.11573469
v -0.16977377 0.88450205 -0.42367094
v 0.59799414 -0.7840715 0.3125945
v 0.55515295 -1.31666493 -0.4184179
v 0.74061089 -1.49570941 0.3223055
v 0.59564548 -0.73832064 -0.79178047
v 0.77533733 -0.32097548 -0.31407252
v -0.87427157 -0.44922772 -0.64024084
v 0.8438484 -0.80200791 0.1793904
v 0.49984076 -1.55679059 0.10422171
v 0.12304799 -0.09342636 -0.73262709
v 0.05465968 -0.72661554 -0.72705209
v -0.4147425 -0.13157938 -0.63496089
v 0.51855975 -0.37628516 -0.56838166
v -0.79783916 -0.50711596 -0.83221262
v -0.25140315 0.01236645 -0.65748322
v 0.34959131 -0.00729593 0.80679988
v 0.1601075 -1.45762562 -0.04971291
v 0.26189047 -0.00634072 -0.67632722
v -0.21163168 -0.5531429 -1.30253613
v 0.6602903 -1.61778867 0.37401187
v -0.53123885 -0.81592869 -0.54530262
v 0.08358445 0.04459355 -0.60778009
v 0.16535815 -0.99572587 0.39349424
v -0.69771874 -0.20403768 -1.17445397
v -0.87587177 -0.42548519 -0.03906174
v -0.25480249 -1.619897 0.88714826
v -0.77738666 -0.05845694 -0.31299638
v 0.7643677 0.55659484 -0.43483769
v -0.47983133 0.05075149 0.66878324
v -0.96212738 -0.1278671 -0.55204039
v -0.16258636 -1.13860607 -0.6752004
v 0.74182289 -0.05459679 0.56851607
v 0.8233658 -0.29132533 -0.98940849
v 0.12668578 -0.66543078 -1.23072981
v 0.81688284 -0.57106196 -0.55225455
v 0.27358439 -0.80091249 -0.99564606
v 0.78477895 -0.40602815 0.4073866
v -0.70058327 -1.49787151 0.44458651
v 0.48672545 -0.02337474 0.81900847
v 0.47322967 -0.69915199 -1.03237927
v 0.25062972 -0.10593069 0.92097467
v 0.0343408 -0.32117527 0.94040095
v -0.63015204 -1.62531685 0.50663656
v 0.48003408 -0.5255776 -1.20554721
v 0.56325787 0.23883311 0.68687695
v 0.90012985 -0.19513194 -0.86167955
v 0.64232379 -0.16737064 0.70325726
v 0.74505722 -0.50079 -0.95655822
v 0.05968406 -0.58347463 -1.30755507
v -0.65484303 0.66804164 -0.47141495
v 0.03010286 -1.7326622 0.89880496
v 0.66183811 -0.42270565 0.62155288
v 0.61534595 -0.61198079 -1.00882589
v 0.62860155 -0.07864283 0.71391254
v 0.1309829 0.75338965 -0.92564946
v -0.15382289 -1.71448671 0.57128936
v -0.27343675 0.38031867 0.7849459
v -0.07849411 0.05172065 -1.44187188
v 0.34003421 0.60168051 -1.08660876
v -0.34924343 -1.74309027 0.73472994
v 0.08239569 0.67649227 0.56495112
v -0.7961089 -1.39094448 0.07679913
v -0.78740143 0.26009228 0.32936963
v -0.13027176 0.68600201 -1.0477755
v 0.4098972 -0.26313337 -1.34739077
v -0.38665112 -0.81038212 -0.8914715
v 0.26393029 -0.15611936 -1.41367769
v 0.36957088 0.6766057 0.42335495
v 0.18211393 -1.57056272 0.24290917
v 0.80153513 0.15895332 -1.01833403
v 0.02341737 0.88178718 -0.04266583
v -0.31732574 -1.2291615 -0.60056018
v 0.18565864 -1.58765101 0.91519665
v 0.41652849 0.037906 -1.3526622
v -0.00820677 0.43465924 0.80001628
v -0.15331254 0.86034911 0.02928031
v -0.00623279 0.83024984 0.20953081
v 0.80095851 0.0143712 -0.16785629
v 0.86304158 -0.2807005 -0.13217002
v -0.23151038 -0.61651909 -1.24996244
v -0.10003828 0.05463365 0.92590546
v -0.6520341 -1.54650831 0.09729246
v 0.90710264 0.29499033 -0.44883632
v -0.34967431 -0.81304281 -0.64152044
v 0.14983253 0.04925596 -1.43283546
v -0.01682171 -0.83262223 -1.00074911
v 0.19174458 -0.74530977 0.9348433
v 0.67075258 0.54381203 -0.85375386
v -0.5935564 -0.33618107 0.72672277
v 0.74364078 -0.09754355 0.52968162
v -0.1898432 -0.85606324 -0.90815359
v -0.05680526 -1.74557268 0.88762587
v -0.65663445 -1.22201848 0.5656858
v 0.95946478 -0.1736072 -0.48659262
v 0.41674435 0.62035536 -1.01552915
v 0.17822095 -0.94366145 -0.67831224
v 0.69106781 0.46552628 0.3060103
v -0.21331034 -1.70396161 0.87817537
v -0.83700752 -0.50124359 0.33129516
v 0.95911955 -0.07044649 -0.2898876
v 0.65688508 0.14705106 -1.18229079
v -0.35227429 0.24732479 0.81821733
v 0.4764674 0.76717293 -0.5957179
v 0.57117921 -0.84817749 0.11637533
v 0.0217241 -0.93508189 -0.67190146
v -0.57738667 -1.63416743 0.30404922
v -0.47727254 -0.49527841 0.76864922
v 0.89585846 0.09512413 -0.86033356
v 0.92548811 0.23181907 -0.38752818
v -0.40118733 -0.22123251 0.87045139
v -0.80777299 -1.03970074 0.24583786
v 0.59810221 -0.13211344 -1.26057601
v -0.61157637 -1.54973876 0.08762435
v -0.00101727 -0.98013895 0.49085885
v 0.94959938 -0.2313756 -0.37941232
v 0.75906127 0.34579467 -0.95891392
v -0.65402841 0.41423872 0.44263041
v -0.87873524 -0.52413857 0.11996877
v 0.8004933 0.46021083 -0.07383534
v -0.56370538 0.23839612 0.6866399
v -0.4586125 -0.92170155 0.10076589
v 0.1282463 -0.22479276 -1.43518602
v 0.88166195 -0.14167265 -0.92697894
v 0.73749685 0.42491802 -0.91191411
v -0.51847481 -1.69397509 0.60476541
v -0.83467465 -0.9901666 0.10246495
v 0.36575037 0.33113971 -1.28974735
v -0.51822733 -0.86036139 -0.41302692
v 0.9361602 -0.23307952 -0.18314826
v 0.25258311 -0.93862843 -0.51870632
v 0.52650374 0.23697179 -1.24566757
v 0.9523487 -0.15869875 -0.641447
v -0.72689539 -1.53289198 0.32362291
v 0.6238138 0.69186902 -0.48535376
v -0.33863428 -0.88875615 -0.67816478
v 0.66132074 -0.62086165 0.46791848
v -0.22258599 0.14152474 0.89031928
v -0.60394924 0.67632472 0.00582099
v 0.02146817 -1.3325442 -0.32107847
v -0.60215055 0.65059155 -0.75084573
v 0.56453198 0.00468696 -0.50013285
v -0.1529807 -1.76948654 0.82882785
v 0.68067151 -1.16082906 -0.41694477
v 0.49875992 -0.02462303 0.74083399
v -0.37677997 0.69489288 -0.92208319
v 0.42371574 0.73561042 0.21860279
v 0.60783708 -0.92088741 -0.48679673
v 0.83686018 -0.04155726 0.33661913
v -0.15597924 0.85839361 -0.60312718
v -0.25214064 -0.56638586 0.84351003
v -0.54991382 -1.34194552 -0.36966511
v 0.50235492 0.03588375 -0.47243648
v 0.74809205 -0.57335788 -0.33170703
v -0.3952234 0.75826966 -0.75869417
v -0.32833907 0.14503584 -1.36944294
v 0.30264926 -0.0202881 -0.67079502
v 0.38300207 -0.23915334 0.83757317
v -0.08565247 -0.0619699 -1.44946038
v 0.22466643 0.74407786 0.39037153
v 0.79167884 -0.02313851 0.41963687
v -0.27474442 -0.77735877 0.69902336
v -0.55865722 0.37291616 -1.15395343
v -0.56525832 0.60053271 -0.91029506
v 0.13900405 0.81828963 -0.75897932
v -0.18087652 -0.12067618 -0.72172534
v 0.16259191 -1.13860654 -0.67519962
v -0.11875435 -0.15809536 -0.73086834
v 0.31938839 -1.67193532 0.84231883
v -0.12352128 -0.60586369 0.85170775
v -0.47762692 -0.26627793 0.78687435
v -0.93732285 -0.12255064 -0.07981538
v 0.62041258 -0.75804477 -0.66149449
v -0.79728019 -0.04037225 -1.0756632
v 0.5572384 0.05296082 0.60195231
v -0.43517738 -0.19818992 -1.34634196
v -0.00647498 -0.73562377 0.78461676
v 0.6479451 -1.2889297 -0.39562365
v -0.73550343 0.05518397 0.00260057
v 0.81034678 -0.15402314 0.42406913
v 0.52329957 -0.88494265 -0.05229256
v -0.00667005 -0.84965443 0.68898266
v 0.5775069 -0.2063329 -1.26654994
v 0.67421656 -0.04025645 0.59906941
v -0.56508344 -1.19242465 -0.51590186
v -0.45953416 -0.87649101 0.37863746
v -0.67794942 0.06235015 0.37612718
v 0.75980269 0.05397967 0.09834459
v 0.17405356 0.88462728 -0.18967039
v -0.19436919 -0.99243325 0.38061752
v 0.73511946 0.34176325 -0.99825191
v -0.43680504 -1.21079921 -0.57910007
v -0.18660961 0.55083555 0.68815016
v 0.18529419 -1.16638982 -0.6635307
v 0.76554334 0.5084455 -0.69971847
v -0.58638888 -0.58512693 -1.07220768
v -0.37649664 -1.17978143 -0.61580342
v -0.73985695 -0.33107563 -0.36452326
v 0.44707432 0.56371933 0.52617716
v -0.91368866 -0.22118829 -0.80523902
v 0.29877597 -1.26577961 -0.54851687
v -0.08835879 -0.67730629 -1.22523272
v 0.07782556 -0.18342156 0.94737482
v 0.68489372 -1.50230622 0.01126421
v -0.44864755 0.03161914 0.83260273
v 0.77336919 -0.02782964 0.51095914
v -0.91751915 0.24343207 -0.58685082
v -0.68580633 -0.10774153 0.65223974
v -0.00206713 -1.21456575 -0.63430428
v 0.03697956 -0.10768136 0.94795095
v -0.83233547 -0.55871248 -0.41166627
v -0.79373621 -0.1993528 -1.06927824
v 0.40186524 -1.62030279 0.80489718
v -0.00689643 0.71282577 0.51264381
v 0.28007656 -0.93451386 0.47323092
v -0.61968272 0.03489287 -0.37817683
v 0.74129259 -1.3814485 -0.17004151
v 0.85906654 0.03739519 0.28420174
v 0.71805894 -0.64280825 0.28512227
v -0.51812046 -1.35757637 -0.33574241
v 0.16450803 0.07411938 0.91562014
v 0.80111056 -0.17500183 0.46284577
v 0.36676529 -0.83683508 0.57329225
v -0.48112294 -0.83277672 -0.69393211
v 0.54281747 -1.50174558 0.69524163
v -0.23319558 0.59097093 0.6320582
v 0.90093541 -0.32974326 -0.01534937
v -0.40301635 0.81389349 -0.10433647
v 0.53832322 -0.8192197 0.37039676
v -0.30819988 -1.26749467 -0.54563921
v 0.71808505 -0.64315539 -0.7612766
v 0.61887794 -1.60509824 0.23616759
v 0.94568347 0.10160767 -0.2601577
v 0.81519061 0.47483214 -0.55909752
v -0.43859607 0.69193083 0.31509774
v 0.62340188 -0.8104636 0.03561903
v 0.10367231 -1.23550343 -0.59609627
v -0.12463069 -0.40229553 0.920587
v -0.65731328 -0.59988814 -0.96971672
v -0.84583765 0.2024929 0.21447454
v 0.12301652 -0.06119173 -0.7309913
v -0.8208667 0.26481518 0.23191306
v -0.67620497 -0.92581713 -0.41946756
v -0.3069314 -0.2883777 0.89975869
v -0.94639849 -0.05106199 -0.71967619
v -0.68323177 -0.39729836 -1.1221987
v -0.30617952 -0.06048952 0.90281307
v -0.78150445 0.47160092 -0.00317676
v -0.37472841 -0.63385945 -0.6466676
v -0.87551915 0.17473444 -0.8649795
v 0.29963865 -0.53177791 -1.28855288
v -0.53165119 -0.77377808 -0.80802464
v 0.20027911 -0.21159537 -1.4235506
v -0.77897834 -0.55713111 0.23698484
v 0.28647843 -0.06654801 0.85425448
v 0.25395169 -0.41696503 0.89293122
v 0.72862321 -0.92036736 0.48887318
v -0.64143049 0.07090851 0.14617691
v 0.72405701 0.04537012 0.39845737
v 0.28628987 -0.36270433 -1.36963915
v 0.667544 -0.36258736 -0.44656872
v 0.73585832 0.00993355 -0.30675023
v -0.22598616 0.03824954 -0.60392046
v 0.37251514 -0.31837803 0.87287759
v 0.8056367 -0.50741624 0.40796375
v 0.13207612 -0.09500534 -1.44421327
v 0.21912983 0.08771418 0.6279965
v 0.76387149 -0.03133323 -0.31915861
v 0.54595041 -0.57480174 0.66953992
v 0.41681769 -0.62463307 -0.62637597
v 0.44895237 -0.16008207 -1.34338688
v -0.02667605 -0.88193213 -0.8751887
v 0.48671582 0.06276925 -0.25116771
v 0.75324261 -0.39447411 0.48690909
v 0.29155132 -0.04530825 -0.68584972
v 0.20925468 0.0588853 -0.46679601
v 0.615197 0.01930684 0.61385011
v -0.18736222 -0.88240629 -0.82914298
v 0.55502551 -1.20089352 -0.520397
v -0.83333724 -0.01815061 -0.16954036
v 0.15664483 -1.02168786 0.1813953
v 0.11254577 0.88981968 -0.44689559
v -0.82361483 0.00318602 0.30919247
v -0.71159249 -0.04552782 0.61288237
v -0.37805503 -1.70903182 0.77674591
v -0.26550883 -0.279446 -1.39640545
v -0.74311542 -1.44813954 0.3508239
v 0.32644131 -0.87246751 0.88916188
v -0.19129587 -0.78365945 0.93591952
v -0.35998421 -0.04276887 0.82001316
v -0.88584053 -0.17637911 0.2141937
v 0.88762986 -0.06273458 0.15866568
v 0.84780949 -0.51390594 0.29478371
v 0.17876356 -1.77189672 0.75859427
v -0.47117376 0.33021339 -1.23755919
v -0.67421692 -0.04025553 0.59906846
v -0.19397269 -1.63452625 0.90518319
v -0.66320705 -0.61860674 0.46679934
v 0.78358566 -0.91992366 -0.24620179
v -0.36240595 0.45566168 -1.2150309
v -0.00176363 -1.7728641 0.73241984
v 0.22105149 0.79198741 -0.79935479
v -0.76628541 -1.27883791 -0.23405505
v 0.30452793 0.82908034 -0.60446792
v 0.83424198 -0.97626709 -0.03028465
v 0.29976376 0.596004 0.59487754
v 0.21402713 -0.78137683 0.71846306
v -0.86688667 -0.15010516 0.2816571
v -0.53648412 -1.67866206 0.61674732
v -0.43230155 -0.68924963 0.68354266
v 0.85207825 -0.80493009 0.03588985
v -0.70716017 -0.91268503 -0.38089498
v -0.34196543 -0.67443525 0.74960458
v -0.00013876 0.34496814 -1.36331725
v 0.10106632 -0.06550169 0.89157468
v -0.73820835 -1.38097393 -0.17657464
v 0.58996212 -1.64093661 0.57607483
v -0.68400853 -1.54853713 0.45598042
v 0.05808229 -1.77723479 0.83912116
v -0.66259902 -1.33485972 -0.33097243
v 0.73260897 -0.59882241 -0.83000546
v 0.80830746 -1.2841264 0.14638678
v -0.61340844 -1.57618355 0.58512359
v -0.58274519 0.20324087 -1.22047245
v 0.40795636 0.81680572 -0.15131595
v -0.49738231 -0.65046751 0.66060221
v 0.27616038 -0.96394968 0.39716944
v -0.46713909 -0.78224909 0.55252653
v 0.26972559 -0.88005864 -0.78268009
v -0.67631793 -0.26659688 0.65394556
v 0.3328928 0.84957182 -0.36319619
v 0.24388104 -1.71559834 0.85904032
v -0.67690825 0.09285973 0.62454378
v -0.79167932 -0.02313931 0.41963794
v -0.08707113 -0.98142397 0.4760468
v 0.7745763 0.04965967 -1.09038496
v -0.26455333 0.67676156 0.49951332
v 0.73406738 -0.67107641 0.13042686
v 0.91388827 0.11970371 -0.78643542
v -0.65350115 -0.78720313 -0.12012594
v -0.58955556 -0.47057405 0.68367487
v 0.03307303 0.75899416 0.41729113
v -0.18529419 -1.16639065 -0.66353011
v 0.88176709 -0.17600539 0.22988078
v -0.80660659 0.32125335 -0.89652586
v -0.76328623 0.55817616 -0.43049091
v 0.3813807 0.36319789 0.74877709
v -0.1702124 -0.42882472 -1.37588071
v 0.61891293 -1.08737349 -0.48411339
v -0.36066138 -0.11816108 0.83726996
v 0.86686748 -0.03314378 -0.08313953
v -0.7412281 0.57458883 -0.55670189
v 0.75284129 -1.32751226 -0.22062762
v -0.86653357 -0.06866041 -0.12338902
v -0.17528855 -0.08222338 0.88562041
v 0.77996301 -1.29259598 -0.18725903
v 0.38120085 -0.6935001 0.71414661
v -0.17670333 0.08152274 -1.42384183
v -0.83976364 -0.854577 -0.05495877
v 0.39619976 0.06436886 0.8526799
v -0.3801026 0.82644861 -0.46344825
v -0.32358646 -0.06773656 -1.39696109
v 0.6491757 -1.50193083 -0.01324212
v 0.90110659 -0.14906941 0.1503584
v 0.66195029 -1.33510863 -0.33122319
v -0.57457858 -0.24029339 -1.26316952
v 0.88603603 -0.27981978 -0.03159957
v -0.37718191 0.66205412 -0.97980833
v -0.89071691 -0.06636346 0.00322128
v 0.2420461 0.33144506 -1.33384406
v -0.55188179 0.7054001 0.05280365
v -0.87181973 -0.27997449 -0.10188622
v -0.80852377 -0.9188146 -0.17660063
v -0.43603831 0.80980199 -0.36166432
v 0.29620736 -0.31931832 -0.68104416
v 0.54153299 0.05733691 -1.28435015
v 0.72784131 -1.41891443 0.40333548
v 0.49719369 0.50174731 -1.09634602
v 0.65022707 -0.29990065 -1.1933608
v 0.47667202 0.07655308 -1.31825566
v 0.18525508 0.02522552 -0.65185308
v 0.77094966 -1.05955886 0.36423605
v 0.20992565 0.67807585 -1.03829872
v -0.29369473 -1.75548446 0.72236406
v 0.60657948 0.08053249 -1.23858857
v -0.13510471 0.39805144 -1.32419467
v 0.61638325 0.67536091 -0.04696699
v -0.94674611 -0.18292743 -0.66933012
v -0.40215376 -0.70001864 -1.08450305
v 0.26317086 -0.00063241 0.83173114
v 0.37909954 -0.61963695 -1.18789947
v -0.75650739 -0.89481025 0.43733865
v -0.47749227 0.38353166 0.67364621
v 0.06633053 0.04473909 0.81536871
v 0.62078297 0.63716816 0.10131076
v -0.72207373 0.52463096 0.10313257
v 0.03437512 -1.69765687 0.91537058
v 0.42484498 0.2129812 0.79666835
v 0.49999287 0.65894132 0.30303424
v -0.58084183 0.44193387 0.52011936
v 0.08713487 -0.834414 -0.98866766
v 0.50406831 0.08680651 0.78864342
v -0.10278561 -0.33200818 -1.417068
v 0.57472109 -0.55983835 -1.10911512
v 0.79080921 0.28038781 0.30105349
v -0.74477493 0.15743818 0.49376156
v -0.45133912 -1.53060638 0.05559637
v -0.16942359 -0.612302 -1.26997947
v -0.20174956 0.07516542 0.71667438
v 0.78869652 0.37742734 0.18159413
v 0.41419333 0.39142683 0.71182441
v -0.64903318 -1.61851549 0.32434785
v -0.51429569 -1.62638366 0.69953459
v 0.33160972 0.07654722 0.6645267
v 0.20510914 -0.60069966 -1.2702142
v 0.56986576 0.35801062 0.60688108
v -0.63946354 0.58541381 0.19647386
v -0.59961009 -1.65741431 0.42441496
v -0.585882 0.04348711 -0.36946213
v -0.62477552 -0.78935945 0.19322605
v -0.75853234 0.29899001 -0.99891591
v -0.80620884 -0.26623192 0.43137008
v -0.59283739 -0.16688035 0.74937409
v -0.48959425 -0.81469017 0.46954947
v 0.84965449 -0.52786707 -0.40109756
v 0.19343671 -0.2356105 0.90148097
v -0.75901997 -0.57089084 -0.82028085
v -0.81253647 -0.57676208 -0.06379854
v -0.74529838 -0.21728608 0.56357872
v 0.08620304 -1.71590018 0.90228641
v -0.09738277 -1.02641558 0.26496064
v -0.46647784 -0.61126679 0.80593562
v 0.31997609 -0.15846851 -1.39580392
v -0.74738621 -0.45695093 0.45551705
v 0.40855714 -1.7252742 0.70731771
v -0.24581262 -1.73347294 0.84389036
v 0.052902 -1.77004742 0.85858655
v -0.10659533 -1.00077533 -0.1602624
v -0.51628595 -1.16044986 0.74632096
v 0.20140759 -0.82892298 0.67614793
v 0.21887862 -1.37431788 -0.24806992
v 0.03687533 -0.48472851 0.905272
v -0.42679414 -0.55566334 -1.21554899
v -0.80617851 -1.28628623 -0.08383554
v -0.30621334 -0.86980533 0.898229
v -0.56974309 -0.22502829 -0.53556358
v 0.31073102 -0.98292446 0.17908959
v -0.3238914 -1.39648103 -0.20502717
v -0.8433687 0.4299677 -0.31622928
v -0.79235458 -1.28156662 -0.15516988
v 0.34484517 -0.23113821 0.89206159
v -0.80564755 0.497745 -0.3689222
v -0.00613434 -1.44219291 -0.10524926
v 0.80110824 0.49678483 -0.2823019
v -0.24486099 -0.87274897 0.60623204
v -0.38716021 -1.33821404 0.83945584
v -0.70873844 -1.18776738 -0.37583845
v -0.65563434 0.05226872 0.48393437
v 0.95300912 -0.04513793 -0.67807334
v -0.95336633 -0.01523178 -0.22144515
v 0.61812245 0.58459508 -0.8656947
v 0.75690454 0.56029272 -0.29456535
v -0.56838387 -1.25606596 -0.48209771
v 0.67761218 0.56942188 -0.79079556
v -0.43472364 -0.21866098 0.80987566
v -0.95344239 0.10618754 -0.42392262
v -0.25506284 0.01837954 0.81865549
v -0.86521184 0.39434668 -0.48302927
v -0.21556195 -1.00394213 0.28532689
v -0.04431847 -0.62044841 0.85115814
v 0.53951156 -1.66358661 0.63635516
v -0.69868034 -1.26805329 -0.35747331
v -0.2414295 -1.31647837 0.91608512
v 0.88660681 0.26472738 -0.7343111
v 0.54238712 -0.84914016 -0.39155313
v -0.65845871 -0.13516937 -1.21523356
v -0.16567704 0.74811375 -0.9269613
v 0.03477811 0.0940728 0.92256468
v -0.59587359 0.51381462 -0.99579232
v -0.35114786 0.0076684 -1.38314402
v 0.73876851 -0.06401661 -0.36923715
v 0.63984382 -0.91595906 -0.45756053
v -0.43254515 0.16206006 0.80972415
v -0.47293531 -0.8446244 -0.57978588
v -0.52120763 0.00269512 -1.30411326
v 0.52182382 0.66667884 -0.83895993
v -0.25232264 -0.74086564 -1.10654711
v 0.34811544 0.24312891 0.82130146
v 0.81011611 -0.53086102 -0.74291002
v 0.0347376 0.11276727 -1.43565821
v 0.32032334 -0.01029035 0.89321559
v 0.43708446 -0.56357073 0.7632538
v -0.60187494 0.03715921 -1.24919307
v 0.71709662 -0.10607378 -0.40254783
v 0.17439027 0.88888889 -0.2761003
v 0.0907588 -1.08309948 -0.69098579
v 0.87019521 -0.00932684 0.0134084
v -0.30644959 -0.93720489 -0.44090333
v 0.3646906 -1.09667325 -0.63401001
v 0.3864333 -0.11027661 0.876899
v -0.51318651 -0.13361991 -1.31230938
v -0.89706671 -0.42400196 -0.46369487
v 0.41563564 -0.84093791 -0.76635474
v -0.4099625 0.22154019 -1.31443119
v 0.46931889 -1.34798061 -0.35776343
v -0.57773262 -0.68600565 -0.94165349
v 0.26716521 -1.22405052 -0.61306083
v -0.64240574 0.16479128 -1.18886685
v 0.83885419 0.00613807 -0.08362303
v 0.15962103 0.19629563 0.88794624
v -0.25124457 0.01288926 0.9094609
v 0.57325744 0.55930864 -0.96244323
v 0.04118632 0.6901409 -1.05275762
v 0.80791395 -1.30725705 -0.03950035
v -0.6944037 -0.08004751 -0.42579215
v 0.50222653 -0.04581394 -0.57879215
v 0.54263788 0.53088194 -1.0287522
v 0.79108011 -1.24943304 -0.18004071
v -0.03977163 0.77927529 -0.88250839
v -0.60604155 0.70469993 -0.48689702
v -0.00855461 -0.67541635 -1.23276925
v -0.78611761 -0.50379777 0.44890633
v 0.77388286 -1.44025909 0.22174854
v -0.78273165 -0.06379106 0.46071189
v -0.16160887 0.78660857 -0.83993911
v 0.30801311 0.78125953 0.22025156
v -0.00178163 0.4596036 -1.29692637
v -0.34216302 0.00527131 -0.63167524
v 0.16949449 0.59305113 0.65030777
v -0.11259669 0.79301595 0.31377482
v 0.60892158 0.58833563 0.26038092
v -0.48548108 -0.01691941 -0.57567381
v 0.82676547 -0.15970176 -1.02796673
v -0.33930712 0.57143265 -1.12185394
v 0.80427908 -0.92778444 -0.18907399
v -0.52149754 0.65593344 -0.86065346
v 0.20357982 0.67378193 0.53454822
v 0.83190661 -0.38139271 -0.90792596
v -0.02135967 0.02113601 -0.68234556
v -0.38534891 -0.93891519 0.30648744
v 0.69855248 0.16436477 -1.13894522
v -0.10870854 0.89113622 -0.16436837
v 0.65516752 -0.7403332 0.2548286
v -0.286547 -0.07466505 -0.69190102
v -0.52543973 -1.1689316 -0.54763519
v 0.10554658 -1.60151219 0.32803386
v -0.00216274 0.85902255 -0.64355218
v 0.66104531 0.0394734 -1.20409917
v 0.45982551 0.79838985 -0.35655763
v -0.74058085 -1.49574959 0.32238829
v -0.87095886 -0.51075345 0.19703656
v 0.17797309 -0.85620391 -0.91349577
v 0.48191013 -0.92363423 -0.57409352
v -0.6602872 -1.61779153 0.37402066
v -0.157269 -1.018718 0.08705618
v 0.49179983 -0.81209731 -0.75260812
v -0.6260491 -1.50538635 0.58483558
v 0.52209907 0.75302046 -0.53938502
v -0.8313052 -0.27456176 -0.21717152
v 0.72325015 -0.45236513 -1.03817641
v 0.83718198 -0.10589605 -0.21325023
v -0.43290925 0.81136715 -0.25162926
v -0.00230913 -0.92403966 0.59616798
v 0.18250295 -0.72430771 -1.15188062
v -0.81088137 0.23748321 -0.95969915
v 0.86761915 -0.50933331 0.21667297
v 0.74387353 -0.34928104 -1.07889843
v -0.69193542 -0.71470314 0.18343278
v -0.38928285 -0.8362711 -0.81423223
v -0.62937086 -0.52903628 0.60354894
v -0.1370642 -1.27703106 0.94739961
v -0.33571061 0.81192964 0.06206784
v -0.78841644 -0.57403457 -0.71226865
v -0.48043966 -0.8562352 -0.5827533
v 0.04176923 -0.94765031 0.9627754
v -0.38814526 -0.76039564 0.65064108
v -0.40093222 0.78825801 0.05863479
v -0.65223974 -0.68731004 -0.81186455
v -0.26763784 -1.68715286 0.86274594
v 0.20764437 0.00936815 -1.42553758
v -0.89571964 -0.08293387 0.10132235
v 0.03460672 0.89494186 -0.44723317
v -0.44087255 -0.51476466 -0.61437076
v -0.25115203 -0.04712275 0.91633528
v -0.76213622 -0.13321574 -0.34509605
v 0.77725547 -0.08055835 -0.3189738
v -0.82689952 -0.93083655 -0.1027173
v -0.17062297 -0.0422373 -0.71912336
v 0.69715917 0.62637281 -0.28109183
v 0.63701146 -0.04660178 -0.47590294
v -0.4960342 -0.8944084 0.78088188
v -0.49285632 -0.33625507 0.80542296
v 0.79209733 0.04189046 0.21594764
v -0.79706263 0.08529183 -1.05215466
v 0.21203771 -0.90241068 -0.67441439
v 0.89642125 -0.08305738 0.05477891
v -0.63554734 0.32536691 0.55283176
v 0.45805814 -0.39491683 0.81378722
v -0.49069681 0.08201003 0.45307159
v 0.86985582 -0.1355233 0.27204179
v 0.39351674 -0.92407447 0.35238191
v 0.8246352 0.02948982 0.01329863
v -0.88206768 -0.07669539 -0.93338292
v -0.38992381 0.33412531 -1.27783656
v 0.8980841 -0.1424085 0.10708358
v 0.71134299 0.02243417 0.48997193
v 0.88166761 -0.36599582 -0.77980274
v 0.37706619 -0.76308476 0.65563333
v -0.10614594 0.18976728 -1.41198933
v 0.7791267 0.01016129 0.39973089
v 0.35989198 -0.78889942 -0.96419978
v -0.24239811 0.4711543 -1.25080573
v 0.45184958 -0.82637566 0.50030326
v 0.84074509 -0.0632957 -0.19369779
v 0.76497888 -0.15623168 0.50325352
v 0.72689503 -1.53289294 0.3236238
v -0.16932331 0.45657295 -1.28013634
v -0.67582738 -0.12628242 -0.44770237
v -0.47562766 0.60233485 0.44153997
v -0.32321625 -0.31681466 -1.36931848
v -0.00562585 -0.79997873 -1.06392169
v -0.85409903 0.23071187 -0.87452173
v -0.60570919 0.69340902 -0.10518132
v -0.63751125 0.00636529 -0.43447616
v -0.84839612 0.32824966 -0.78035312
v -0.66857695 0.59055447 0.09951719
v -0.78315341 0.50258266 -0.64422178
v -0.56714308 0.01635184 -0.47834149
v 0.27248361 0.08411376 -1.39993357
v -0.8117026 0.44129052 -0.69948446
v -0.0504999 -0.96010863 -0.52364897
v 0.53677207 0.72991019 -0.62676209
v 0.09102387 0.79166448 0.32336917
v -0.69130337 0.27917876 -1.09333741
v 0.11703271 0.89658165 -0.27875092
v 0.76053971 -1.27187204 -0.25081223
v -0.3042958 0.81783294 -0.65369129
v -0.42923128 -0.41264769 -1.29429006
v 0.2538625 0.8689329 -0.41540458
v 0.1535038 -0.95128947 -0.53063464
v -0.90687131 -0.37828764 -0.60511487
v -0.22634674 0.86817687 -0.10572341
v 0.02313037 0.83759325 -0.71954464
v -0.43330293 0.66154742 -0.93862462
v -0.30384108 -0.87369799 -0.77627843
v 0.69867616 -1.26805567 -0.35747739
v -0.54640311 0.55715298 -0.99287462
v 0.13661308 0.86578577 0.0104377
v -0.6086775 0.40540906 -1.08881914
v -0.80010217 -1.21641707 -0.16325354
v -0.12434393 -0.11199293 0.94227194
v 0.67085427 -0.07943808 -0.45026657
v -0.04064182 0.2276078 0.88946801
v -0.61959004 -0.78391289 -0.52748209
v 0.36205977 -0.04400708 -0.6558175
v 0.65425449 0.06641068 0.38679805
v 0.12324205 -0.37627899 0.925287
v -0.83134561 -0.49210599 0.12112376
v -0.72693413 -0.70284581 -0.35496443
v -0.77532601 -0.92839694 -0.26423275
v -0.91915899 -0.36140492 -0.41545712
v -0.74507844 -0.50077498 -0.95658457
v -0.19576834 -0.24405765 0.93080616
v 0.84866833 -0.00087495 0.2326381
v 0.03407912 0.0190357 0.9359886
v 0.43062245 -0.00980321 -0.60346585
v -0.84070348 -0.53607541 -0.52330839
v 0.11854807 -0.71349573 -0.72222083
v -0.02360858 -0.06733603 0.89779955
v 0.56946688 0.41728121 0.55833542
v 0.55310535 -1.67981481 0.47370088
v -0.22710071 -0.12982693 -1.42473399
v -0.79872274 -0.09201281 -1.07509493
v 0.09111828 -1.14198482 0.95829552
v 0.43394339 -0.64261674 0.71813446
v -0.30867263 -1.07670295 -0.65236777
v -0.00894921 -0.02582103 -0.73080521
v 0.55795764 -1.09963679 0.7088558
v 0.18409425 -1.77186811 0.79376739
v 0.36771953 -0.89365619 0.86812233
v 0.85579776 -0.35372549 0.22461298
v -0.07055163 0.632182 0.62654799
v -0.55298107 -0.67150729 -0.996432
v 0.73400378 -0.49745619 0.44896939
v -0.21187119 -0.90228456 -0.6744582
v -0.09487106 -1.08243548 -0.69059228
v 0.81645339 -0.44232696 0.27778831
v -0.1619583 -1.53866612 0.17184904
v 0.08371828 0.42447423 0.80119186
v 0.23591834 -0.99629938 -0.01783592
v -0.17834633 -0.23393529 -1.42579615
v -0.35045966 -0.91055816 0.457163
v -0.91904324 0.25747466 -0.49161762
v -0.37293636 0.05378339 -0.44149372
v -0.09537332 0.33256912 -1.36340105
v 0.87157666 -0.0401021 -0.95441532
v 0.17522993 0.87121331 -0.52072173
v -0.43398037 -0.92824322 -0.09601068
v 0.21236757 0.87083417 -0.10465707
v 0.08383534 0.22416514 -1.40518975
v 0.17211645 -1.01066112 0.30781629
v -0.5251711 -0.10730099 -0.57122588
v 0.36394849 0.82336413 -0.53151512
v -0.23216426 0.87834042 -0.27634567
v -0.12470968 -0.93665838 -0.63424176
v -0.65838837 0.51188057 -0.92207688
v -0.17040859 0.00705148 -1.43386352
v -0.30265831 -0.02028771 -0.67078894
v 0.10867873 0.87978285 -0.52294629
v -0.25163886 -0.9398095 -0.51090651
v -0.70522087 0.48565504 -0.88671815
v 0.01825148 0.86614227 0.05211614
v 0.78494662 -0.56496679 -0.27186566
v 0.54933595 -0.13244286 0.73221683
v 0.54939109 -0.27533605 0.77629119
v -0.37290188 -0.86408752 0.52577388
v -0.07997211 -1.68205499 0.91642612
v 0.59960818 -1.6574155 0.42441541
v 0.36620172 -0.5439856 0.81097704
v 0.28935343 -1.31453049 0.89573681
v 0.42941984 -1.64051103 0.77681869
v 0.89256066 0.25761792 -0.09443938
v 0.69515603 -0.59023404 -0.92242991
v -0.07715581 -0.21552218 0.91803675
v 0.51361203 -1.65222215 0.68416261
v -0.6600672 -0.73548448 0.25232917
v 0.87541568 0.34843266 -0.22935247
v -0.35885584 0.01912954 0.78343141
v 0.78145629 0.39359983 -0.86625194
v 0.64903223 -1.61851608 0.32434767
v 0.44800394 -1.68073952 0.73643577
v 0.96060216 0.04122975 -0.53037226
v -0.49876362 -0.02462464 0.74083215
v -0.94782137 -0.18878746 -0.24480041
v -0.0589341 -0.01028128 0.87207806
v 0.54645752 -0.07944919 0.72674834
v -0.0588313 0.03754169 0.82693773
v 0.61536717 -1.324 -0.37808552
v -0.59586811 -0.10523119 0.69239234
v 0.59692847 -1.66249978 0.47309252
v -0.28652226 -0.0652265 0.85386771
v 0.73875141 -1.43069648 -0.08402368
v 0.61797922 -1.64626073 0.48845103
v 0.81583529 0.29879665 0.20697112
v 0.54379248 -0.729047 -0.90066224
v -0.92994165 0.16502562 -0.65837186
v 0.91999214 -0.3087612 -0.67899996
v -0.43450719 -0.04642288 0.85125875
v -0.88007581 -0.0468798 0.18323735
v -0.6494224 -0.0800955 0.63918542
v -0.07929916 -0.87646651 -0.69430029
v 0.61058229 0.38624411 -1.1010704
v 0.8376469 0.14132104 0.29145968
v 0.66088849 -0.01202055 -1.21080887
v -0.50873369 -0.14943508 0.81369048
v -0.9253292 0.04369977 -0.78735345
v -0.49187278 -1.54675662 0.74328446
v -0.08997515 0.42089971 0.8023976
v 0.65849709 -0.13014283 -1.21550834
v -0.57488453 0.15852874 0.71080523
v 0.8531031 -0.51588779 -0.2548857
v -0.85649228 0.01064201 0.08661802
v 0.73299419 -0.13017892 -1.14981043
v -0.5197317 0.04134199 0.78756296
v -0.20124158 0.27633494 0.85376548
v 0.72330731 0.5215252 0.10653661
v 0.1011523 -0.76956456 -1.10710728
v 0.33404043 -0.91839158 -0.52624237
v -0.15390466 0.41985523 0.79371637
v -0.50644481 0.32684022 0.68773579
v 0.47852969 -0.65013182 -1.0932064
v -0.92077368 -0.08372189 0.04972295
v 0.48874181 -0.21897858 0.82366496
v 0.25575253 -0.96979236 -0.2487493
v -0.27770048 0.09293247 0.41931358
v 0.79092353 -0.22687189 -1.06627178
v -0.88648003 -0.01704607 0.21024373
v 0.3015367 0.39886722 -1.27946317
v 0.261904 0.52432161 -1.20093989
v 0.47150275 -0.46446961 -1.24836909
v -0.55079031 -1.68212711 0.48719599
v 0.36106485 -0.42693537 -1.31849336
v -0.8487454 -0.00860264 -0.09846533
v -0.61535966 -1.32399523 -0.37809741
v -0.07928944 0.04493943 -0.60676085
v 0.73992985 0.08994635 0.53355383
v -0.32136794 -1.72677016 0.80439376
v -0.78957974 -1.39382886 0.00724066
v 0.09414327 -1.68232238 0.9142754
v -0.37569132 0.17637074 0.83250296
v -0.17670621 -0.75499916 -1.11122751
v 0.7921462 -0.00929905 -0.2457948
v -0.19206517 -1.67233037 0.89695459
v 0.21561576 -1.70477426 0.87686139
v -0.85377371 -0.11876386 -0.98741716
v -0.40885779 -0.55747956 0.78348279
v -0.08677887 -1.52073097 0.14009915
v -0.44565364 -0.46607494 -1.2611972
v -0.33771255 -1.66879618 0.83320754
v 0.2447668 -0.88419556 0.58990973
v 0.26889088 -0.23733888 0.88196587
v -0.29666531 0.86088925 -0.36168524
v -0.56512445 0.05975114 -0.23466323
v 0.14852137 -1.02602219 0.94921523
v 0.40617054 -0.32471489 -0.63286334
v 0.63676077 0.68095111 -0.25314497
v 0.84004324 -0.47789567 -0.74581444
v 0.60824197 -0.58536595 0.59001225
v 0.20204804 -1.09027826 0.93588256
v 0.60259574 -0.80647283 -0.43133401
v 0.9347974 -0.27791175 -0.6181845
v 0.68814265 -0.53580367 0.50731045
v -0.40294137 -1.56659722 0.81424945
v -0.34808242 -0.66098463 -1.16168785
v -0.65244877 -1.25969493 -0.41429314
v -0.21629138 0.86426991 -0.52233481
v 0.55945193 -0.84144032 0.23251046
v 0.58326238 0.08816903 0.72643083
v 0.12871968 -0.69279182 0.80349034
v -0.63379991 -0.04156586 -0.47650003
v -0.55140745 -0.86745876 -0.05252461
v 0.46345531 -1.25851178 -0.53205037
v 0.74751007 -0.6492998 -0.62774199
v 0.3713057 -1.17334735 -0.61943668
v -0.83686113 -0.0415562 0.33661606
v 0.71145874 0.1515468 0.55230146
v -0.00650315 -1.57737743 0.94075
v 0.49565935 -1.24061107 -0.53426808
v 0.91855597 -0.18991848 0.02636993
v 0.67355161 0.64690387 -0.52185094
v -0.9639585 -0.06283913 -0.56268322
v -0.08365719 0.05470791 0.79540967
v -0.76815497 0.00102086 0.4348241
v 0.77716863 -0.21488519 0.50759488
v 0.72772508 0.56772589 -0.65752661
v 0.0611171 0.02265927 -0.67658305
v 0.12792965 -0.57180637 -1.30737757
v 0.75157469 0.55662173 -0.59146583
v -0.70048803 -1.56785929 0.37540429
v -0.11916631 -0.72882568 -0.71972888
v -0.46392491 -1.25735724 -0.53301692
v 0.11984511 -1.56146955 0.93222391
v -0.32954612 -1.25013041 -0.57434213
v 0.09512518 -1.76016712 0.69293487
v -0.40299019 -0.45390361 0.82771682
v -0.70099967 0.00643266 0.53001058
v 0.57744157 -0.32752227 0.74403005
v 0.81085467 0.23224887 -0.9631946
v 0.33473834 0.63557767 -1.04466164
v 0.6912781 0.27917578 -1.09333932
v -0.04420383 -0.51988816 -1.34849762
v 0.37143763 -0.95670312 -0.02987248
v 0.90208715 0.01723563 -0.87110418
v -0.40393528 0.61959725 0.48773723
v 0.05665488 0.31150344 0.85871881
v -0.06789568 -0.8194397 0.71451205
v -0.7778728 -1.44714593 0.13268041
v 0.7895599 -0.5575968 0.19094425
v 0.92775011 0.20799934 -0.58390307
v -0.66231608 -0.02866902 -1.21126818
v 0.34581577 0.14753872 -1.36255002
v -0.88276749 -0.03147201 0.01798218
v 0.32692074 0.03192734 0.78050822
v 0.43279978 0.00716028 -0.5826959
v -0.44777137 0.06269895 0.65612757
v -0.91596275 0.11581692 -0.78126299
v -0.73448085 -1.48608887 0.0385232
v 0.47923758 0.02053594 0.71943277
v 0.59011822 -1.06151998 0.67601293
v 0.09989326 -0.10428015 0.90107137
v -0.53955078 -1.66355645 0.63633149
v -0.68596899 -0.44920474 -1.08745491
v -0.10099337 -0.39362791 -1.39889466
v -0.00249494 0.49420705 0.76012748
v 0.22468827 -0.71563965 0.76659756
v 0.46474877 0.69286513 -0.84875071
v 0.70610338 0.05162635 -0.13538031
v -0.73872244 -1.43074953 -0.08395706
v -0.83036691 0.0171767 0.23471541
v 0.66296351 -0.70387744 -0.73821693
v -0.71684175 -1.305449 -0.30254378
v -0.08993738 0.55733966 -1.21062755
v -0.79341095 -0.54455369 -0.25839579
v 0.16953297 0.45696085 -1.27979648
v 0.84340703 -0.07897113 0.3405984
v -0.70033264 -1.36051261 -0.25798356
v 0.04746472 0.77773946 -0.88515043
v -0.6605041 -0.17700029 0.63645213
v -0.08991076 0.63461273 -1.12611389
v -0.73264491 -1.25555336 -0.31426706
v 0.8707993 -0.04187093 0.22543337
v -0.10419791 0.1188628 0.91330325
v -0.55576497 -1.02673971 0.71808171
v -0.3281162 -0.35723537 0.883304
v 0.0102137 -1.77352583 0.85603344
v 0.25155425 -0.33515003 0.90992885
v -0.84866762 -0.00087407 0.23263795
v -0.32588163 -0.43617993 0.8657124
v 0.41409808 -0.94272536 0.04111043
v 0.16582462 -0.52434092 0.87934124
v -0.92834496 -0.09310287 -0.80037087
v -0.81697636 -1.25655508 0.07585378
v 0.50941956 -0.88341188 -0.22450856
v -0.20230108 -0.71482354 0.77391272
v 0.26087939 0.56041091 -1.16675138
v -0.90940189 -0.21691046 0.07193179
v -0.70223653 -0.80983239 0.55294823
v -0.96294158 -0.13597649 -0.45062112
v -0.7949559 -1.37419605 0.1655647
v 0.50106924 -0.78350341 -0.8267191
v -0.760333 -0.03244701 0.48057228
v 0.39268791 0.67666608 -0.94380223
v 0.72575324 -0.71019166 -0.11596623
v -0.96407944 0.0092418 -0.49600434
v 0.19877971 0.72580397 -0.96012842
v -0.77173173 -1.43362212 0.01367846
v -0.1025034 -0.54124248 0.88085031
v 0.5217058 -0.83467239 -0.58947986
v -0.75847911 -1.18228685 0.37010902
v -0.77407497 -1.43970513 0.22143542
v -0.76526618 -0.15574881 0.50281757
v -0.1115882 -0.90970474 -0.76356619
v 0.03038987 0.8847807 -0.52403622
v -0.40464532 -1.68446815 0.77535551
v 0.53974264 -0.09617126 0.79166585
v -0.84869706 -0.48859357 -0.67848539
v -0.58766347 -1.65228152 0.37434592
v 0.67595285 -0.25830152 0.65593755
v 0.70362353 0.29048833 0.47563904
v -0.58995878 -1.64094054 0.57607531
v 0.62839508 0.18990285 0.64447295
v 0.55295908 0.0460097 0.76204949
v -0.30152699 0.55848574 0.6360991
v 0.242999 -1.57041764 0.89844769
v -0.30694392 -0.15826314 0.86262142
v 0.22794829 -1.66866278 0.88635724
v 0.66317915 -0.17643916 0.63368934
v -0.88044035 -0.36516562 -0.78579378
v 0.18896876 -0.0498518 0.92855769
v 0.76560646 -1.36171841 0.31255698
v -0.42694753 -1.21032559 0.81902372
v -0.21460503 -0.94243115 0.50516903
v 0.06135665 -0.0954963 -1.45130109
v -0.1759175 -1.03749215 0.94297063
v 0.35356947 0.50708842 0.65727835
v 0.67314982 -1.59091854 0.43749904
v -0.29135662 -0.98545348 0.02500923
v -0.73585987 0.00993341 -0.30674776
v 0.19235464 0.30382448 0.84451252
v -0.06261403 0.58067446 0.68319499
v 0.39368292 0.2210613 -1.32260811
v 0.22919768 0.84948253 0.01571435
v -0.50775861 -1.66915142 0.39669981
v -0.54302924 -0.57860267 0.67000573
v -0.59110701 -0.63007217 0.57191324
v 0.83382165 -0.01840835 -0.16878356
v 0.30867645 -1.07669866 -0.65236729
v 0.55377775 -0.43980607 -1.20942628
v -0.06156146 -0.58456611 -1.30666601
v -0.29622921 -0.56213522 -1.27001118
v -0.12121229 -0.92080491 0.58530366
v -0.26438376 -0.17834928 -1.4114387
v 0.55984216 -0.51622861 0.69088661
v 0.44036701 -1.31239187 0.80248922
v 0.03229551 -1.02211105 -0.00975214
v 0.86191451 -0.22008812 -0.94822162
v 0.67395025 -0.65261262 0.39505884
v -0.34015297 0.07541417 -0.01336218
v -0.89563638 -0.38405758 -0.67853337
v 0.96540379 -0.02111681 -0.46143016
v -0.30240038 -1.0784415 0.89832061
v 0.05357964 -0.04622962 -0.73623347
v 0.73447895 -1.4860866 0.03851409
v 0.73777365 -0.33891284 -0.36656504
v -0.77252757 -0.00480559 0.50666713
v -0.79214608 -0.00929914 -0.24579539
v -0.71939307 -0.39893671 -1.08134532
v -0.48030617 0.02004367 0.71923154
v -0.64820104 0.1379303 0.64350903
v 0.28305661 -0.67436498 -1.17721462
v 0.66757142 0.28857922 0.53623664
v 0.26152864 0.44922635 0.74656325
v 0.90927076 -0.38791728 -0.36766624
v -0.7854169 -0.47601342 0.33992439
v 0.29254514 -0.63035011 -1.21666407
v 0.90551257 0.27806985 -0.59444004
v -0.57644522 -0.78420323 -0.67696982
v -0.25815892 0.14390185 -1.39245188
v -0.57305109 -0.0019293 0.75592672
v -0.69857829 0.16436681 -1.13893938
v 0.88726788 0.17903268 -0.82914775
v -0.01390088 -0.92012113 -0.69348859
v -0.60494029 0.62955755 0.16923539
v -0.23116016 -0.67594361 -1.19425606
v -0.08739909 -1.12624454 -0.68621301
v 0.85850113 0.16900555 -0.91008317
v 0.14059759 0.74124229 0.43635058
v 0.93877232 0.04221605 -0.12052417
v 0.85056787 0.24133484 -0.87433981
v 0.00034527 -1.08146989 -0.69518941
v 0.30483412 -1.74231612 0.79232108
v 0.70049476 -1.56785428 0.37538367
v -0.13322374 -0.9310776 0.95164251
v 0.46335598 0.48297083 0.60228186
v -0.26245632 -0.00111311 0.83227413
v 0.36584082 -0.10081625 -1.38149881
v 0.47636562 0.36366656 -1.21603715
v -0.17540119 -0.07291017 -0.72281521
v -0.77838093 -0.28862166 0.4847339
v 0.49350172 0.5630151 0.47818428
v 0.31408244 -1.70639562 0.53160101
v -0.61010408 0.70547795 -0.30510482
v -0.51860666 0.13770817 -1.28217041
v -0.76563531 -0.03220225 -0.31722831
v 0.7112047 -0.92223876 -0.37566077
v 0.87380158 -0.55748015 0.01102588
v 0.75317531 -1.49205124 0.12178046
v -0.58676177 -0.83130329 0.15277196
v -0.19207009 -0.60119253 -0.71365535
v 0.32454243 -0.97357207 0.24964723
v 0.04359066 -1.78343021 0.79306876
v -0.73755061 -0.05572673 -1.14603519
v -0.73869758 0.08920344 0.53589659
v -0.80923676 0.49356433 -0.48141965
v 0.37833789 -0.13633887 0.83180761
v -0.37385076 -0.93908768 -0.24474673
v 0.26051297 -1.46274089 -0.04679528
v -0.54500687 0.52707874 0.46535071
v -0.89696067 0.1547279 0.04824885
v -0.59957176 -0.74277985 -0.77226483
v 0.552607 0.70945262 0.03109348
v 0.70252525 -1.32618963 -0.29994693
v 0.23261962 0.5889095 0.63447356
v 0.4546166 0.69503134 0.28455853
v -0.64975839 -0.33746725 -1.18113899
v 0.45062029 -1.55754935 0.77888083
v 0.68840032 -1.39099037 -0.21928003
v 0.57123923 -0.36945489 -1.22939002
v 0.29323971 0.70467251 0.43126693
v 0.6403293 0.04713831 0.52386826
v 0.58021175 -1.59216475 0.62963157
v -0.35180953 -0.32206606 -0.65838784
v 0.06683991 -0.8205353 0.71355128
v 0.58986747 -1.5076251 0.63643384
v 0.81456577 -1.28933548 0.03387668
v 0.51418906 -0.19916956 -1.30611193
v -0.02954466 -0.6381393 -0.73815244
v 0.36242613 0.59400433 0.55782216
v 0.47826427 -0.859012 0.7963041
v 0.91879737 -0.36251655 -0.46743905
v 0.61174142 -1.26389002 0.62666589
v -0.67212814 0.28303903 0.53386527
v 0.95094555 0.12324659 -0.49046248
v 0.52998173 -0.10775602 -0.5679152
v 0.96130853 0.00798414 -0.35178381
v -0.72545355 0.35521325 0.37556856
v 0.38573265 0.71023261 0.33681091
v -0.51698577 -0.31198126 -0.57020282
v -0.77520138 0.42796483 0.1359094
v -0.09934134 -0.94027137 -0.68830132
v 0.0797194 -0.99769616 0.43288528
v -0.36967316 -0.09063769 -0.65781819
v 0.39016935 -0.63585817 0.74929136
v 0.57828545 0.07694532 0.25942444
v 0.53565138 -0.68100237 -1.0000683
v -0.00376279 -0.74624562 -1.14850008
v 0.83457303 0.05275887 -1.00460517
v -0.12016517 0.67290335 0.56285393
v -0.42545515 -0.03189022 -0.6201207
v 0.43736237 0.07964016 0.56756109
v -0.78098148 -0.62963718 -0.49811917
v 0.56712651 0.01635669 -0.47834596
v -0.0836258 -0.22828847 -1.43984532
v -0.59404677 -0.74192756 0.41868951
v 0.83647531 0.0233943 0.14078347
v -0.89187669 -0.29040041 0.02776179
v -0.78007644 -0.22607223 0.4995127
v -0.57248735 -0.84929126 0.08441221
v -0.08452835 0.05570323 -0.53594082
v -0.79759842 -0.58627241 0.04439202
v 0.37024617 0.00263235 -0.62284529
v -0.93154442 -0.29949939 -0.59942466
v 0.03504571 -0.34445226 -1.41933882
v 0.54049384 0.05423596 -0.32563543
v 0.16999866 0.01295382 -0.67789071
v -0.41214248 -0.94385308 0.04627872
v -0.8539896 -0.51400697 -0.2502923
v -0.87514793 -0.24582295 -0.90514808
v -0.6283757 -0.80544132 0.04421083
v -0.71268916 -0.57695043 0.40960848
v -0.88622576 -0.27960348 -0.03044493
v -0.95249164 -0.22121147 -0.44315785
v 0.2545259 0.75314354 -0.87936604
v -0.1741407 -0.38123062 -1.39198029
v -0.44871994 0.10055859 0.81807571
v -0.60678094 0.67834579 -0.65340006
v 0.06770122 0.86032098 -0.6300525
v 0.84141463 0.33811846 0.03966456
v -0.38613274 0.79848432 -0.62697076
v 0.39937686 -0.16950978 0.87307733
v 0.77407056 0.46854871 0.04330128
v 0.41948667 0.50906133 -1.14081084
v 0.43389841 -0.16782324 0.8075689
v 0.60426741 -0.39807245 -1.19292378
v -0.83647495 0.02339442 0.14078398
v 0.56838637 -1.25606763 -0.48209494
v 0.49247926 -1.69940447 0.64792603
v -0.31652775 -1.73161494 0.6120736
v -0.85961622 -0.08992379 0.31629762
v 0.08483003 0.04945112 -1.44147908
v -0.63828373 -1.21974003 -0.44806143
v 0.41210305 0.80868655 -0.51263725
v 0.6045503 -1.19197464 -0.48633742
v -0.15982614 -0.69497799 -1.19320392
v -0.30765998 -1.70208191 0.51911342
v -0.70808035 -0.54821217 -0.9609968
v -0.53856217 -1.21491253 -0.52513909
v 0.1787014 0.07792025 0.70930266
v -0.44328147 0.72007644 -0.81006306
v 0.64460569 -1.19014883 -0.45134851
v 0.00877027 0.08169083 0.7086578
v -0.50658029 0.72169292 -0.71917921
v -0.34320479 -1.6976093 0.81437957
v 0.75673204 0.4878191 -0.77196186
v 0.39368239 -0.74680835 -1.01986861
v 0.7736867 -0.12517306 0.5196827
v 0.76033049 -0.03244675 0.48057496
v -0.17870853 -0.00744005 -0.7000783
v -0.26180383 0.75589096 0.33678674
v 0.71694862 -0.13952414 0.61178332
v 0.87277191 -0.00909109 0.08819314
v -0.57730579 -0.12987396 -1.27391898
v 0.85506314 -0.76807463 0.10703672
v 0.56538105 0.33698338 -1.17127943
v 0.20482234 -1.73280739 0.86302834
v -0.69698792 -0.60374563 -0.39957767
v -0.49946603 0.50083285 -1.09555351
v -0.84240979 0.01619169 -1.00068974
v -0.16088597 -1.75745594 0.85224592
v 0.89343649 -0.10264517 -0.00956697
v 0.22517256 -1.7565695 0.82367599
v -0.29472068 0.67126369 -1.01264917
v 0.62845915 -0.7973808 0.12454681
v -0.06852294 -1.7179085 0.90405106
v 0.65824562 -1.04344809 0.58788055
v 0.69155055 -1.44517302 -0.11417505
v 0.66508215 0.46691131 -0.97126495
v 0.18449285 0.00701355 0.92321533
v 0.15954046 -0.97581559 0.46009501
v 0.59946924 -0.06126095 0.680229
v -0.62547224 0.10735924 -1.21832466
v 0.08509565 -0.97671884 0.48771119
v 0.87341922 -0.28595203 -0.88515096
v -0.63007092 -0.04313722 0.64616835
v -0.00536806 -0.78484249 0.74838817
v 0.54496949 0.60857212 0.33577489
v -0.68924802 -0.04769007 -0.42305937
v -0.86337822 0.28463372 0.03269122
v -0.11410516 0.87999278 -0.51802021
v -0.83908373 0.12197706 0.29894733
v 0.03803091 -0.10405834 0.90586471
v 0.12416579 -0.85054737 -0.6943261
v -0.74305063 0.55964958 -0.14821094
v 0.63212597 -0.39280381 0.67025238
v 0.85708528 -0.0605494 0.29293718
v -0.70083081 0.60764676 -0.1373388
v 0.80746424 0.49677473 -0.40309062
v -0.34885773 0.55388683 0.61345315
v -0.55145067 0.72557437 -0.050302
v -0.75500839 0.40203347 0.24530458
v 0.79782056 -0.16316962 -1.07006681
v 0.58574676 0.6607632 -0.75645154
v 0.47923925 -1.70464527 0.53922081
v 0.70314931 -0.51527446 -1.00797247
v -0.89570123 0.32432872 -0.5013445
v 0.59878718 -1.48642015 -0.06057378
v -0.80482596 0.38611713 0.10661476
v 0.84100484 -0.22472065 -0.987594
v -0.51506668 0.25940981 0.71742647
v -0.81790852 0.36470788 -0.81860369
v 0.81417864 -0.49162098 -0.81225699
v -0.47329515 0.74203348 0.10685487
v -0.53710603 0.49009868 0.5211395
v -0.83006966 0.4102576 -0.09243181
v -0.43587741 0.7296856 0.21836584
v 0.80476683 -0.3424516 -0.99229317
v 0.66727298 0.63676166 -0.09824357
v -0.75758671 0.48700168 -0.77121317
v -0.51917761 0.4087255 0.61822128
v 0.56091922 -1.61881291 0.2543962
v 0.5612573 -0.01454882 -0.52195495
v 0.65301996 0.61556369 -0.73667907
v -0.85796749 -0.26786798 0.28228122
v -0.52587956 -0.82733798 0.37877458
v 0.57924109 0.04384449 -0.37399336
v 0.93491727 -0.24592405 -0.67733758
v -0.68972593 -1.4279952 -0.14937262
v -0.78596001 0.03278719 -0.11563839
v 0.10316105 0.06856302 0.75700569
v 0.87733089 -0.14905948 -0.09900111
v -0.66974043 -0.02871567 0.66463762
v 0.71770578 -1.19723093 -0.36114615
v 0.43489527 -0.1030436 -0.62524539
v -0.68432891 -0.75246954 0.00996435
v -0.26596567 0.00721225 -1.41151773
v 0.29587334 0.84589612 -0.06583071
v -0.27641424 -0.83113718 -0.92544645
v 0.87915563 0.16863243 0.12094449
v -0.68850982 -1.0998907 -0.40977171
v 0.66005152 0.4180381 0.42850613
v -0.84340643 -0.07896206 0.34059789
v 0.06622234 -0.67593079 -0.73314982
v 0.5258947 -1.07249093 -0.55408245
v 0.21865592 -0.0679361 0.87292963
v 0.7194187 0.38342782 0.35674095
v 0.65735179 -1.52610862 0.52551275
v 0.78844928 -1.33425068 0.23398484
v 0.91962927 0.03831419 -0.81150931
v 0.16856788 -0.01011069 0.85884958
v 0.22005932 0.16490919 0.88516438
v -0.08598861 -0.10277455 0.90238976
v 0.1875496 0.62824881 0.604299
v -0.25552421 -0.02461559 -0.6903482
v -0.2102527 -0.77936029 0.72161078
v 0.78386288 -0.13456325 -0.31283894
v 0.37704873 0.17729383 0.83162707
v -0.3062843 -1.14040386 -0.64820039
v 0.69543904 -1.0815581 0.52200782
v 0.17381724 -0.65992671 -0.7159506
v 0.7813611 -0.89559024 0.37758004
v 0.58450865 -0.62417846 -0.51368367
v -0.43762698 -1.1750226 -0.59287107
v -0.32827279 -0.52598738 0.83492797
v 0.24702069 0.04771474 0.90500223
v -0.84395062 -0.10055901 -0.19767516
v 0.68495482 -0.73695045 0.12438539
v -0.47808691 -1.1213411 -0.58134073
v 0.3368217 0.10664898 0.86666762
v -0.87277168 -0.00909103 0.0881938
v -0.81922614 -1.21258258 -0.04706904
v -0.04746088 -1.18123567 -0.66761595
v -0.2374217 -1.00298965 0.086279
v 0.58573091 -0.08075684 -0.52626949
v -0.86734813 -0.0339828 -0.08314736
v 0.76471728 0.03105068 0.37154546
v -0.37115377 -1.06366443 0.86265188
v -0.00421831 0.58236032 0.68510097
v 0.33642524 0.05696557 0.7332502
v -0.61830782 -0.27012002 -1.22671532
v -0.45198607 0.74436527 -0.73032093
v -0.05788145 0.31295332 0.85807621
v -0.54627418 -0.58771491 -1.10717606
v -0.79608857 -1.30685293 0.20803152
v -0.28118705 -0.17540243 0.91461527
v 0.8583976 -0.12995615 0.31831428
v 0.67875397 -0.72882503 -0.57411074
v 0.34596747 -0.2658669 -1.37267625
v 0.88685238 -0.04198644 0.21372093
v -0.37524548 -0.46366703 -1.29610204
v 0.17249257 0.01860835 0.83634132
v 0.69398737 -0.41310426 0.58035188
v 0.2867389 -0.67728996 0.77224868
v 0.23154468 -0.42808851 -1.36168122
v 0.80470472 -1.34811914 0.02474009
v 0.85084402 -0.04729758 -0.99468338
v 0.45994147 -0.78342622 0.55937075
v -0.47383821 0.38186514 -1.20600724
v 0.38951534 -0.313147 -1.34480881
v -0.35751879 -0.5897172 -1.2239027
v 0.55311316 -0.27107086 -1.2711991
v 0.3149307 -0.12145491 -0.68143355
v 0.90995562 0.10090409 0.03026617
v 0.62410533 -0.39738112 -0.48654499
v -0.48661738 -0.5848422 -1.15494608
v 0.34870892 -0.90180635 0.47842812
v -0.25913104 -0.00653818 -0.67745357
v -0.25438648 0.50280726 0.70782482
v 0.17742724 -0.01198181 -0.70343297
v -0.72755724 -0.30235806 -1.11873066
v -0.70212829 -1.11396265 0.50387352
v 0.06137512 0.00831857 -0.70096147
v -0.82150054 0.17910082 -0.97568434
v 0.08864529 0.29036328 -1.38225531
v -0.76308047 -0.20497061 -1.10722875
v -0.2032195 -0.82816827 0.67638868
v 0.08956497 0.36990219 -1.34603869
v -0.47175884 -0.30579477 -1.30871951
v 0.7438324 0.21930697 -1.06713402
v 0.83227282 -0.27466076 -0.21515576
v 0.17753452 0.40013983 -1.31506371
v -0.08123773 -0.17083576 -1.4462558
v 0.12201179 -0.8890661 0.62950766
v -0.61932909 -0.94324797 -0.47767046
v 0.67916053 -0.62679475 -0.88981896
v 0.7500261 -0.91799712 -0.31512588
v 0.05890096 -0.28386548 -1.4315592
v -0.30077663 0.36717483 -1.29767715
v 0.12884628 0.11653406 -1.42592954
v -0.87988847 -0.143188 -0.93107307
v -0.00312357 -0.71618807 -1.18722438
v -0.83249837 -0.38098627 -0.90738958
v -0.6260035 -0.91012454 0.64800876
v -0.09882937 -1.22972476 -0.60823667
v -0.80479043 -0.34245032 -0.99228948
v 0.31576436 -0.9349159 -0.64679879
v -0.00548837 0.63911199 -1.12595772
v 0.671265 -0.06942334 0.66778719
v -0.23279264 0.87092584 -0.44139036
v -0.03971554 -0.32170215 0.94013619
v 0.45522972 -0.89351993 0.33194166
v -0.21472546 0.34761399 -1.33338451
v 0.74241954 -0.55822658 0.35857543
v -0.12323852 -0.31455552 0.93496334
v -0.54304146 -1.67354619 0.42710831
v 0.8991357 -0.137076 0.05941707
v -0.7999053 -0.57806605 -0.64432013
v -0.75203746 -1.33012378 -0.2190862
v -0.34708014 0.04987822 0.74414664
v -0.32445055 -1.73821938 0.7837671
v -0.26830405 -1.45555019 -0.0637739
v 0.81125211 0.46818104 -0.61983305
v 0.4798505 0.56170386 -1.0443511
v -0.39762327 -1.72452092 0.73105931
v -0.60484463 -1.48349285 -0.06650625
v 0.75164574 -1.50334096 0.20253625
v 0.84656345 0.43100717 -0.48494169
v 0.08804476 0.54334443 -1.22450685
v 0.76721382 -1.46874427 0.11231794
v 0.81624424 -0.03235347 0.42095401
v 0.37955093 -0.94990128 -0.62433391
v 0.71832281 -0.00946513 -0.36212799
v -0.89399302 -0.11602295 -0.01372843
v -0.75159525 -1.50342667 0.20279973
v 0.3908033 -0.85324436 -0.62081378
v 0.37029576 -1.2475903 -0.57154399
v -0.4431746 -0.03243731 0.77631825
v -0.41215688 0.00377188 -1.35854542
v -0.55494594 0.054414 0.59970116
v 0.67648845 -1.55250465 0.47280794
v 0.11775227 -1.72248375 0.59443008
v -0.53328681 -1.59363961 0.18751965
v 0.26653194 0.63409906 -1.0799452
v 0.91776639 -0.25776344 -0.7593832
v -0.54013145 -1.4705013 -0.09153136
v 0.71338766 -1.56097257 0.31420251
v 0.61829596 0.70000189 -0.40283349
v -0.16808229 -1.77315878 0.76548248
v 0.82361435 0.00318647 0.30919247
v 0.50641953 0.32683739 0.68774056
v 0.85759401 -0.09266936 -0.1602658
v -0.2933135 -0.61608374 0.80569219
v 0.79006445 -0.1004889 0.45726388
v 0.21067604 -0.81384199 -0.99865526
v -0.82300138 -0.13342855 -0.24414634
v -0.20390999 -1.73267161 0.86351305
v 0.03606271 -1.02162778 0.34787949
v 0.79921197 0.04274041 0.07405045
v -0.0542593 -1.02210462 -0.00189376
v -0.73570346 -0.60413444 0.30469194
v 0.03238622 -1.03363263 0.1974575
v 0.80642801 -0.8664534 0.31404489
v 0.06323413 -1.74465298 0.88748794
v 0.04782116 -1.18196249 -0.66711783
v 0.68797922 -0.61024969 -0.41019809
v 0.64606452 -0.63188284 -0.45588439
v 0.66247385 -0.01310487 -0.43163275
v -0.7531557 -1.49207949 0.12179127
v 0.47593146 -1.10326802 -0.58380419
v 0.1907098 -1.19411897 -0.64772409
v 0.69532156 -0.0223047 -0.40166589
v 0.2820906 -1.17895162 -0.6427052
v -0.0099483 0.00822755 -0.70278179
v -0.50502878 0.7754082 -0.30828502
v -0.35860747 0.08261752 0.60128337
v -0.12191396 -0.88856399 0.63014996
v -0.67395949 -0.00633009 0.57636153
v -0.38613891 -0.77079504 -0.98137509
v -0.8391748 0.35441345 0.0180654
v -0.40657019 -0.63423585 0.74120533
v 0.57122224 -0.76276689 0.42533463
v 0.29137009 -0.0235717 0.83633017
v -0.38551545 -0.69497108 0.71051573
v -0.82620763 0.45424759 -0.58030492
v 0.7368921 -0.68248403 -0.49493199
v -0.10934338 0.25970718 -1.39064312
v 0.83036577 -0.47523197 0.1667868
v 0.42608022 -0.56103402 -1.21192538
v 0.32445132 -0.41398274 0.87226903
v -0.77054327 0.02387004 -0.20040875
v -0.78206181 -1.14967024 -0.23905561
v -0.73211109 -0.0551027 0.53364479
v 0.81959325 -0.53896814 0.06625235
v 0.16956436 -0.17995034 0.93769919
v 0.73757088 0.15570423 -1.10228729
v -0.67552518 -1.60073292 0.31206616
v 0.05922318 -0.07461122 -0.73946142
v -0.83964538 -0.44506138 0.17649535
v 0.4045031 -0.67134332 -1.11943435
v -0.96398466 -0.03764335 -0.37114885
v -0.27858421 0.24487344 0.8456518
v -0.05974109 -0.10915482 -0.73935997
v 0.62696814 -0.0076055 0.62862086
v 0.86151951 -0.24100109 0.28172531
v -0.91263866 -0.25898653 0.00499961
v -0.9330101 -0.16130778 -0.75982391
v -0.29020181 -0.26297 -0.68449002
v -0.63252919 -0.36360126 0.67982977
v 0.80892932 -0.52867025 -0.22863903
v -0.21406528 -0.96320968 -0.38219976
v -0.26388928 -0.57587629 -0.6931225
v -0.45159363 -1.64372742 0.75647914
v -0.94630384 0.12581343 -0.57771903
v 0.44566854 -0.0606818 -0.6164577
v 0.46827724 -0.32824045 -1.30448222
v -0.76768809 0.04160088 0.3144682
v -0.76660662 0.08359389 -1.09225094
v 0.0340888 -0.55629456 0.88015055
v -0.79083931 -0.87856245 0.35756564
v -0.12780736 -0.18437333 0.94301873
v 0.90886652 0.18572078 -0.74402046
v -0.72496998 -0.30264079 0.57620811
v -0.40840092 -0.85570073 -0.61269104
v 0.89550787 0.19486919 0.00469235
v 0.85586208 0.37980201 -0.65025925
v 0.02382523 0.79126095 0.33432346
v -0.24917364 -1.08369875 -0.66753363
v -0.04092377 -0.53693717 0.88754737
v -0.53505981 0.03079969 -0.46718731
v 0.2089978 -0.69062125 -1.18505477
v 0.55962526 -0.79171896 -0.69250404
v -0.66586393 -0.75079119 -0.49918285
v -0.12730045 -0.83204126 -0.98593074
v -0.72924149 0.22548277 0.4798657
v -0.3861674 -0.63940507 0.85564798
v -0.34728777 0.01963663 -0.60617321
v -0.26262593 -0.88630503 -0.6640585
v -0.54990035 0.74496388 -0.45643025
v 0.13828583 0.48040363 0.75794941
v 0.33597573 0.74453693 0.30127373
v -0.75701451 -0.62262147 -0.68857604
v -0.66543674 0.46487742 -0.97344094
v -0.70435142 -1.56498944 0.2336063
v -0.32086527 0.10548427 0.87270414
v 0.50561302 -0.72828191 -0.94998246
v -0.58034628 0.62894862 -0.83715033
v -0.05181721 -1.64182353 0.9288882
v -0.81699866 -0.02483977 0.41792827
v 0.92042738 -0.34279459 -0.58547985
v 0.17961911 -0.8932144 0.60566234
v 0.70464325 0.22331136 0.52250504
v 0.58883053 -1.65076339 0.36909854
v -0.76068252 -1.37542951 -0.1381428
v 0.66318887 0.66215097 -0.43245127
v -0.79147779 -0.0858569 0.48285222
v 0.88892805 -0.43675658 -0.54546165
v 0.67552954 -1.6007272 0.31204995
v -0.46511507 -1.46314203 -0.09212948
v 0.54122889 0.75337725 -0.30113756
v 0.53663396 -0.04780169 -1.29818952
v -0.55523836 -1.31675171 -0.41824781
v 0.38312768 -1.70278322 0.77891933
v 0.49624484 -0.86982691 -0.42580562
v 0.63714242 0.52985757 -0.92685139
v 0.25945112 -1.07227265 0.91671544
v 0.27316013 -0.99123466 0.25253406
v 0.92318916 -0.162714 -0.80078023
v -0.7017551 0.05223626 -0.13806721
v 0.39226836 0.29305705 0.7801038
v 0.19471611 -0.88221836 -0.82629954
v -0.75868165 0.55885171 -0.30387151
v 0.44341567 0.3390204 0.72637254
v -0.41244453 -0.87672978 -0.62411439
v -0.27152711 -0.99187213 0.25235065
v 0.93761968 -0.05710764 -0.76274287
v -0.03965993 -1.78358018 0.79897236
v -0.03952918 -0.04814279 0.9432981
v -0.69967681 0.06456579 0.24675656
v -0.29758906 -0.41324573 -1.34756457
v 0.60674428 0.50594401 -0.9936794
v -0.041051 -0.11000164 0.94803655
v 0.20898735 -1.42846703 -0.12229145
v 0.33650422 -0.88672685 -0.6887781
v -0.76233738 -0.30166855 -1.07732701
v -0.27765148 -0.97659665 0.34391456
v 0.88533878 -0.1476836 0.20688626
v -0.44832882 -0.75108152 0.61032718
v 0.20767234 -0.90830975 -0.71705848
v 0.58751362 -0.83624833 -0.20629711
v -0.80518603 -0.08476791 -0.27330827
v -0.09723636 -1.02925181 0.17986837
v -0.43235492 -1.06134295 0.8227359
v 0.80026501 0.05337935 0.43131613
v 0.75900584 0.53653776 -0.13604515
v -0.51123082 -0.18637876 -1.308977
v -0.32031858 -0.84854805 0.59361797
v -0.58955234 0.30938625 0.62098485
v 0.30778971 -1.14028775 -0.64782005
v 0.5335353 -0.95670437 -0.54357373
v 0.49109342 0.62469589 0.38404408
v 0.85015088 0.09603215 -0.96316754
v 0.20058168 -0.78141802 -1.06243658
v -0.16109915 -1.48122572 0.01483649
v -0.29799068 -0.66170465 -0.67781722
v 0.03425102 0.90008586 -0.22870932
v 0.79124295 -1.12277495 0.28489649
v -0.05686897 -0.07396793 -0.73956215
v 0.90508633 -0.13752915 -0.86644882
v -0.00231443 -1.50162315 0.09489519
v -0.31540468 -0.93432146 -0.64691329
v 0.35948276 -0.0422834 0.82005143
v -0.78285014 -0.32327285 -0.30224493
v 0.46938088 0.06217431 0.6421535
v 0.66683119 -0.56556475 -1.00004994
v -0.51767331 0.07490421 -1.29620802
v 0.53468418 0.49231508 0.52150124
v -0.60435545 -0.41493734 -1.18423271
v 0.05560436 -1.6454072 0.92803871
v -0.6672061 -0.70575654 0.30720955
v 0.12765601 -0.4929161 -1.3543185
v -0.85073977 -0.44880947 -0.76570379
v -0.61668032 -1.64744865 0.48851165
v 0.76088571 -1.37514722 -0.13802611
v -0.81403708 0.02234588 -0.09147048
v -0.44937664 -0.15793256 0.84839475
v -0.68666565 -0.60185039 -0.91946971
v -0.84593367 -0.41069781 -0.84126097
v -0.6153059 -1.25275647 0.62302237
v 0.24951824 -0.48841708 -1.32918608
v -0.70698064 -0.61372125 -0.85856157
v 0.06089783 0.63043481 0.62955755
v -0.54199874 -1.57651114 0.68521881
v -0.69812053 0.58434909 0.0035357
v -0.22792099 -1.75620901 0.82283967
v 0.33928594 -1.69908785 0.81605148
v 0.67304283 0.58377683 0.10524865
v -0.70735442 -0.67155766 0.25724399
v 0.51760637 -0.11475283 -1.3108145
v -0.16564419 -1.7740066 0.79466611
v 0.27069452 -0.9951958 0.10039373
v -0.04170639 -1.02129185 0.34821257
v -0.58647543 -0.67865997 0.52650803
v 0.03946277 -0.40730777 0.92577964
v 0.20839154 -0.96339678 -0.38644528
v -0.80590701 0.41971501 0.02778813
v 0.09060188 -0.7573961 0.76426327
v -0.83985841 -0.83221054 0.18432143
v 0.77468198 0.04485255 -0.03525878
v 0.33244928 0.65381139 0.49270695
v -0.17033489 0.04841778 0.79621446
v 0.08005219 0.7349919 0.46404007
v 0.93356233 0.20665957 -0.49618724
v -0.18062028 0.015033 0.83797276
v 0.93300151 0.17844015 -0.27358597
v 0.36327382 0.43320077 0.71222913
v -0.69547253 0.31098181 0.47355914
v 0.73387879 -0.15388478 0.54826802
v -0.49103656 0.7741118 -0.50087177
v -0.6621052 0.40308594 -1.03813111
v -0.89726376 -0.42141863 -0.36610424
v -0.03740459 -0.43839848 0.91850352
v -0.40238049 -1.07522833 -0.61918807
v -0.60405999 -0.07925257 -0.51109194
v -0.65224301 -1.59067797 0.49758529
v -0.66196471 -0.0130386 -0.43215963
v -0.439031 -0.94066125 -0.59720921
v -0.71621525 0.61065691 -0.46085321
v 0.00838836 -0.21153065 0.92048907
v 0.13010166 -0.28204837 -1.42503345
v 0.234967 -0.05908642 -0.70675921
v -0.77529066 -1.33682191 -0.15504732
v 0.71416527 -0.53135353 0.5640794
v -0.26008787 -0.42124924 0.8902288
v 0.74809861 -0.52906614 0.51301842
v -0.03380766 -1.61847436 0.3771004
v 0.22519318 -0.25891661 -0.70443773
v -0.42231193 0.54355871 -1.10483992
v 0.51770442 0.29908165 -1.2243123
v -0.30765885 0.83611798 -0.56399488
v 0.4449501 -0.87014663 -0.59102994
v -0.73563408 -0.11259339 -1.14769923
v -0.34358823 0.49938941 -1.18956208
v 0.34671771 -0.64854735 -0.65845221
v -0.70434743 -0.06013624 -1.17747497
v 0.31569463 -0.87536323 0.55734401
v -0.48296284 -0.42103642 0.79167938
v 0.54121482 -0.19397333 0.79075121
v 0.22378237 -0.09391278 -1.42645967
v 0.21207989 -0.55204159 -1.30308938
v 0.82559698 0.23090039 0.25166848
v 0.42997309 0.00636738 0.84663677
v 0.45306396 0.72950816 -0.7726925
v 0.78849685 -1.4083904 0.04046641
v 0.42532435 -0.02937634 -0.61893928
v 0.84655618 0.43160647 -0.41069963
v -0.03899053 0.07069297 0.92717331
v -0.20137107 -1.19404876 -0.64650809
v 0.59361815 -0.40546721 0.70642149
v 0.73935133 0.04434278 -1.13153433
v 0.83258724 -0.53523945 -0.60927486
v 0.51170247 -0.52446246 0.72955536
v 0.49210795 -1.68134713 0.68251615
v -0.16979546 -0.49048334 -1.3483361
v -0.28424066 -1.17946028 -0.64205879
v -0.41571849 0.38338881 0.71636551
v 0.26709228 -0.71774119 0.91112238
v 0.44317951 -0.50377547 0.78706479
v 0.2921369 0.86228197 -0.243649
v 0.57415801 -1.36727249 -0.31011897
v 0.70101136 0.00641507 0.53001737
v -0.95543152 0.06847432 -0.57286071
v 0.53646028 -1.67866087 0.61680144
v -0.55750781 -0.52147799 -1.15460169
v 0.80036628 -0.47776308 -0.87048363
v -0.25051665 -0.90473461 0.92063939
v -0.55771774 -0.39845392 -1.22687482
v -0.73424309 -1.13898789 -0.34176129
v -0.56686806 0.00328024 0.67295849
v 0.50391596 0.603693 -0.96883231
v -0.74969649 -1.21459066 -0.30062982
v 0.66251283 -0.11888667 -0.46063971
v -0.07159514 0.85130643 0.11164495
v 0.52569317 0.63435304 -0.89717298
v -0.64424401 -0.25722384 -0.47297537
v -0.34105795 -1.29938077 -0.47275179
v -0.23126959 -1.12901866 0.92586875
v -0.2841669 0.20303173 -1.36885464
v -0.66225409 -0.52448064 -1.05174338
v -0.46107962 -1.67167413 0.73029297
v -0.31589451 -1.58130192 0.86515796
v -0.14404818 0.82923108 0.17652846
v 0.64923429 -0.08012551 0.63938182
v -0.49674624 -1.2408477 -0.53352707
v -0.08371565 -1.58066618 0.93530374
v 0.39153054 -0.85169363 0.52841436
v 0.69778895 0.47802165 -0.90933913
v -0.22186954 0.8346551 0.09917268
v -0.49845427 -0.8727737 0.30097001
v 0.87229639 -0.06823848 -0.10083315
v -0.18443825 -0.91164892 -0.71852791
v -0.48099586 -1.70962297 0.58975464
v -0.54806584 -0.81477105 -0.61891084
v -0.66309446 -0.52316409 0.62970364
v 0.1325166 -0.03977258 -0.72482198
v 0.52917558 -0.38755685 0.7680521
v -0.85542219 -0.51272469 0.26800298
v 0.25249782 -0.03102971 0.91470176
v -0.05865564 0.01581979 0.85251188
v 0.61142522 0.24820096 0.63314658
v 0.87838971 0.35908401 -0.54341125
v 0.25810289 0.63253539 0.57010346
v 0.51289951 -0.4017007 -1.25383365
v 0.48771816 0.78382289 -0.26280847
v -0.72784352 -0.04544275 -0.37657305
v -0.47168546 -0.69761782 -1.03618192
v 0.61027509 -0.02511093 -0.48859024
v 0.03717408 0.74061477 -0.96611839
v -0.77999907 -0.34883171 0.45560458
v 0.69527417 -0.06015545 -0.42055729
v -0.01625732 -1.73919069 0.64093792
v 0.13421389 -0.02744488 -1.44228971
v -0.09351488 -1.29629826 -0.41511222
v -0.12232919 0.19839055 0.89224869
v -0.90389239 0.28381094 -0.27133664
v -0.12497696 -0.69313091 0.80390793
v 0.68379038 -0.753039 0.01083985
v -0.10609735 -0.80437624 -1.0478872
v -0.17597547 -0.28632524 -1.41673386
v 0.25744122 0.01299645 -0.65458047
v 0.88734871 -0.22653178 0.18681322
v -0.08202084 0.73635458 -0.96949708
v 0.6557278 0.26117757 -1.13763105
v 0.6433413 0.06265313 -0.07401914
v -0.84563875 -0.06718561 -0.18314704
v -0.87072354 0.05764381 0.23597183
v -0.04356647 0.68935716 -1.05374169
v 0.35774633 0.07469356 -0.02630315
v 0.01066209 -1.75746393 0.87983912
v 0.71239358 0.40462213 -0.97361379
v -0.05367403 -1.76318109 0.87000542
v 0.03180591 -0.17517648 -0.7378146
v -0.9298793 -0.02034207 -0.01900251
v -0.44760203 -0.05428326 -0.61393964
v -0.47996398 -1.70911109 0.62897706
v 0.3239443 0.37824311 0.76645845
v -0.14747752 0.46433192 0.766954
v -0.95246666 0.06885133 -0.29517
v 0.26774084 -0.24308548 0.91586214
v 0.42080581 -0.00283728 0.77258205
v -0.28082719 -0.11798144 -0.69391441
v 0.58892118 -1.22657465 -0.48625189
v 0.26848098 0.14419719 -1.38952767
v -0.12112921 -0.99796158 0.41264453
v -0.92124384 0.16469989 -0.12906985
v 0.0703623 -1.29853439 -0.40436872
v -0.80415695 0.01446329 -0.15988178
v -0.17835582 -0.85062307 -0.6862601
v -0.49048933 -1.69337666 0.66703224
v 0.92379725 0.13754862 -0.10756579
v 0.79488635 -1.30798101 -0.11748147
v -0.27309805 -0.85555672 -0.86191797
v 0.47608855 0.14684198 -1.3037312
v -0.7017278 -1.2344774 -0.37094059
v 0.23420243 -1.74675548 0.83547878
v 0.70173198 -1.23447966 -0.37093374
v -0.60740608 -1.65616524 0.46224865
v -0.53602975 0.60568708 0.35628375
v -0.37132424 0.03865068 0.75433909
v -0.07490785 0.82920175 -0.73899918
v -0.90971386 0.23373813 -0.67006671
v -0.25892609 0.63328445 0.5684598
v 0.15255685 -1.71830701 0.88860994
v 0.53812634 -0.72970652 0.53306967
v -0.41723525 0.46700346 -1.17856979
v 0.72475296 0.03084209 0.57758444
v -0.5617513 -0.07529171 -0.54372572
v -0.58802229 -1.61839902 0.60264116
v -0.69530886 0.02701341 0.50420719
v 0.28343755 -0.66243302 -0.68302202
v -0.64570313 0.66428786 -0.57584101
v -0.64211207 -0.08453858 0.70116186
v 0.554048 0.69591677 -0.71397966
v -0.31376302 0.02619784 0.89072394
v 0.28513738 -0.72407257 0.73907923
v 0.60815608 -0.78581899 -0.56746232
v 0.36486169 -1.29219436 -0.49364367
v -0.64253163 -0.16368976 0.70297026
v 0.88164913 -0.0301717 0.01262214
v 0.46701225 -1.31077253 -0.44788569
v 0.77041572 -1.34084284 -0.16304214
v 0.80219322 0.02359093 0.30619558
v -0.28592965 -1.65201818 0.86656302
v 0.33833238 0.84288442 -0.15154048
v 0.85648965 0.0106432 0.08662976
v 0.87816119 -0.08434616 0.23024874
v -0.7327305 -0.62424743 -0.77098023
v 0.77858483 -0.28810024 0.48447492
v 0.80274981 0.14703024 0.37884941
v 0.42631337 -1.70234572 0.73618441
v 0.8836649 -0.02916285 0.09031693
v 0.68894702 -0.37039575 0.60638433
v -0.58916622 -1.08641374 -0.50938874
v 0.23614783 -0.16320487 0.88459587
v -0.79384124 0.14038476 0.40273168
v 0.83706122 0.39279356 -0.07725854
v -0.680606 0.63439661 -0.57159459
v -0.08340308 -0.45718205 -1.37633562
v 0.57151424 0.72818577 -0.49201718
v 0.30136784 -0.12434086 0.86081689
v -0.83180564 -0.81403082 0.23851937
v 0.85865223 0.28939974 -0.80275237
v -0.49326348 -0.43340265 -1.25100851
v 0.62352341 -0.72394055 0.38824179
v -0.51109999 -0.88244485 -0.2268103
v 0.96055364 -0.14362664 -0.38122266
v -0.5792905 -0.25140228 0.75558
v -0.16586409 -0.13571324 0.89721959
v -0.7992118 0.04274036 0.07405566
v 0.34697178 0.49498355 -1.19159925
v -0.71859163 -0.13711045 0.609344
v -0.77073288 0.04669377 -0.02241097
v 0.63338166 0.67398065 -0.57821095
v -0.72830092 0.57300907 -0.63748872
v -0.65322488 0.53301644 0.27513715
v -0.06102315 -1.07133138 0.96184068
v 0.18537434 0.62215852 -1.12250995
v 0.83525508 -0.92860639 0.15111421
v -0.47814336 0.4849877 0.58739519
v 0.27337488 -1.34612071 -0.3234224
v -0.53956371 -0.68252664 0.58618605
v -0.17268884 0.15004691 -1.4112457
v -0.16238635 0.81700122 -0.75345051
v -0.20196925 -0.78109276 -1.06256687
v -0.37943211 -0.31217035 0.8707425
v -0.25106427 0.0840987 -1.40553116
v 0.07516928 -0.03025671 0.88142705
v 0.68993914 -0.64838773 -0.82239872
v 0.1227667 0.29717218 0.85824316
v -0.36987534 0.07663045 -1.36692607
v 0.45076662 -0.61138153 -1.15447282
v -0.21177883 -0.17860163 0.93046683
v 0.04709688 -0.02360121 -1.45083928
v 0.46629393 -0.53733956 -0.60031729
v 0.50709599 -0.55990701 -1.16191697
v 0.12061063 -0.60793817 0.85111898
v 0.00465289 0.05135593 -1.44549703
v 0.31334394 0.8040992 -0.69660854
v 0.74247258 -0.25225564 -1.11972427
v -0.03559057 0.15007461 0.91083306
v -0.44679236 -0.66266214 -0.60756933
v -0.80287188 -0.48966929 0.26077583
v 0.49251782 -0.88798075 0.24855718
v -0.24473626 0.45316398 0.7497574
v 0.43769609 0.66396659 0.37599173
v 0.0470405 -0.95876777 -0.53369617
v -0.8530299 -0.19315645 0.32632356
v 0.38872039 -0.95285934 0.18021097
v 0.12737341 -0.33044791 -1.41480422
v -0.38671973 0.39011377 -1.24850511
v -0.18571023 0.63062351 0.60204064
v -0.83660042 -0.32218715 -0.94605785
v -0.92827439 -0.2269271 -0.73758459
v 0.32106357 -1.72743177 0.80391413
v 0.81717693 -1.23411941 -0.05204447
v -0.16538007 -1.39256775 -0.20527261
v -0.54533696 0.72387814 -0.63020473
v -0.48749858 -0.11068599 0.77111107
v 0.32241311 -1.7500478 0.71890068
v 0.6301772 -1.62510204 0.50692057
v 0.63001018 0.02248016 -0.40826189
v 0.28316995 0.78172195 -0.7917028
v -0.36924451 0.83726435 -0.35972017
v 0.65039354 -1.62131869 0.44596445
v 0.48715233 -1.65999305 0.36749669
v -0.4867253 -0.9059928 -0.02394236
v 0.76171743 -0.6628977 -0.36266517
v -0.59772598 -0.51146614 -1.12851858
v 0.20874461 -0.65112417 0.8122425
v 0.28418836 0.24953869 0.84212803
v 0.84609216 -0.140772 0.34421879
v 0.43728387 -0.76030117 -0.95711076
v 0.81169039 -0.59205061 -0.38716453
v -0.30121681 -0.1313162 -1.40395271
v 0.38444638 -0.81091195 -0.89209306
v 0.29470673 -0.61429601 0.80620378
v -0.89156514 0.31607282 -0.59615677
v -0.34675434 -0.19343078 -1.38331973
v 0.34764528 0.08097467 -1.37513351
v -0.34990876 -0.00742984 0.80676895
v 0.88307279 0.02702232 -0.91695511
v 0.75502699 -1.14453077 -0.30270344
v 0.0237534 -0.78711414 0.96035599
v 0.71164149 -1.53635883 0.14007821
v -0.3297339 -0.91083371 -0.57976424
v 0.36941862 0.83838409 -0.26760637
v -0.15299864 -1.70930051 0.89350634
v -0.32952275 -0.7218039 -1.09764075
v 0.08242726 0.58009547 0.68193131
v -0.87054026 -0.02650776 -0.95468598
v 0.54033058 -0.64348787 0.62332326
v -0.80219358 0.02359039 0.30619657
v 0.56230992 0.02391117 0.6568399
v -0.73509615 -0.69092249 0.00477602
v -0.71361166 0.41868886 0.32330241
v -0.73792994 -0.07956377 -0.37374994
v 0.56686615 0.00328076 0.67295891
v 0.70150536 -0.01183976 -1.17651212
v 0.39049914 0.03041673 -0.55858337
v -0.93499797 -0.27093115 -0.25395369
v 0.48689588 -0.1470496 -0.5941627
v -0.16568142 0.74663025 0.41299751
v 0.35759592 -1.22052586 -0.6002863
v -0.68925786 -0.3037458 -1.15725719
v -0.33593413 0.68686312 0.43304646
v 0.50390183 0.72569936 0.10212877
v 0.60238164 -0.06552734 -1.25780451
v 0.47307524 0.21854376 -1.28404331
v -0.58323413 0.09214127 -1.25159025
v -0.54644829 -0.30787357 0.77363401
v 0.39376214 0.27504292 -1.3023523
v 0.48001554 -1.71000146 0.59140336
v 0.4764949 0.27079355 -1.26196408
v 0.6611002 -0.06185916 -1.21402812
v -0.30974277 -0.98322701 0.18024739
v 0.80867415 -0.34541118 0.38702958
v -0.29232975 0.8409121 -0.02499429
v 0.08640586 -0.86448687 -0.91680795
v 0.75379616 -1.46246624 0.02418924
v -0.43247744 0.79772347 -0.52845007
v -0.47369104 0.76274687 0.01125546
v 0.0366879 -0.88986468 -0.84854918
v -0.6436761 0.04109938 0.5383417
v 0.25544515 -0.02461016 -0.69037026
v -0.00619926 0.67085576 0.58093416
v -0.34906196 0.83460605 -0.10776946
v -0.21059919 0.39720198 -1.30870568
v -0.5625801 0.02325525 0.65736597
v -0.51713252 -0.06521458 -1.31062305
v -0.29597634 0.85985827 -0.20720464
v 0.6810379 -1.58150196 0.23625862
v 0.05296002 -1.15742576 -0.68000769
v 0.56969893 -0.22507946 -0.5355947
v 0.59255242 -0.24196222 0.74425786
v 0.14946402 -0.93080699 -0.64896416
v -0.5430777 -0.38186782 0.75921523
v 0.79794365 -0.03322124 -0.26365456
v 0.65108388 -0.76132267 -0.51434463
v -0.05287659 -1.77509665 0.84792494
v -0.18584981 -1.28673768 0.93521523
v 0.95332467 0.0952888 -0.3802101
v -0.57177764 -0.93406117 -0.51615601
v -0.17250743 -0.2489894 0.90711975
v -0.48261073 -0.93808192 -0.57384985
v 0.68012148 -0.41154128 -1.11705291
v -0.87024664 -0.00939803 0.01339713
v -0.16588042 -0.66205167 -1.22602462
v -0.71164077 -1.53636026 0.14008258
v -0.33683815 0.61853808 -1.06746637
v 0.06425481 0.36985418 0.83151418
v 0.59668397 -0.11445189 0.69318556
v -0.9209603 -0.33123385 -0.25866273
v -0.69933247 0.57646691 -0.72333598
v -0.804856 -1.33550477 -0.01001583
v 0.12552014 -0.249412 0.94091188
v -0.89452368 -0.34709611 0.0055429
v 0.15047103 -1.73890221 0.8753649
v -0.60906958 0.07273105 0.39285376
v 0.84921616 0.41526123 -0.57270324
v -0.78483861 0.50181692 -0.15028616
v -0.76818549 0.38799247 -0.90060716
v -0.42252248 -0.61757832 -1.16621184
v 0.23254567 0.04450711 -0.57377636
v 0.23575829 -0.98987734 0.34157317
v -0.7908861 0.29385519 -0.95049172
v 0.81950634 0.28201845 -0.90669524
v 0.41544568 -0.02815366 -1.35950458
v -0.4012753 -0.67150676 -1.12161552
v 0.8837068 0.35216373 -0.37892854
v 0.34624129 -0.92840743 0.41650804
v 0.92794615 0.12470067 -0.71944016
v -0.09692099 -0.73075145 -1.16311752
v -0.20673358 -0.65340787 0.81145292
v 0.90422374 0.28141006 -0.26751697
v 0.4292877 -0.10009646 -1.35533642
v 0.92209523 0.19425286 -0.66235691
v 0.5093671 -0.64071255 0.65739834
v 0.70148485 -0.08085773 0.58132058
v -0.86987084 -0.4765456 -0.55603343
v 0.30953046 -0.97056466 0.31264743
v -0.23990942 -1.22303712 -0.61634349
v -0.24451915 0.07721392 0.900316
v -0.2670046 0.63139343 -1.08352375
v -0.37383949 0.75518232 0.22837351
v -0.85546076 0.38071784 -0.65014517
v -0.04197492 -1.28347194 0.9596585
v -0.21877588 0.02611849 -0.64168065
v 0.29460841 -0.53880322 0.84169042
v -0.17671351 0.01029746 -0.68040865
v 0.24271607 0.47317701 -1.2493
v 0.68370604 0.03401942 0.63342201
v 0.13499316 -0.81494152 0.94899362
v -0.64794236 -1.28892874 -0.39562755
v -0.82265412 -1.0200082 0.18036016
v -0.05241244 -1.7563132 0.68262368
v -0.90725278 -0.05051478 -0.86718779
v 0.40523949 0.63273328 0.46666955
v -0.37149056 -0.90646398 -0.53291958
v 0.31114208 -0.34432056 0.89089489
v 0.62135368 -1.60608947 0.5516265
v -0.68727767 -0.5366801 0.50811457
v 0.70422089 -0.67817586 -0.69666475
v -0.88368761 -0.15011197 -0.07181927
v 0.93289917 -0.28685668 -0.27032735
v 0.15834571 -1.01876211 0.09139675
v -0.437377 -0.37396255 0.83102667
v -0.80023241 -0.47706952 -0.87230402
v 0.38575744 0.04137263 0.74309313
v -0.00232395 0.37173274 0.8331784
v 0.25249627 -0.94825989 -0.66412657
v 0.79082608 -1.38307392 0.1873288
v 0.13031233 -0.6156618 -1.27488088
v 0.71346247 -1.11998343 -0.37571826
v 0.40085119 0.82487547 -0.36532169
v -0.77923518 -0.44825029 -0.95225453
v 0.45348581 -1.27874553 -0.50917393
v 0.8053897 -1.34453189 0.10089865
v 0.27435419 -0.9099822 0.52891689
v 0.74977421 -1.21460366 -0.30047547
v -0.18648532 0.66769558 0.55071759
v -0.06005386 -1.78070998 0.82196629
v 0.46708098 -0.82218521 -0.58401978
v -0.89354944 0.32955026 -0.39801806
v 0.758574 -0.00973567 -0.3063901
v -0.49210783 -1.68134725 0.68251627
v -0.48482441 -0.59936934 -0.5879274
v -0.70915144 -0.50913018 -1.00601506
v 0.65239733 -1.25973606 -0.41431894
v 0.09850871 0.05482232 -0.54365336
v 0.03431417 -0.2493602 0.94721144
v -0.15856219 0.50018507 -1.25021493
v 0.45454496 0.27962747 0.75038915
v -0.73189067 -0.57466834 -0.87709277
v -0.00074025 0.06326831 -0.46093648
v 0.48246675 0.17052798 0.77696198
v -0.18744172 0.80342477 0.24565593
v -0.75406807 -0.05396049 0.54896378
v -0.34262439 0.29188367 -1.31740379
v -0.93798816 0.07860288 -0.1493795
v -0.11663103 -0.0598423 -0.73179298
v 0.58610945 -0.84302872 -0.06148484
v -0.09262527 0.45939654 -1.29109931
v 0.65708416 0.53453201 0.26407775
v -0.36244729 -0.86377018 -0.74940544
v -0.56252849 -0.833498 -0.42518964
v -0.0899043 0.37114372 0.82921838
v -0.30222374 0.76918709 -0.81095254
v -0.63450563 -0.64907246 -0.92507594
v -0.45570731 -0.81974351 -0.78164476
v 0.76283329 -0.45417663 -0.97612887
v 0.09876034 -0.6324011 -0.73170614
v -0.59022021 0.60818988 0.25513428
v 0.4747698 -0.26767271 0.7887609
v 0.77887898 0.29130205 -0.97375536
v 0.41752564 0.80334121 -0.07430784
v -0.55980688 -0.71885389 -0.89975184
v -0.95613294 -0.10510392 -0.64553546
v 0.81672877 0.36789169 -0.8168174
v 0.77194827 0.04043474 0.30874928
v -0.80664396 -1.34330666 0.07725659
v 0.64507943 0.64867889 -0.65427988
v -0.21621686 0.53388655 -1.20654547
v -0.50610452 -0.74719286 -0.91028291
v -0.7537902 -1.46246624 0.02417193
v -0.44585311 0.25964552 -1.28359985
v 0.43649303 0.76015359 0.11158406
v 0.17457218 -1.07545137 -0.6811183
v 0.54130446 0.11203984 -1.27441048
v 0.37232688 -0.84124952 -0.81597256
v 0.77958411 -0.34811931 0.45701566
v 0.57087439 -0.85067129 -0.51610982
v -0.30600571 -1.25507843 0.89021801
v -0.23448231 -0.05889252 -0.70685172
v 0.75111788 -0.33514076 0.52071774
v -0.75878638 -0.00999919 -0.30642101
v 0.81403744 0.02234596 -0.09146851
v -0.51312857 -1.31831359 0.7373358
v -0.38643732 -1.15081691 -0.61960959
v -0.16338487 0.35189223 0.82889813
v -0.07949707 -1.24783718 -0.56468671
v -0.3634217 -0.85741418 0.87056618
v 0.69655334 -1.58248853 0.3117448
v -0.79699313 -0.03188969 -0.26403006
v -0.37014862 -1.2149558 -0.60103195
v -0.35993185 0.45413258 0.69929623
v -0.15066675 -1.73789632 0.87623864
v 0.73073035 0.0251397 -0.27160626
v -0.3748165 -0.92718291 0.37535369
v -0.67373424 -1.58733725 0.44293764
v 0.73211818 -0.05510541 0.53363663
v 0.29911333 -1.5869503 0.87314927
v 0.75845289 -0.57053482 0.2893053
v -0.80891501 -1.28661429 0.13964416
v 0.59268307 -0.16791629 0.74937462
v 0.63268268 -0.27856639 0.7004655
v 0.50698435 0.74341535 0.01296064
v -0.20961822 0.67565786 -1.04204356
v -0.26271852 -0.90497952 -0.68696665
v 0.35062342 -0.03202731 -1.38611602
v -0.4426603 -0.91202426 -0.25785914
v -0.12020232 -0.51969581 -1.34120392
v 0.24468745 0.03709089 0.79899263
v -0.28240287 -1.48449635 0.00162091
v 0.55012321 -0.75974071 -0.81632024
v -0.55300682 0.73573195 -0.53406822
v 0.87485903 -0.30788725 0.18457445
v -0.33148717 -0.57294923 -0.66808486
v -0.46482887 -0.79187578 -0.85369038
v -0.29298716 -0.04526694 -0.68532455
v 0.06097754 -0.02607452 -0.72890132
v -0.63685816 0.27693775 -1.1467998
v -0.14231188 -1.67618978 0.90803629
v 0.06510765 -0.2085732 0.91774815
v 0.06555136 -0.8047285 -1.05177116
v -0.47147437 -0.21846005 0.83443486
v -0.68489432 -1.50230562 0.01126289
v -0.567694 -0.04537269 -0.53319734
v -0.31931594 0.03273994 -0.58519393
v -0.5282247 -0.21194039 0.79826229
v -0.40144154 0.66197443 0.42048049
v 0.89445906 -0.28804013 -0.82032871
v 0.75391447 -0.39332568 -1.03966462
v -0.90227317 0.0360068 0.11771155
v -0.12146741 0.71969705 0.48540636
v -0.65040749 -1.62130808 0.44594374
v 0.24160708 0.83703917 -0.63585263
v 0.69013655 -0.44733011 -1.08394694
v 0.16040523 -1.65970838 0.90879309
v -0.75550812 -0.67257624 -0.23418839
v 0.81047868 -0.07652808 -0.26245242
v -0.17756888 -0.04405925 0.87363725
v 0.79952621 -0.57767778 -0.64814519
v 0.13430279 0.67270821 -1.06636607
v 0.61367905 -0.28608131 -1.22579598
v -0.88769877 -0.23683463 0.17855154
v 0.86049199 -0.61394047 -0.05450018
v -0.82292622 -0.57211673 -0.25900319
v 0.65594089 -0.23942643 -1.20392596
v 0.77015346 0.00676457 -0.25773036
v 0.73270261 -0.2073998 -1.14023077
v -0.37122437 0.81452876 -0.02139409
v -0.03375221 -0.76409286 0.95914155
v -0.02826211 -1.14027285 -0.68615537
v 0.83379143 -0.85257232 -0.09340731
v 0.58691108 0.06211398 0.52980411
v 0.40197885 -1.56662893 0.81488704
v 0.34630763 -1.62859797 0.83996284
v 0.12551575 -1.77047324 0.73209166
v 0.51227575 0.26078283 0.71895569
v 0.27983546 0.86055266 -0.15997386
v -0.74966216 -0.5167784 0.51158213
v 0.64155036 -0.4315713 -1.14360368
v -0.7436558 -0.09752823 0.5296573
v -0.06576583 -0.01132986 -0.71994209
v -0.74496835 0.21972805 -1.06561732
v -0.08105646 0.09207145 0.61029422
v 0.73330831 -1.08128905 0.44894281
v 0.63149565 -0.49600571 -1.10924732
v -0.6055147 -0.00544495 -0.4780038
v -0.06823874 -0.04246473 -0.73410397
v -0.61748886 -0.20651207 -1.23908793
v -0.79865765 -0.15026199 0.44580432
v 0.09624173 0.45989874 -1.29021406
v -0.79555994 0.17485597 -1.01941633
v -0.7698794 0.0068731 -0.25798898
v -0.41261959 -0.82551467 0.54691928
v 0.43443515 0.14848232 0.81295323
v -0.7307282 0.02514006 -0.27161008
v -0.63002544 -1.60132372 0.23415294
v -0.78806066 0.32297289 0.260212
v -0.00659615 0.5063014 -1.2623291
v -0.85708493 -0.06053845 0.29293119
v 0.70403528 0.60714817 -0.60150551
v -0.17544637 -0.06379212 -1.43680429
v -0.85699021 0.00727901 0.13420251
v -0.68103891 -1.58150124 0.23625762
v -0.88285863 -0.12812174 0.22034995
v 0.30898192 -1.11956393 0.89381271
v -0.54373538 -1.50543522 0.69386035
v -0.23704008 -0.96807599 0.42465803
v -0.95060288 -0.20576494 -0.59834134
v -0.3457241 -1.62895727 0.84022104
v -0.89658492 -0.14198434 0.12942694
v 0.13157624 -0.15777485 -1.44174742
v 0.36723303 -1.18814992 0.85992896
v -0.40097546 -1.62016761 0.80556941
v -0.85471731 0.00955365 0.02370016
v -0.5802102 -1.59216392 0.62963402
v -0.8182882 -0.01278666 0.34995409
v 0.01614073 0.28874635 -1.38709557
v -0.88966965 -0.0512438 0.11528488
v 0.36078152 -0.08115772 0.83077919
v 0.32105517 -0.16734744 0.90280377
v -0.44799563 -1.60997688 0.77091723
v -0.75057673 0.03024475 0.40630477
v -0.87697047 -0.02183076 0.13563594
v -0.68840199 -1.39098942 -0.21928019
v -0.92568886 -0.02597804 -0.80777823
v 0.93205666 -0.31408402 -0.51898646
v -0.82595741 0.31432107 0.15070983
v 0.16112785 -0.9468941 0.52438622
v -0.83786308 -0.23782289 -0.9879111
v 0.74284386 0.05706879 0.22558857
v -0.79877287 -0.41015866 0.36782378
v 0.73313993 0.2901076 -1.04011035
v 0.58306926 0.7095099 -0.58130055
v -0.95544791 -0.10371848 -0.25417688
v -0.6868872 -0.47476813 0.55543708
v 0.00900434 -0.0309355 0.88472777
v 0.96107959 -0.03737072 -0.60106855
v -0.36178752 -0.52623277 -1.26672887
v 0.81756568 0.45736995 -0.19437198
v -0.26325187 0.04834169 0.77616459
v 0.40401518 -0.42121699 0.83702623
v -0.08752818 -0.06734228 0.89370393
v 0.93582046 0.00398997 -0.76005405
v 0.00322951 -0.69559568 -0.73426473
v 0.48971763 -1.19838511 -0.55964291
v -0.29768273 -0.51093143 -1.30127048
v 0.16045334 -0.13998907 0.89855241
v 0.73262637 -1.25553989 -0.31430402
v -0.15861132 -0.97482985 0.46346604
v 0.06813328 0.82436966 0.2215954
v -0.38886815 -0.94660836 0.24886873
v 0.94855731 0.02215336 -0.68441814
v 0.49141737 -0.83128476 -0.67908626
v -0.11260657 0.89585113 -0.24775984
v -0.50667107 -0.00920638 0.8052439
v 0.90587198 -0.0014743 0.11714301
v 0.63239938 -0.64990007 -0.92694288
v -0.10071481 -0.77200025 -1.10328137
v 0.71207851 0.56969404 -0.00464712
v -0.16952548 0.59305405 0.65030133
v 0.60969734 0.46680727 -1.03364133
v -0.70146393 -0.08085777 0.58134615
v -0.06321299 0.53676545 0.72339999
v -0.50584346 0.76168263 -0.09672664
v 0.20832365 -0.64491397 -1.23195874
v -0.69655346 -1.58248865 0.31174457
v 0.56654989 0.7151671 -0.05032624
v -0.6002466 0.713081 -0.3994539
v 0.54578042 -1.68637096 0.53551638
v -0.59113013 -0.53196954 0.6484878
v 0.43551692 -0.69602936 0.67496794
v -0.63002294 0.02247695 -0.40825858
v 0.41188618 0.11154861 -1.34280991
v -0.17611362 0.29074442 -1.36793935
v -0.8705458 -0.4839999 -0.47102335
v 0.60382044 0.13906298 -1.22643125
v 0.41740885 -1.12679719 -0.61055326
v 0.42363795 -1.20813143 -0.58622384
v 0.08976185 -0.98345661 0.95886051
v 0.13733486 -1.26109993 0.94776505
v -0.83873093 -0.52397012 -0.06451113
v 0.47999057 -0.03160735 -1.32925868
v 0.52339267 -0.85086453 -0.54908585
v -0.44929519 -1.55715775 0.78003555
v -0.47002023 0.04307752 -0.46024045
v -0.87745952 -0.08187481 0.23170575
v -0.81158697 0.03127234 0.22885011
v 0.92183375 -0.11426682 0.03990619
v 0.59140127 -0.53197836 0.64813077
v -0.53470516 0.06520967 0.57205361
v -0.59901034 -1.23819375 -0.47321197
v 0.40196967 -0.89902192 -0.51264947
v -0.85911321 -0.62625163 -0.05678563
v 0.37171605 -0.9373964 -0.27024462
v -0.28357023 0.16064994 0.87093138
v -0.88655298 0.29755365 -0.67762768
v 0.02889609 -1.03220331 0.11302593
v -0.06577349 -0.67512494 -0.73326051
v -0.83909934 -0.95432567 0.03365207
v 0.54027199 -0.01618745 0.78339719
v -0.75128775 0.27388703 0.39991816
v -0.41571477 0.5939151 -1.05150067
v -0.56797283 -0.8285278 0.25565072
v 0.45756238 -0.91717994 0.1902426
v -0.58348572 -0.20208612 0.70859563
v 0.53204232 0.19795936 0.73238188
v 0.82780289 -0.50722003 0.35531005
v 0.85591805 -0.50834399 -0.52632379
v -0.55039155 -0.13267512 0.73148876
v -0.03538132 0.8948307 -0.44793996
v 0.39351758 -0.64827632 0.85172838
v -0.56794589 0.03716839 0.63101577
v 0.23274157 0.8770805 -0.3630259
v -0.03813098 0.88446557 -0.52391624
v 0.46107366 -0.53561526 0.80768138
v 0.61266177 -1.54617404 0.07918395
v -0.45384854 -0.08324449 -1.34337985
v 0.6082943 -0.85497796 0.67499375
v 0.26807883 -0.77045011 -1.05335629
v 0.52319198 -1.16267287 0.73923391
v -0.37465059 -0.95505213 -0.62632876
v 0.32566466 0.73972129 -0.86651051
v -0.32868966 -0.11863376 0.89917719
v -0.65218097 -1.56176018 0.52065044
v 0.54450863 -1.28643739 0.70671057
v -0.27182057 0.71118301 0.43260362
v -0.65738749 -1.52632427 0.52537769
v -0.45871383 -1.60047125 0.21746748
v 0.33732223 -0.86679226 -0.7677924
v 0.49430859 -1.59762597 0.73098474
v 0.7758165 -1.22091317 -0.24019642
v 0.74650996 0.4359937 0.21452529
v -0.17939375 0.7115547 0.48087775
v -0.11895587 -0.88341718 -0.8528794
v -0.35357549 0.50713473 0.65725094
v -0.72483861 -0.13190427 -0.39340239
v 0.5420165 -1.57503616 0.68564474
v -0.76489186 -0.6579805 -0.3778505
v -0.27939057 -0.93364608 0.47574743
v -0.00130809 -0.18523684 0.95001179
v -0.77743548 -1.22055387 -0.23624706
v 0.47176727 0.77706039 -0.07291202
v -0.84995609 -0.81684941 0.10812578
v 0.57035827 -1.67269516 0.54132735
v 0.58515536 -0.66328525 0.54632413
v -0.81339645 -1.19009459 -0.10974311
v -0.5466386 -0.51958787 0.70207905
v -0.58217442 0.08804193 0.7275024
v -0.44103303 -0.30865985 0.84202659
v 0.65991109 -0.52576196 0.56233269
v -0.41643551 0.07193534 0.63766861
v -0.14865456 -1.5792526 0.92509132
v -0.54893279 -0.44389945 0.73422038
v -0.53610426 0.10578183 0.76108908
v -0.5535227 0.32337388 -1.18761634
v -0.32727876 0.73881512 0.32560268
v -0.63904857 0.07454342 0.67632728
v -0.85152936 -0.04419427 -0.99351441
v -0.68205916 0.06203575 -0.00538793
v 0.82231926 -0.00195024 -0.16337987
v -0.52016574 0.25486043 -1.24297201
v -0.62261503 0.20322451 0.64482009
v 0.75833851 0.26659214 0.3918665
v -0.76464551 -0.64441728 0.03619447
v 0.56700044 -0.0455532 -0.53382855
v 0.84874552 -0.0086029 -0.09846542
v -0.91579669 0.26487335 -0.38744804
v 0.36648932 0.06593303 0.69373452
v -0.40237134 -1.28554081 -0.50790214
v -0.93762201 0.18985426 -0.46304294
v -0.23946028 -0.10481339 0.87569499
v -0.89815598 0.16428448 -0.80533546
v -0.39103695 0.11075889 0.8441295
v 0.425397 -0.51362788 -1.24463009
v -0.51361775 -1.65221822 0.68415856
v -0.40399336 0.00441362 0.85915929
v -0.69529926 0.35182198 -1.04028642
v 0.40807193 -0.46585601 -1.27990853
v 0.31205144 -1.7490251 0.76447558
v -0.54665118 -0.08157319 0.78561234
v -0.85295015 0.28641587 -0.82200306
v -0.52658629 -0.80481064 -0.71367031
v -0.16038583 0.0311333 0.82395207
v -0.36324399 -0.05709941 0.88330805
v -0.49434119 -1.59761858 0.73095572
v 0.49909913 -1.32118761 0.75119596
v 0.01646571 0.8116284 -0.80025214
v 0.13127236 -0.2543393 0.91452884
v -0.42037501 0.2801795 0.77071839
v 0.43507513 -1.17661058 0.81476795
v 0.65199297 -1.54653835 0.09733986
v -0.31186011 -0.94381958 0.41656982
v 0.86188566 -0.45913898 -0.68918925
v 0.12489755 -0.70318687 -1.19158935
v -0.83885443 0.00613785 -0.0836232
v -0.50760114 -0.71829342 -0.96709406
v 0.24152329 0.27398276 -1.35778224
v 0.14830736 0.8138436 0.23130713
v -0.09154786 -0.62794607 -1.27010881
v 0.49168273 -1.54880917 0.74311399
v 0.07690653 0.84815418 0.12464079
v 0.88137072 -0.4009864 -0.72193443
v -0.43105638 -0.14568969 0.80685246
v -0.00401992 -0.63309603 -1.27130055
v -0.17760922 -0.9431681 -0.67842578
v 0.2381113 0.82929945 0.10824937
v 0.12452944 0.78878897 -0.84507995
v 0.0964672 0.42062452 -1.31595981
v -0.11317993 0.02437413 -0.66670012
v -0.17459519 -1.07545816 -0.68111431
v 0.76551097 -1.43360269 0.27682605
v 0.81441593 -0.05861715 0.39782577
v 0.03638055 -0.62091106 0.851143
v -0.53224301 0.19867533 0.73193705
v 0.7430371 -1.4482932 0.35098248
v 0.24106155 0.79672586 0.23270747
v 0.71847432 -1.5078684 0.39064633
v 0.71470695 -0.01907433 0.53661966
v 0.17415076 -0.04415403 0.87411183
v -0.34567421 0.37891286 0.75663971
v 0.76635897 -0.52944189 -0.87445592
v -0.4494943 -0.30997565 -0.61044657
v 0.91962856 -0.02673742 -0.82805514
v 0.55394572 0.31308385 0.65486812
v 0.2092933 0.41953909 0.78117215
v 0.36332592 0.43646884 -1.22865128
v -0.66078394 -0.08039114 -1.21432805
v 0.20183917 0.15214709 -1.40456187
v -0.42691877 -0.84202826 0.50457388
v -0.03571577 0.90222007 -0.32746091
v 0.51430392 -1.62638008 0.69952684
v -0.61524504 0.00040446 0.71736335
v 0.17408262 0.27631318 -1.37369012
v -0.06318103 0.03469307 -0.64705836
v -0.29821407 0.41972908 -1.26720225
v 0.21586035 0.22278557 -1.38255322
v 0.2307271 0.06683404 0.74012047
v -0.84534412 0.02815573 0.32961297
v 0.58290582 0.03750015 0.61597949
v 0.43171337 -0.75018101 0.626199
v -0.50481432 -0.06054644 -0.58059608
v 0.72157406 0.58539885 -0.14985221
v -0.60237008 -0.83015054 -0.03625613
v -0.69532191 -0.02230515 -0.40166589
v 0.37847426 0.01663515 -0.59717679
v 0.76527136 -1.47432971 0.20106485
v -0.31304976 0.70297509 -0.94902712
v -0.7029522 -0.71790957 -0.49006748
v -0.41213381 0.49747476 0.62948107
v 0.49507916 -0.00082036 -0.55469673
v 0.81462883 -0.54387813 -0.68817073
v 0.57080715 -0.40883439 -0.53052198
v 0.26637816 -0.22387056 -1.40592336
v 0.48510846 -0.01136228 -0.57169079
v 0.48678976 -0.15874868 0.77615708
v -0.12783904 -0.24663671 0.94078838
v 0.11874303 0.89529651 -0.37056678
v 0.42161396 -0.80344557 0.83701193
v -0.87257856 -0.3392775 -0.8438946
v -0.73202741 -0.80954867 0.50298106
v -0.1902935 -0.32790443 0.92363327
v -0.73427903 -1.08159124 0.44658675
v -0.57163184 -0.40738409 -0.52990299
v -0.31969344 -0.81689459 0.63397812
v 0.1941608 -0.24484023 0.93105632
v 0.95621705 0.029797 -0.61471539
v 0.25096079 -0.18170274 0.9221369
v -0.72156763 -0.67499566 -0.63844275
v 0.9417752 0.11215452 -0.65117669
v -0.70768392 -0.52623724 0.57367771
v -0.27794823 0.32229557 0.81394189
v -0.05664859 -1.00035607 0.43023741
v 0.62334287 -0.01801671 0.71207249
v -0.10912522 -1.46980929 -0.01753525
v -0.68138361 -1.16004061 -0.416161
v 0.68583059 -0.47265622 0.55861979
v -0.07272589 -1.55690085 0.23301467
v -0.59448677 -0.40523412 0.70565336
v 0.9476825 -0.21084098 -0.6203053
v -0.93203806 -0.26224783 -0.67544215
v -0.31448975 0.79006868 -0.7427476
v 0.6617105 -0.8439998 0.60866779
v -0.42647105 -1.70214033 0.73626339
v -0.23965814 0.8130691 -0.72492891
v -0.64865982 0.62074428 -0.73277872
v 0.80017024 -1.18720781 -0.17337659
v 0.03695075 -0.40665358 -1.39910388
v -0.4902274 -0.3674533 -1.28012752
v -0.19744981 -0.9144352 0.56657445
v 0.80449646 -1.25875628 -0.11939451
v -0.34622949 0.21933791 -1.34264528
v 0.49211633 -0.58312225 0.71231389
v -0.01647554 -1.68426239 0.92026919
v -0.9619888 -0.00322967 -0.56837397
v 0.01659762 -0.00811198 -0.72030305
v -0.39539578 0.14592647 -1.34279656
v -0.94608336 -0.11496121 -0.71240615
v -0.71470576 -0.01907029 0.53661841
v 0.61682707 0.32937252 -1.13446736
v 0.83269929 -0.27486491 0.35919234
v 0.74573594 -0.62957203 0.20898053
v -0.53042578 -0.86528825 0.22634297
v -0.41683915 0.44072943 0.67472457
v -0.03754745 0.10973227 -1.43596661
v 0.42342701 0.56137019 -1.08518588
v -0.88617408 -0.3136858 0.11951912
v 0.29248839 -0.82794982 -0.92362523
v 0.88018775 -0.33876299 -0.8190329
v -0.07879718 -0.81939274 -0.70456945
v -0.42287349 -0.36554369 -1.31519556
v 0.12704379 0.59017449 -1.17180538
v -0.00030664 -0.07315629 -0.74137061
v 0.71864879 -1.39616227 -0.18018102
v 0.71109062 0.60889869 -0.53760099
v 0.39019933 0.37349408 -1.25660193
v -0.94361156 0.09310734 -0.65866655
v 0.74886477 -0.00716159 0.47750759
v 0.70033186 -1.36051416 -0.25798296
v -0.30383917 -0.02488833 0.83271825
v 0.68863451 0.04145585 -0.2608264
v -0.50119602 0.00005479 0.72358596
v 0.81828928 -0.01278752 0.34995296
v 0.39876765 -0.22652399 0.87111318
v 0.60551458 -0.00544542 -0.47800427
v -0.42281842 -0.06051187 0.79685491
v 0.61987435 0.03488501 -0.37795499
v 0.03180031 0.23327976 0.88812387
v 0.3326857 -0.57703143 -0.66748929
v -0.4811224 -0.55540764 0.73722809
v 0.47404277 0.01722955 -0.54139536
v 0.32628542 -0.08271776 0.8984884
v -0.43992477 0.62387204 -0.99218696
v -0.25298601 0.54875904 0.66710126
v -0.36838889 0.83885061 -0.27570399
v 0.30694359 -0.94542431 -0.37229412
v 0.7044655 -0.72042083 -0.44345086
v -0.15454541 -0.12774343 -1.43951857
v 0.5011636 -0.00001746 0.72366058
v -0.56312006 0.4706698 -1.07192182
v -0.13104425 -1.63983464 0.91927045
v 0.4296289 -0.10183759 0.80235028
v 0.76600801 -0.64446127 0.0219056
v 0.69475454 -0.90872514 0.55042719
v 0.44304049 -0.03243231 0.77638959
v 0.33066055 -0.20174503 0.85757297
v -0.81441927 -0.05863789 0.39782968
v -0.91698944 -0.3648954 -0.52067995
v -0.03445863 -1.03357756 0.19518572
v 0.42276331 -0.06049359 0.79687553
v 0.88442981 0.33238419 -0.59825074
v 0.24137078 -0.0888396 -0.70676457
v -0.50678169 -0.52947104 -1.1856873
v 0.19356763 -1.27075851 0.93374943
v -0.73998707 0.46211075 0.18414373
v 0.76682889 -0.48398661 0.38320449
v 0.52976501 -0.07267532 -0.5656889
v 0.04162991 -0.94574654 -0.69192987
v 0.53888577 0.11529903 0.75579786
v 0.57571703 0.63394135 -0.833745
v -0.48234105 0.18897175 0.77087205
v -0.82696747 -0.13993488 -1.03012096
v 0.2966566 -0.58653688 -1.25202488
v -0.39639255 -0.73400729 -1.03808093
v 0.04997186 -0.89469355 -0.69447773
v 0.06201881 -0.15545918 -1.44883573
v -0.63730365 0.57014232 -0.86215877
v -0.32178998 0.73762226 -0.87387824
v 0.33481428 -0.47634163 -1.30603778
v 0.04421993 -0.46867162 -0.73194682
v -0.44472897 0.6901018 -0.87495803
v -0.34979814 -0.62655848 -1.19519317
v 0.3607949 -0.52686351 -1.26686906
v 0.1392952 -0.89689463 -0.68654245
v -0.59580278 -1.09138143 0.66648906
v 0.57451784 0.16048951 0.71041202
v 0.29904559 -0.09641715 -1.40547883
v -0.49019354 0.63962423 -0.92561411
v -0.20362334 -1.57475853 0.91119027
v -0.4140664 0.01077135 -0.588795
v -0.2190864 -1.76488924 0.80146795
v -0.19774307 -0.82758295 -0.97365772
v 0.73521536 -0.69070589 0.00499186
v 0.72202229 -0.21895392 -0.39270824
v -0.7488631 -0.0071598 0.47750854
v 0.5331608 0.67409199 0.20744131
v -0.15716335 0.62872666 -1.1219449
v -0.18618097 0.77635484 0.32913029
v 0.30632856 0.4703398 0.71282154
v 0.75302946 -0.10210387 -0.35633292
v 0.88369953 -0.44684293 -0.26316371
v 0.27536287 -1.20247769 -0.63090425
v 0.27667409 0.31850048 0.81601977
v 0.82057863 -0.56419229 -0.08224658
v -0.0243919 0.74860847 0.4429394
v 0.4687134 0.42450669 0.65026849
v -0.65054369 -1.50113499 -0.01435331
v -0.75335812 -0.92567992 -0.30864414
v -0.46865847 0.44401472 0.63343703
v 0.71524167 0.0994977 -1.14401793
v 0.46734339 0.03803686 0.7028858
v 0.64362961 -1.45426559 -0.12077895
v 0.77534097 -0.34661236 -1.03704404
v 0.24674193 -1.25420928 0.91626465
v 0.44280281 -1.62652969 0.28488469
v 0.7952159 -0.29510375 -1.03405511
v -0.84058719 -0.52020877 -0.61615502
v 0.13423463 0.71032005 -1.00721573
v -0.27441278 -1.65942108 0.41818302
v -0.04129387 0.23374317 -1.40542841
v 0.7629624 -0.30008512 -1.0773437
v 0.635212 0.3258495 0.5528891
v -0.86817979 -0.1185432 -0.13282848
v 0.31500992 -1.50691568 0.04570122
v -0.12074016 -0.09306044 -0.73294025
v -0.64921402 0.62936741 0.02904874
v 0.20050448 -1.4875071 0.02718861
v -0.42817321 0.42270344 -1.20525884
v -0.00188271 -0.09730554 -1.45371913
v -0.82117807 -0.00078785 -0.16374197
v -0.38971504 0.33614224 0.75989949
v 0.51986616 0.76274716 -0.45690938
v -0.83928281 0.44419896 -0.41031035
v 0.3199822 -0.80075603 0.65240329
v 0.22808359 0.7111265 0.45766153
v 0.05608616 -1.51959812 0.14185424
v 0.15687124 0.50422966 -1.24745619
v -0.09639968 0.50945717 -1.25320756
v -0.56308949 -1.27712607 -0.4674316
v -0.8592844 0.24221217 0.11851627
v 0.56582135 0.73670285 -0.40513703
v -0.71480333 0.60796386 -0.29064708
v -0.09330443 -1.02652978 0.09093418
v -0.59749615 0.69955021 -0.58224183
v -0.60654455 -1.2767235 -0.43952938
v 0.86166679 -0.48160967 -0.61306953
v 0.12163718 -1.63104641 0.92270958
v 0.80599212 -0.28423768 -0.26659649
v -0.27123048 -0.80145192 -0.99555802
v -0.19205908 0.50493472 0.72618985
v -0.75173944 -0.54899704 0.3464429
v -0.43586704 0.80539107 -0.16537301
v 0.60366576 0.55505669 0.33342647
v 0.94543099 -0.04008211 -0.14114165
v 0.11983761 -0.88301467 -0.85372078
v 0.56094747 -1.29556834 -0.44768899
v -0.42408847 -0.08127346 -0.63052147
v -0.57803946 -0.62931722 -1.02825832
v 0.85208487 -0.03634674 0.28727513
v -0.49221009 -1.70111942 0.52924186
v -0.36826062 -0.00908434 -0.63531261
v 0.8770644 -0.39014044 0.05230751
v -0.82605034 -0.03689465 -1.03442323
v 0.7846812 -0.38979023 -0.99425917
v 0.57086044 -1.56364941 0.11537323
v 0.6639384 -1.58354461 0.47659671
v 0.84833008 -0.41514644 0.18255093
v -0.42091703 -0.00278404 0.77249175
v -0.85093927 0.16641274 -0.92712467
v 0.81214666 -1.1759212 -0.12094864
v -0.77499365 0.22896014 -1.02114319
v 0.67395758 -0.00633102 0.57636475
v 0.81908989 -1.22977781 0.07769224
v -0.62697768 -0.00761884 0.62862104
v 0.70068258 -1.49751246 0.44446766
v -0.44010996 0.80249118 -0.46056041
v 0.24917307 -1.08369755 -0.66753399
v 0.64803332 -0.79225432 -0.10849876
v -0.18857473 -0.4214974 0.90619766
v 0.27372831 0.37830928 0.78601771
v -0.23836813 0.84640288 -0.59455019
v 0.12117122 0.0001556 0.93267828
v -0.7827183 -1.37428903 -0.07227405
v 0.58802133 -1.61839878 0.60264301
v 0.26773437 -1.68713617 0.86270642
v -0.65823733 0.03792119 -1.20680666
v -0.81360888 -0.5761457 -0.55242097
v -0.03826233 -0.90962737 -0.77991163
v 0.55857765 0.07176556 0.49458241
v -0.70330381 -0.00020739 -1.17380154
v 0.51684647 0.08000225 0.44946342
v 0.47007539 -0.15574516 0.83721786
v 0.28644603 -1.65180814 0.86636304
v -0.00726336 -0.95520204 0.5448476
v -0.68666547 -0.17754246 0.65078777
v 0.94186258 0.16315303 -0.37927794
v -0.60898661 0.54877179 0.33553296
v 0.82821047 -0.10457086 -1.03149902
v -0.77699017 0.20778146 0.39682242
v -0.82085406 -0.10939484 0.42020162
v 0.27062216 -0.74095815 -1.0982635
v 0.44010752 -0.1012858 0.85207635
v -0.61027622 -1.15007209 -0.48946389
v 0.12700045 0.53587281 0.71540862
v -0.72786772 -1.41883921 0.40329232
v 0.1597573 -0.08359915 0.88844686
v 0.96265298 -0.10950905 -0.5634756
v -0.10306489 0.1153923 -1.42916595
v 0.60872167 0.70674592 -0.31472212
v 0.08642307 0.484283 0.76280957
v 0.06272173 -0.22655734 -1.44143569
v -0.29900524 0.59730601 0.59383159
v 0.84672862 -0.28710594 -0.94663846
v 0.58421754 0.71636986 -0.16350989
v -0.73910242 -0.66257089 0.13634446
v -0.55084765 0.73814153 -0.14549601
v -0.64584279 -1.45427119 -0.11972844
v 0.59934777 -1.14541351 -0.49927532
v 0.93146628 -0.31865024 -0.4089837
v 0.82979577 -0.33744931 -0.94888985
v 0.60650634 -1.27669549 -0.43958088
v 0.78271943 -0.06375454 0.46071562
v -0.75424832 0.45943504 -0.82925903
v 0.61832493 -0.80161678 -0.478596
v -0.66355425 -0.59115767 -0.43861547
v 0.20771981 -1.73677575 0.62389564
v 0.83051669 -0.81959712 0.24193562
v 0.52581727 -0.911206 0.75443553
v 0.18860527 -0.91656321 0.93932288
v 0.26476436 0.67573195 0.50103586
v 0.28879845 -0.0793647 -0.69154149
v 0.22316239 0.0349932 -0.61540871
v 0.22348152 -1.67524838 0.46649983
v -0.23013587 0.87495619 -0.19333361
v -0.61636626 0.33145421 -1.13353014
v -0.42897152 -1.23120904 -0.56959956
v 0.58918434 0.45459625 0.49444723
v 0.0293916 -1.00406968 -0.16973336
v 0.48505333 -0.66060853 -0.58467799
v -0.70028638 0.52322834 0.17671571
v -0.35765993 -0.03091195 -0.65313559
v 0.80643928 0.04978777 -1.04836607
v -0.33166334 -0.59775316 0.88089203
v 0.41818386 0.48119607 0.63993924
v -0.78296953 -0.24441036 -1.07136869
v -0.23578789 0.87641382 -0.36615267
v 0.49491691 0.43821585 -1.15282511
v 0.39528039 -0.54608845 -0.63864463
v 0.03572065 -0.90999484 -0.7788217
v 0.02248584 0.89343607 -0.13803069
v -0.6992591 -0.35140427 -1.12944901
v -0.52470296 0.19284825 -1.26270997
v -0.2636457 -0.06863633 -1.41594505
v -0.1249657 -0.8613317 -0.91649496
v 0.53823506 -0.60906249 -0.55098444
v -0.36094644 -0.41154363 -1.32462811
v -0.02971202 0.90010678 -0.22420629
v 0.11864104 0.88402605 -0.10424252
v 0.82998991 -1.03937256 0.10951859
v 0.39928633 -0.07405681 -0.6427316
v -0.14381921 -0.75551599 0.94559752
v -0.9570856 -0.04420323 -0.64532429
v 0.28335624 -1.75382614 0.69893091
v -0.16015093 -1.02107095 0.18276475
v 0.16314469 -0.14796581 -0.72393602
v -0.17060644 -0.0248559 -0.71244311
v -0.1535566 -0.95376992 -0.51282614
v -0.49507951 -0.00082037 -0.55469685
v -0.41929835 0.76078581 0.13859514
v 0.18197572 -0.08959621 -0.72202003
v -0.1516224 -1.00883114 -0.04417751
v -0.1248541 -0.58495765 -1.29892766
v 0.43954208 0.5211088 0.58437657
v 0.76677703 0.36861643 0.26002928
v -0.24081823 -1.13622558 -0.6639387
v 0.18363931 -0.72147762 -0.70793545
v -0.71811717 -1.50853705 0.39127412
v 0.25490012 0.01842184 0.81866514
v -0.76526969 -1.47433316 0.20107086
v 0.64844059 0.13627259 0.64388382
v 0.77220547 -0.55765843 -0.81116527
v -0.78381437 -1.42560064 0.16367581
v 0.65378034 0.25598242 0.57744866
v -0.87512797 -0.41608119 -0.72374808
v -0.44706553 0.56412953 0.52569502
v -0.86582434 -0.41431257 0.08255052
v 0.53045964 -0.8751285 0.15052449
v -0.716039 -1.40318214 -0.17054048
v 0.33872252 -0.62988776 0.87886351
v 0.62030077 0.20317541 -1.19251728
v 0.53806012 -0.5999946 -1.10108661
v 0.30573624 0.27881497 -1.33623576
v 0.17411163 0.0372149 0.81383436
v 0.26340207 -0.27850326 -1.39728879
v 0.15995201 -1.77062439 0.82093566
v -0.43152895 -0.00860496 -0.60197472
v -0.66241073 0.65042239 -0.16512654
v 0.02242994 0.05918289 0.78875017
v 0.22431008 -1.76395404 0.79986661
v -0.84364742 -0.02490817 0.30079624
v 0.24357065 0.21623301 0.86455363
v -0.03647555 0.06868622 0.76235163
v -0.75869733 0.34521162 -0.9600799
v -0.28678739 -0.67423945 0.77418345
v 0.83568584 0.44374519 -0.31848412
v 0.0316418 0.1502681 0.91085684
v 0.71684145 -1.30543994 -0.30255073
v 0.44392645 -0.30817017 0.84071672
v 0.77333074 0.22806455 -1.0239638
v -0.34612476 -0.60524499 0.78977555
v 0.20501379 0.08244468 -1.4171679
v 0.00309139 -1.78210997 0.82856196
v 0.83779299 -0.9733923 0.03677341
v 0.3843218 -0.11120599 -0.6512053
v 0.89074236 -0.06634292 0.00351481
v -0.26737707 -0.81867617 0.66008311
v -0.65224123 0.25573414 0.57971537
v 0.26853093 0.0116673 -1.41013407
v 0.24087943 -1.13625812 -0.66392177
v 0.17768488 -0.05875378 -0.72094059
v 0.19556498 0.50660389 0.72376763
v 0.57141214 -0.19620779 0.71790343
v 0.1822897 0.78179055 -0.84358984
v -0.65040457 -0.7748875 -0.37844204
v 0.3545928 0.04281551 -0.52763104
v 0.84897434 0.23654286 0.16687421
v -0.32855957 0.32821673 0.79200613
v 0.02051269 0.22246305 -1.40966725
v -0.46868327 -0.13031648 -0.60553741
v 0.27122858 -1.23922824 -0.59380424
v -0.0033519 -0.26617631 -1.43725502
v 0.54496437 0.52758431 0.46471577
v -0.04303993 0.28689122 -1.38712799
v 0.83036667 0.01717697 0.23471434
v 0.76771271 -0.11088989 -1.11283326
v -0.08780633 -0.62292534 -0.7330296
v -0.7180168 0.52789229 -0.78963983
v -0.03985241 0.17921274 -1.42077601
v 0.23655456 0.81368905 -0.72488397
v -0.67764508 0.56941986 -0.79077458
v -0.11955606 -1.10806155 0.95450305
v 0.40933129 -1.23124241 -0.57699787
v 0.60601902 0.30662369 0.60335183
v 0.76712775 0.12345973 0.46871286
v -0.63242542 -1.63837659 0.3944509
v 0.67996937 0.141163 0.60212302
v 0.79254579 0.43363696 -0.77833461
v 0.64166188 -1.15041279 -0.4604153
v 0.36639922 0.78420293 0.13568629
v -0.882945 -0.20003761 -0.9060806
v -0.57892435 -0.83443516 -0.51025676
v 0.47934362 -0.08246871 -0.59916001
v 0.89028173 -0.049231 0.04972208
v -0.82030266 -0.0630147 -0.23819141
v 0.34930014 0.02422144 -1.3820213
v -0.64101755 0.22025375 -1.1698302
v 0.89571934 -0.08293575 0.10133242
v -0.70302045 0.19903229 0.53942036
v 0.16020318 -1.69360017 0.89853364
v 0.39967283 -0.93653667 0.28473717
v 0.01415154 0.39913767 -1.3347392
v 0.89253854 -0.09904646 0.15501289
v 0.53813237 -1.22664678 -0.51900446
v -0.71071177 0.20793171 -1.11037564
v 0.1625683 -1.75419342 0.85582858
v 0.59231168 -0.02815028 0.67277973
v -0.456514 -1.27446186 -0.51439321
v -0.0699562 0.85742533 -0.64272517
v -0.59230965 -0.02814995 0.6727814
v -0.49093449 -1.19878995 -0.55883765
v -0.73271799 0.28942588 -1.04113423
v -0.73710453 0.15590989 -1.10264802
v -0.90196561 0.22747434 -0.09656963
v 0.33543166 -0.6806004 -1.14735782
v -0.50148582 0.59593677 -0.98169064
v 0.82678902 0.4017615 -0.72896939
v 0.784698 -0.49852484 0.31260144
v 0.34194007 -0.67443567 0.74960082
v -0.92858547 0.19415529 -0.26393151
v -0.12152182 -0.66549146 -0.72637265
v -0.08920469 -0.95598226 0.53100621
v 0.89700961 -0.03698463 -0.89526927
v 0.33124712 -1.39277446 -0.2147357
v 0.86296802 -0.13657644 -0.14848971
v 0.4024257 -0.7014926 -1.08210694
v -0.91213631 0.17311054 -0.74360102
v -0.04065792 -0.00810781 -1.44999194
v 0.64859521 -0.36517521 -1.17082154
v -0.67916733 -1.54781091 0.12351523
v -0.0258612 -0.87581425 -0.69734722
v -0.38843017 -0.38439014 0.85252291
v -0.20709344 -1.57319068 0.24092046
v 0.11279667 -1.01794052 0.33032044
v 0.39273601 -0.21045437 -1.36293435
v -0.86055487 -0.02007083 0.23076824
v 0.06697834 -1.56479144 0.93865466
v -0.0024905 -0.211317 -1.44554698
v 0.17054717 -0.43785631 0.90591734
v 0.21519315 -0.95922404 0.46623295
v 0.25264626 -0.47193172 0.87823897
v 0.4141651 0.46921315 -1.17882335
v -0.75309526 -0.3938449 -1.04037129
v -0.13323237 -0.75723391 0.75805747
v 0.30467501 0.33371087 -1.3132267
v 0.62917709 0.60679793 -0.80419158
v 0.34883451 0.55388289 0.61345529
v -0.64853382 0.67570376 -0.39995816
v -0.00216586 0.54049116 0.72365295
v -0.12720088 -0.81684142 0.70897162
v 0.23653966 0.55337816 0.66935342
v -0.78230011 -0.330895 -1.03584909
v 0.7024427 0.56460952 -0.74430775
v 0.4072507 0.71125882 -0.86541718
v -0.06543225 0.87024968 0.01850851
v -0.70842337 0.61954897 -0.38565945
v 0.12640981 -0.82043176 0.70565909
v 0.11954337 0.62880462 0.62306243
v 0.23775489 0.39920097 -1.29970812
v -0.31105577 -0.85045564 -0.65277677
v 0.50203216 -0.80422502 0.47022125
v -0.72690981 0.01591409 0.57784837
v -0.81703293 -0.51387131 -0.21334898
v 0.94255626 -0.18973667 -0.69070166
v 0.96472585 -0.07921417 -0.40918591
v -0.35657858 -1.34070539 -0.35771617
v 0.72115552 -0.39580708 -1.08119154
v 0.67917162 -1.54780638 0.12350787
v 0.32545074 -0.48040214 0.85213273
v 0.92745661 -0.0997885 -0.80219399
v -0.93817216 -0.29379102 -0.44930806
v -0.79446882 -0.91704154 -0.21827314
v 0.34130451 -0.07538972 -0.67005246
v -0.58855378 -1.37252712 -0.29643386
v -0.65753096 -0.76806956 0.12535192
v -0.81874299 0.1750084 0.32065522
v 0.36959737 -1.66110813 0.81503582
v -0.49305895 -0.71181291 0.6083759
v 0.26262685 -0.88629877 -0.66405952
v -0.51195597 -1.3842504 -0.27105525
v -0.89886349 -0.13001175 0.05701259
v 0.47623285 -1.69061958 0.47040239
v 0.79654836 -1.34848296 -0.04917471
v -0.89238369 -0.30553773 0.08818142
v -0.24660548 -1.35662698 -0.29203537
v -0.50254035 0.69337934 -0.80277657
v -0.24409939 -1.71560847 0.85893333
v 0.54093301 -1.6739825 0.4275392
v -0.56262087 0.3974601 0.58356326
v -0.07083055 -0.03707728 0.8845821
v 0.79902952 -0.1083124 -1.07361793
v -0.59117841 -0.02236262 -0.50343215
v 0.17636649 0.88090741 -0.44617328
v -0.4486095 -0.93776673 0.81575661
v 0.8469659 -0.82757252 -0.01319934
v -0.25843659 0.03402987 0.80006909
v -0.47569519 -1.12027978 0.78546583
v 0.55951446 0.18462435 -1.24350023
v -0.38487091 -0.19972881 0.83450591
v 0.88018882 -0.51453673 0.06493936
v 0.63242888 -1.63837397 0.3944441
v -0.52499169 -0.19722488 0.75263172
v -0.23341105 -0.71131336 -0.69536232
v 0.89091634 -0.29564383 0.01936347
v -0.93975585 0.03560796 -0.72975933
v 0.22324463 -0.92234462 0.53954911
v 0.88580685 0.2986733 -0.6792851
v -0.27348464 0.26103216 -1.3537389
v -0.74537783 0.01167971 0.45753338
v -0.88340365 -0.11489538 0.23257115
v -0.29473015 0.86260575 -0.29196813
v -0.75701046 -0.61093461 0.2072467
v -0.75842696 0.05024214 0.26798012
v 0.73493534 0.59096956 -0.38889935
v -0.77649033 -1.39730668 0.25447097
v -0.50559085 0.77140516 -0.20210461
v -0.82353204 -0.09598016 0.39127996
v 0.48670432 -1.17696762 0.772605
v 0.84520918 -0.50817316 -0.06005935
v -0.96622091 -0.05679399 -0.49257332
v 0.12433023 0.35261318 0.83465743
v 0.71580565 -0.69426721 -0.56937146
v -0.40146595 0.7206034 0.29100629
v 0.84950369 -0.47195631 0.05432327
v -0.43066829 -0.78418445 -0.91121274
v 0.69732123 -0.71937996 -0.51965451
v 0.49926972 -0.76263016 -0.8840512
v -0.63028144 -0.2931264 0.69988137
v 0.94523263 -0.26239422 -0.48492923
v 0.92432379 -0.05099178 0.02411745
v 0.60356503 0.62905818 0.17417824
v 0.59391641 -0.69251108 -0.90524041
v 0.94615298 -0.16709429 -0.19833459
v -0.81660956 0.00961253 -1.04268312
v 0.71264225 0.50829398 0.17281507
v -0.32838851 -0.82003337 -0.91613107
v 0.62006253 -0.73916167 -0.73258304
v 0.66003328 0.57233017 0.17407275
v -0.2855387 -0.72287493 0.73987752
v -0.64948189 -0.23019617 0.68985682
v -0.78522366 0.00196685 -1.0867294
v -0.06292953 0.49525794 0.75632107
v -0.71487438 -1.49091553 0.01700538
v 0.10721059 -0.97106665 -0.41493392
v -0.84320032 -0.04083895 -0.1714407
v -0.55589675 0.69564527 -0.71145838
v 0.47237759 0.78574979 -0.14832022
v -0.71860772 -1.44424176 -0.08604025
v 0.87587916 -0.28268826 -0.08360025
v -0.25252199 -0.94823074 -0.66412133
v 0.71487295 -1.49091434 0.01700029
v 0.43348768 0.81130206 -0.25841286
v -0.15944732 -0.94625109 0.52640062
v -0.75988471 -1.38233423 0.32420605
v -0.40242832 -0.14129468 0.87173193
v 0.64035904 -0.12147525 0.65389269
v 0.85850787 0.16444118 0.20586001
v -0.25535437 -0.25466132 0.91804641
v -0.76993775 0.54345166 -0.52505689
v 0.8805952 -0.02835532 0.13312237
v 0.85653644 -0.05034402 -0.14141899
v 0.66599291 0.03133714 0.53341502
v 0.15901912 0.13454867 0.90373158
v 0.82353651 -0.09558526 0.391166
v 0.81541985 -1.01069331 0.22314539
v -0.5804004 0.25590086 -1.20151054
v 0.21077743 -0.84993797 -0.68017953
v -0.61154508 0.46840503 -1.03008151
v -0.35808616 0.06011462 -0.37246853
v -0.43412008 0.0780627 -1.33901655
v -0.81323134 -0.51036441 0.39033782
v -0.2389214 -1.66543543 0.88290774
v 0.37421074 -1.72233307 0.76347863
v -0.39670407 -0.06803679 -1.36913287
v 0.36600133 0.80994606 -0.60576129
v -0.51544845 0.08188039 0.30998754
v -0.61614227 0.53867584 -0.94169879
v 0.35596904 -1.73443663 0.75894457
v -0.53365916 -0.02305683 -0.54712379
v -0.86120748 -0.0974502 0.29514098
v -0.47322964 -1.15417671 -0.57998085
v 0.56802201 -1.10347139 -0.52587771
v -0.80940753 -0.34502285 0.38539817
v 0.16265572 -0.76807463 0.74334031
v 0.85580855 0.39966923 -0.26884046
v -0.36770662 -0.12620098 -1.3800683
v 0.43948006 -0.91594231 -0.22849804
v 0.122792 -0.10860258 0.94218474
v -0.41829258 -1.12614858 -0.610215
v -0.22786347 -0.16646054 -0.70783418
v 0.07538354 0.03311274 -0.65036833
v -0.37572535 -0.96013838 0.13551737
v 0.35899922 0.01956603 0.78300225
v -0.60954511 -0.02293371 -1.2508248
v 0.5708056 0.59205353 -0.91695886
v 0.03450851 -0.04804799 0.94343465
v 0.30950784 -0.97750562 -0.02169494
v 0.01021103 -0.00614676 0.87091219
v 0.38836792 0.78303527 -0.68696069
v -0.10605635 -0.00837456 -1.44428062
v 0.3496631 -0.81306421 -0.64152371
v -0.12241303 -0.05420779 0.93825638
v 0.47322905 -1.15417623 -0.57998132
v 0.07232784 0.01584089 0.85115039
v 0.3036341 0.51279473 0.6788401
v 0.90045464 -0.32359826 -0.76096177
v -0.03652979 0.0068653 0.93748533
v 0.06904136 -0.00319263 0.86631822
v -0.56453162 0.00468729 -0.50013274
v -0.54467755 0.51702952 -1.04166674
v -0.16740168 0.00647213 0.92621398
v 0.71650391 0.52909463 -0.79053217
v 0.92806726 -0.19931948 -0.76057958
v 0.32780319 -1.7270137 0.59603792
v 0.303157 0.55777978 0.63598591
v 0.5592454 -0.73928976 0.48734575
v 0.71860724 -1.44424057 -0.08604428
v 0.26748007 -0.7812913 0.69840347
v -0.69191288 -0.11981625 0.59917157
v 0.35208636 -0.58718007 -1.22840821
v 0.59351122 -1.65553641 0.53775006
v -0.63757318 -1.11200547 0.60879612
v 0.0097246 0.03334154 0.83434337
v -0.52779394 -0.90654677 0.75260978
v -0.85248255 -0.80163729 0.03909941
v 0.48017802 -0.86483454 -0.52992326
v 0.59482115 -0.47076639 0.67812597
v 0.67202031 -0.90143895 -0.42374143
v -0.38849118 0.72098755 -0.85964942
v 0.90500944 -0.08004912 0.1403062
v 0.29997727 -0.91063022 -0.61849522
v -0.55222898 0.67096972 -0.78682065
v -0.7876544 -1.09903359 0.30249944
v -0.8682028 -0.0440906 0.23874816
v 0.38247671 -0.36308392 -1.33377361
v -0.96275085 0.01517039 -0.41227799
v -0.80891615 -0.8964461 0.29440844
v -0.0386678 -0.39472952 -1.40338659
v 0.22356693 -0.93052083 -0.59498155
v -0.37939748 -1.23525285 -0.58207565
v 0.85320317 -0.09999831 -0.98972696
v -0.84724348 -0.1311852 0.34036618
v 0.00249636 -1.53624665 0.18950468
v 0.812671 0.39105162 0.06491211
v 0.11300324 0.89252144 -0.18879315
v -0.51032435 0.77093797 -0.40189796
v 0.85145574 -0.15516191 -0.9865064
v 0.22875264 -1.63056099 0.89491808
v -0.62129783 -1.60615801 0.55167353
v -0.39311263 -1.25539839 -0.55638152
v 0.83160805 0.31446176 0.12749555
v 0.81795305 -0.2268462 -1.02632582
v -0.79638409 -0.13517196 -0.29222992
v 0.34533226 -1.34105789 0.86532443
v -0.53397905 -0.63627553 0.6367793
v -0.83451265 -0.97532808 -0.02878473
v -0.57035601 -1.67269647 0.54132932
v -0.55054277 -0.82514941 -0.5533812
v 0.08570641 -0.80473744 0.95595222
v -0.23760889 -0.09150252 -0.70795297
v 0.2827478 0.11860752 0.88161075
v -0.59351384 -1.65553474 0.53774768
v 0.82724028 0.16303947 -0.97462183
v -0.6795271 0.42554563 0.38395342
v 0.06713166 -0.62789398 -1.27227509
v -0.52671897 -0.88043773 0.12266562
v -0.04696835 -1.19764423 -0.65381974
v -0.72312653 -0.45057222 -1.03961944
v 0.77119189 0.15615586 -1.06183445
v 0.74613112 -0.2059461 0.56303221
v 0.03741146 -1.20214593 -0.64935886
v -0.00393679 -1.16983795 0.96352207
v -0.73011446 0.43866717 -0.90703725
v -0.79004335 -0.09980982 0.45717859
v -0.28118822 0.58768004 -1.12966179
v -0.17965202 -0.89321178 0.60566401
v -0.6841433 -1.00899386 0.55229628
v -0.69827854 -1.45210599 0.46378383
v 0.47107371 0.60254436 0.44646403
v -0.49353107 0.56301677 0.47818186
v -0.12359648 -0.85455006 0.67041772
v 0.00427736 -1.4581182 -0.06455697
v -0.49567043 0.43936258 -1.15136778
v -0.06660936 -0.89249205 0.63461834
v -0.86468845 0.11517407 -0.92476326
v -0.3039309 -1.74864864 0.77549505
v -0.66474521 0.32197907 -1.09537148
v -0.35386323 -1.09916079 -0.63766431
v 0.09262462 -1.02675163 0.09351804
v 0.62501072 -1.51076197 0.58520734
v 0.75721925 0.00692118 0.44634085
v -0.06402205 -0.02471757 -0.72784435
v -0.74630773 0.52140373 0.01105154
v 0.68940889 -1.21270895 0.51203519
v -0.93467235 0.19578422 -0.37960064
v 0.7094959 -1.54066538 0.38802996
v 0.00481517 -1.64808571 0.92944449
v 0.63007366 -0.04313124 0.64616435
v 0.74800419 -0.65999519 -0.56776398
v 0.45007789 0.65736812 -0.93252909
v 0.66416317 -1.47492468 0.525788
v 0.19982132 -0.33208951 0.921422
v 0.69219172 -0.11924804 0.5987789
v 0.77954912 -0.57837098 -0.73556977
v -0.23040676 -0.49045869 -1.33352148
v 0.69830387 -1.4520595 0.46373972
v 0.34283724 0.56634509 -1.12552225
v 0.42124077 -0.8179003 -0.83301466
v -0.59136742 -1.60111272 0.21316468
v 0.55279421 0.38746985 -1.14831161
v -0.48143276 -0.494129 -1.22518825
v 0.59808129 0.50321847 0.42284718
v -0.42213916 -0.51039516 -1.24817323
v 0.75554513 -0.17146851 -0.35227376
v 0.6768831 0.09285438 0.62454485
v 0.36771383 -1.2678039 -0.54307025
v 0.75410437 -1.41418671 -0.08474516
v 0.43230694 -0.91837018 -0.59976893
v -0.05954323 -0.68847227 0.81329792
v -0.69200474 -0.73868107 -0.35456389
v -0.68880575 -0.75197291 -0.1476635
v -0.01896963 -0.10924407 0.90740203
v -0.18308241 -0.58652412 0.85046821
v -0.76852387 0.05376742 0.49557903
v -0.64066457 -0.12157887 0.65360289
v 0.10376738 0.075827 0.9220286
v -0.25748282 -0.72425735 0.91469264
v 0.4811542 -1.70873129 0.62767815
v 0.06606859 -0.89246821 0.63467705
v -0.57841002 -0.18582065 -1.26833021
v 0.10029209 0.13749502 0.90926253
v 0.86426186 0.32871118 -0.07125088
v -0.02696214 -0.85580557 -0.94552463
v -0.45403009 0.18564873 -1.30419397
v 0.79046779 0.10394443 -1.05507504
v -0.665578 -0.70610129 -0.72467529
v 0.10073989 -1.47508037 0.00008613
v -0.75563067 -1.14531862 -0.30130073
v -0.60620105 -0.78083998 -0.59996736
v 0.5199964 -1.6064614 0.22147381
v 0.68747586 -1.09782171 -0.41112867
v -0.28258568 0.5517165 -1.16685295
v 0.1237671 -0.31756368 0.93468457
v -0.42221698 0.2161709 0.79689616
v -0.78453564 -0.14348153 0.49998885
v -0.5994659 -0.06126487 0.68023294
v 0.73013651 0.03269613 0.43645131
v 0.28886833 0.7372269 0.36226037
v -0.88085287 0.21882428 -0.81159281
v -0.64038473 -0.60840463 0.52019339
v 0.8223226 -0.13516996 -0.24546241
v 0.70937019 0.10077329 0.5766955
v 0.63220423 0.46609267 0.41715484
v 0.52299064 -1.13266289 -0.55468058
v -0.24872244 -0.47604835 0.87814015
v -0.06993976 -0.92806249 0.58453792
v -0.85440748 -0.38397109 0.19616124
v 0.20381033 -0.15681137 -1.42832398
v -0.23106062 -0.99450427 -0.05255341
v 0.20069201 -0.3643735 -1.3917402
v 0.51578134 -0.50162094 0.76830714
v 0.38242924 0.0002945 0.86857056
v -0.36949515 0.59423899 0.5520727
v -0.83320158 -0.25617072 0.36568397
v -0.23240649 -1.0061537 0.16350877
v 0.40224 0.74707007 -0.78457152
v 0.29482051 0.04365366 0.89318561
v -0.30107888 0.51345932 0.67945408
v 0.87517374 0.09596174 0.19719824
v -0.53471297 0.64205724 0.28336501
v -0.1518443 -1.01458776 0.30932757
v 0.15963167 0.06505627 -0.38339582
v -0.50950282 -0.23716409 -1.30318784
v -0.93535041 -0.30213502 -0.52015978
v -0.60402894 -0.6355732 -0.98992604
v -0.15343174 0.34655958 -1.34731864
v -0.55388784 0.65783602 0.2084089
v -0.76795542 -1.39684283 -0.08147019
v 0.3852505 -0.48178446 0.8260734
v 0.36488169 -0.01098147 -0.63837462
v -0.45115652 -0.26473441 -1.32822716
v 0.7674542 -0.16344994 -1.10866057
v -0.61279553 -0.31903845 -1.21672821
v -0.42516636 -0.89019638 -0.51270568
v -0.42858201 -0.87075752 0.44594797
v -0.23032054 -0.42987826 -1.36124694
v 0.80752259 0.49465265 -0.49601781
v -0.08356229 -0.27898407 -1.43091082
v 0.77118134 0.02356508 -0.20066434
v 0.59852564 -1.29708743 -0.42529779
v -0.70252424 -1.32618916 -0.29994931
v -0.03998549 -0.3358384 -1.42137396
v -0.95353871 0.10584235 -0.49988618
v 0.53702968 -0.68761885 0.58347046
v 0.03784631 0.16552786 -1.42382776
v -0.76636779 -0.52937632 -0.87457203
v -0.63152211 0.59885555 -0.81708246
v -0.32096532 -0.7783668 -1.01155436
v -0.61242777 -0.81858104 -0.19601024
v 0.12886825 0.16977837 -1.41385781
v -0.95773863 -0.18114002 -0.52204519
v 0.61238026 -0.33638352 -1.21155345
v -0.55349415 -0.1710439 0.78169262
v -0.26811093 -0.77044707 -1.05335128
v 0.65799778 -0.7284125 -0.66178071
v 0.56309425 0.4706676 -1.07192337
v -0.45863205 0.0395896 0.70611107
v 0.88315534 -0.06609734 -0.04995182
v -0.17586605 -0.86356955 0.64529675
v -0.189002 -0.04985193 0.92856025
v -0.42936882 0.02150659 0.74803793
v -0.47338947 -1.69472277 0.48706191
v -0.01508063 -0.46090146 0.94272661
v 0.66561579 0.32239523 -1.09416663
v -0.27349695 -1.20340454 -0.63060015
v -0.16244733 0.12085799 0.90653127
v 0.6362701 0.05360504 -0.2297711
v -0.34474834 -0.17320743 0.89422529
v -0.33583083 -0.73031938 0.7099477
v -0.23242051 -0.16645999 0.88614296
v -0.16781567 0.06241583 0.9170584
v 0.47009238 -0.26755017 -1.31852018
v -0.30229932 -0.2439887 0.87145
v -0.04141323 0.79041618 0.33529505
v 0.77124363 -0.6119551 0.1302725
v 0.6848005 -0.16373497 0.6540727
v 0.3454191 0.83829623 -0.46265414
v -0.82187563 -0.1966747 -1.02837896
v 0.65276217 0.07038393 0.28669714
v -0.4959343 0.52115273 0.52933782
v 0.05900801 -1.56918942 0.26320344
v 0.30133724 0.8445236 -0.51910454
v 0.30188515 -0.42821839 -1.34054219
v -0.64545214 -1.19038403 -0.45044711
v 0.78212392 -1.35150933 -0.11216297
v -0.42251911 -0.9095056 0.34723037
v -0.01185113 -1.7166748 0.90814018
v 0.13683861 -1.54042244 0.18218942
v -0.474184 -1.32121336 0.77374732
v -0.88934791 0.12438901 -0.86119401
v -0.36552232 0.78442651 0.13622181
v 0.8605557 -0.02007185 0.23076669
v 0.88295412 0.22672507 -0.7970801
v -0.76003193 0.31891089 0.33626535
v 0.80469608 -0.11897192 0.45794978
v -0.17225582 -0.18313071 -1.4327203
v -0.70928794 -1.54082131 0.38860794
v 0.11806165 0.84058946 -0.68961197
v 0.48234811 -0.08148996 0.82756918
v 0.04360458 -0.06663202 0.89681911
v 0.33295351 0.16510161 0.85305696
v -0.69925946 0.03781882 0.46971669
v -0.26084381 -1.5638585 0.89241719
v 0.3712143 -0.92316424 -0.40542444
v 0.26310348 0.71077221 -0.9612711
v 0.18329337 -0.03879698 -0.71496564
v -0.8459326 -0.19077108 -0.98892617
v 0.14770218 0.78443884 0.32493913
v 0.52958428 -0.85232365 0.28833273
v 0.79976207 -0.44543266 -0.91375643
v -0.83637887 -0.76290738 -0.11245419
v -0.82303392 -0.28976655 -0.9907363
v -0.24932685 -0.8390451 -0.67268973
v 0.00022265 -0.10383965 -0.74153715
v 0.49607038 -0.84882259 0.38323429
v -0.87807524 -0.53605783 0.04631712
v 0.50985521 0.47504356 0.567267
v 0.27496439 0.67513597 -1.01562416
v 0.55092793 -0.83080208 -0.50968092
v 0.15628892 -0.92217654 0.57128429
v 0.82860541 -0.51040148 -0.18665304
v 0.15486586 0.70358103 0.50361663
v -0.59852731 -1.29708707 -0.42529669
v 0.10781637 -0.52498948 0.88656437
v 0.47817182 0.01902141 -1.32551622
v 0.17583404 -0.86357492 0.64529764
v -0.1134769 0.88006097 -0.07098558
v -0.79851168 -0.61181432 -0.37847894
v 0.12249967 -0.85768425 0.66710114
v 0.6040256 0.67092418 0.02888855
v 0.12471863 -0.05374479 0.93799525
v -0.75106406 0.04043935 -0.1471374
v -0.05040455 0.88879549 -0.105264
v -0.79272693 -0.62150782 -0.24337783
v -0.6939243 -0.25338748 -1.1676774
v 0.18920955 -0.10606393 0.93286663
v -0.61384445 -0.67873323 0.4808264
v -0.30016306 -0.45910474 -1.32748484
v -0.73454427 0.03461553 -0.21974511
v -0.85008543 -0.28907451 -0.16992031
v -0.04944803 -0.72385215 -0.72801202
v -0.17429088 0.88698685 -0.2220762
v 0.80575633 -0.60186243 -0.26426306
v 0.52616632 -0.49342662 -1.19705939
v 0.78712493 -1.41953456 0.14034193
v 0.70764756 0.20833623 -1.11306381
v -0.116691 0.06667289 -0.35929161
v -0.92796933 0.12484142 -0.71871435
v 0.70324266 -0.06278252 -1.17857062
v -0.83772778 0.13064317 -0.97171413
v 0.83290016 -0.10399258 0.38895937
v -0.81523013 0.1236043 -1.01252758
v -0.83445221 0.27989971 -0.87664896
v -0.23852576 -0.92899018 -0.59149915
v 0.85716253 -0.06698798 0.31971412
v 0.75876766 0.09999351 -1.09654605
v 0.82188838 -1.2150433 0.01260433
v 0.5891081 -0.07576078 0.7508288
v -0.82987374 0.0706394 -1.0068047
v 0.90822917 -0.37620955 -0.25661781
v -0.83418732 0.38651692 -0.73144012
v 0.66186124 0.09294743 -1.19271576
v -0.03536361 -1.03197121 0.11295504
v 0.11377755 -1.01487958 -0.02887074
v -0.8629595 0.02033801 -0.96201986
v 0.69914257 0.04134698 -1.1712377
v 0.34493717 -0.97167158 0.10797312
v -0.03530924 -1.03144776 0.26642289
v -0.58591806 0.14402219 -1.23734378
v 0.22304305 -0.11258361 0.88144886
v -0.85374277 0.07483446 -0.96343141
v 0.45412442 -0.21706005 -1.33442688
v 0.84117782 0.00835702 0.34729343
v -0.51999908 0.45559054 0.5758937
v 0.95367711 0.0125871 -0.24611821
v -0.2158274 0.22185818 -1.38287591
v -0.90873253 -0.0329614 0.11286287
v 0.32413336 -0.21265228 -1.38846898
v 0.51853895 0.75076657 -0.07566795
v 0.38761556 -0.1611299 -1.37035203
v -0.38586571 -0.26589772 -1.35718071
v -0.9034304 0.06723579 -0.8510608
v 0.26769885 -0.04215571 -1.41371166
v 0.04089453 -1.24498665 -0.57001119
v -0.32657355 -0.26556783 -1.37961638
v -0.90361779 -0.09701398 0.14652958
v -0.38918513 -0.31113982 -1.34543871
v 0.37431323 0.75424337 0.23060835
v -0.25548276 0.71497362 -0.95749372
v -0.81955641 -1.24382019 0.01812184
v 0.62657564 -0.62644296 0.52282798
v 0.36307668 -0.60029697 0.78478968
v -0.17105615 0.71962881 -0.98096096
v 0.72520345 0.05713098 0.0044471
v 0.08365625 -1.31106722 0.95498472
v -0.68831479 -0.67328256 -0.76065391
v -0.16046796 0.84327614 -0.66442298
v 0.75842636 0.05024213 0.26798149
v -0.59349304 0.06539481 0.49980571
v -0.2406398 0.83113431 -0.66040241
v 0.06462039 -0.68991059 0.81203174
v 0.81958687 0.10769166 -1.01108789
v 0.71608424 -1.55622553 0.24575156
v -0.0576193 -1.16012418 -0.67860126
v -0.53765034 -1.68913948 0.55535495
v 0.32498487 -0.73747664 0.70991456
v 0.51547038 0.69458085 -0.78212207
v -0.01590154 -1.73849177 0.89537847
v -0.00295301 -0.89475345 0.63674432
v -0.71608537 -1.55622363 0.24574893
v 0.5238744 -0.64051979 -1.06782865
v -0.29573467 0.80708468 0.13765294
v 0.67973172 -1.20570862 -0.40877702
v 0.48042181 -1.02760016 0.7876954
v 0.78740888 0.03100117 -0.12212634
v 0.63655918 -1.21947372 -0.44984436
v -0.60443627 0.65217417 0.10107577
v -0.29065823 0.0637696 0.7311002
v 0.41355726 0.16395491 -1.32962811
v 0.66594523 0.4215253 -1.01578962
v -0.44582167 0.76648885 -0.66192609
v 0.73454451 0.03461548 -0.21974499
v -0.38995182 0.05805364 0.70667129
v -0.49149256 0.76097667 -0.59194809
v -0.84982192 -0.48284718 0.01320342
v 0.46324777 0.79201847 -0.45400503
v 0.43007201 0.0220665 0.74711507
v 0.06621291 -0.66384965 -1.23999118
v -0.698466 -0.12956588 -1.18219888
v 0.46771284 0.7823652 -0.52425503
v -0.31630757 -0.88449519 0.54219263
v -0.76659059 -0.14592652 -1.11146903
v 0.30543696 -0.32009908 -1.37481188
v -0.08712738 -1.3132801 0.95443058
v -0.20932094 0.41953933 0.78117573
v -0.26130998 -0.33499044 -1.38507843
v 0.63894641 -1.63490486 0.43319705
v -0.60692524 0.70113825 -0.19064247
v 0.19070081 -0.49104046 -1.34331476
v -0.73429614 -0.16456101 -1.14490747
v 0.74989527 -0.62792384 -0.69985574
v 0.43876156 0.31013494 -1.26494109
v -0.21329365 0.35855245 0.81431007
v 0.60134822 -0.05748117 -0.50953316
v 0.23491229 -0.03884753 -0.70196735
v 0.20079559 -0.75255858 -1.10806024
v 0.43748867 0.04684805 -0.45753347
v -0.46529561 -1.65266072 0.34889751
v 0.50725215 0.72115832 -0.71949338
v 0.64232325 -0.25238198 -0.47488808
v -0.79923558 -1.15602803 -0.18335488
v -0.88939553 0.08509408 0.14835439
v -0.74389749 -0.34928065 -1.0788927
v 0.90857988 -0.25778958 0.03535282
v -0.14338643 -0.57964193 -0.72367328
v 0.48978331 0.03863582 0.8077023
v 0.73818439 0.15717132 0.50531768
v 0.8509376 -0.33204501 -0.90628296
v 0.14993615 0.67028689 0.55885446
v 0.08393471 -0.95487546 0.53483176
v 0.09266027 -1.40355002 -0.18320958
v -0.63894498 -1.63490593 0.43319875
v 0.81066793 -0.38562187 -0.95024526
v -0.37424394 -1.72226321 0.76356631
v -0.8926512 -0.42430728 -0.56129264
v 0.42936936 -1.08748459 -0.60706096
v 0.23787657 -0.90862643 0.92471659
v -0.01535747 -1.28642499 -0.43592998
v -0.2936387 -0.61565196 -1.22952413
v 0.33516544 -1.47307932 -0.03804242
v -0.86386025 0.39710682 -0.40243887
v 0.28923386 -0.94624751 0.90590143
v -0.8923074 -0.08866984 0.15118005
v 0.11743348 -0.94381004 -0.68638199
v 0.25611645 -1.76201474 0.76022481
v -0.3560923 -0.89863377 -0.63342624
v -0.60714817 -0.36827862 -1.20359134
v -0.80143845 0.49656045 -0.28348755
v 0.20343223 -0.58593154 -0.71058154
v -0.0670139 -0.86113363 0.67188483
v 0.57188034 -1.16343319 -0.51777982
v 0.82656413 -0.05085202 -1.03487825
v -0.85946881 0.33904528 -0.72420775
v 0.09409609 -1.0295 0.18015596
v 0.22260578 0.09818933 0.90024399
v 0.37298584 0.81868588 -0.05110563
v -0.000955 -0.58394861 -1.30989444
v -0.57382613 -1.15021562 -0.51867759
v -0.00015691 0.30951729 0.86145341
v 0.76866602 0.05308644 0.49555411
v 0.29346188 0.83575505 0.00521797
v -0.67836433 -1.26372599 0.52528375
v -0.67973095 -1.20568943 -0.40878412
v 0.1981299 -0.26189035 -1.41668748
v -0.50396442 0.68934148 0.22184276
v -0.52307742 -1.13595426 -0.55429315
v 0.86091333 0.33856025 -0.71824908
v 0.35604888 -0.89860731 -0.63344204
v -0.82773864 -0.08826938 -1.03340065
v -0.42789927 -0.90578424 -0.38355961
v -0.72112977 -1.20989108 0.4518817
v 0.71856534 0.48970648 -0.85411721
v 0.24643048 0.77218061 0.30321213
v -0.79783248 -0.14360959 -1.07225155
v -0.50006192 -1.07937002 -0.57017236
v -0.57711166 -0.89994096 0.70553946
v 0.75738138 0.46046504 -0.82144802
v 0.68738645 -0.03931379 -0.42085409
v -0.81032204 -0.38506457 -0.95134878
v 0.58510804 -0.65531194 -0.98379313
v -0.30949491 0.08148973 -1.38862192
v 0.56760621 -0.68691766 -0.95296871
v 0.05928013 -1.76137924 0.87106061
v 0.82578057 -0.36252042 0.32655212
v 0.12118381 0.09486123 0.53274637
v -0.90860694 -0.10308863 -0.86257571
v 0.35283637 -0.02394923 -0.6517862
v -0.1646018 -0.4857873 0.89256984
v -0.05846351 0.0003114 -0.71037787
v 0.42687353 0.08680655 0.32940605
v 0.72202026 -1.20708763 0.45024293
v -0.12145245 0.24492761 0.87748587
v 0.63122797 -0.55169367 -1.06059002
v -0.06662105 0.01399324 -0.69159686
v -0.89700108 -0.31718778 -0.7819091
v -0.47854158 0.25571945 0.74590373
v 0.75714373 0.55903083 -0.53186506
v 0.42379644 0.79008001 -0.59964555
v -0.54642939 -0.60049217 -0.54501569
v 0.78199315 0.52111291 -0.575863
v 0.55810058 -1.51961803 0.01228012
v -0.03959485 -0.17815285 -0.73728388
v 0.47585305 0.36315739 0.68815332
v -0.25030151 -0.10035554 0.92073583
v -0.36111661 0.75285553 -0.80710279
v -0.28739076 -1.70804214 0.84179472
v -0.19440037 -0.10634296 0.93196994
v 0.48102313 0.22143265 0.75919866
v -0.01871537 -0.46705034 -0.73272758
v -0.77467685 -0.08323691 -0.32350516
v 0.54029071 0.58044767 0.39349457
v -0.30795216 0.42653092 0.74327278
v -0.85098105 -0.15004722 -0.18119287
v -0.4490036 -0.92242717 0.18509188
v 0.03001496 -1.03184855 0.26332843
v 0.74838852 -0.01077243 -1.13176536
v -0.23475714 -0.8862248 -0.78656864
v 0.65620786 -1.10567855 -0.44753339
v -0.56514555 -1.51842653 0.00916313
v 0.66981965 -0.70316141 0.30529305
v 0.0956899 -1.02755093 0.24726346
v 0.43366414 -0.78907907 -0.89673471
v -0.7372697 -1.28744912 -0.28514012
v -0.68849426 0.36140227 0.4382852
v 0.1507841 -1.02059507 0.24341623
v 0.72390133 -1.34594404 -0.24761657
v -0.46291324 0.06731069 -0.16553343
v 0.93480986 0.07063908 -0.73043936
v 0.55377459 -0.33282545 -1.25400841
v 0.06669148 0.59137249 -1.17769312
v 0.32263448 0.42681717 0.73639065
v -0.09370386 -0.73434412 0.95314288
v -0.88797867 -0.00099962 -0.91210264
v 0.56102997 0.00549972 -1.28009009
v 0.12674894 0.63369876 -1.12191927
v 0.52162087 -0.88553512 0.08724048
v -0.42126667 0.50531047 -1.14308154
v -0.43835946 0.78358757 -0.59967994
v 0.75520521 -1.48195183 0.26843732
v -0.59981364 -0.8083834 -0.43180912
v 0.81915974 0.32096704 -0.86892139
v 0.79107445 -0.00891941 -1.08037042
v -0.63837593 -0.68048417 -0.85683107
v -0.87702429 0.27500453 -0.75802844
v 0.68924015 -0.70415937 0.23553201
v 0.82052469 -0.00543229 -1.0389297
v -0.03837434 -0.37906226 0.93104118
v 0.90648263 0.28917723 -0.53572922
v -0.46448504 -0.08016676 0.83828723
v 0.84589695 -0.00041277 -0.99755263
v 0.80571103 -0.26519876 0.43294519
v -0.36345037 -1.56735742 0.84011644
v 0.73241359 -0.57504016 -0.87517714
v 0.032622 -0.97213262 -0.43648618
v -0.48476725 0.12625883 0.78942906
v -0.73237651 -0.58776074 -0.35351324
v 0.44903743 -1.60978329 0.77003896
v -0.16927091 -0.33485081 -1.40681624
v 0.88319873 0.35538384 -0.47645992
v 0.56308865 -1.27712571 -0.46743255
v -0.56095475 -1.29556644 -0.44768798
v -0.64683234 -0.09420398 -0.47487559
v 0.31776857 -0.84925687 0.59433841
v 0.4501861 -1.66337716 0.7473765
v -0.73406583 0.54311317 -0.71086466
v -0.64382982 -0.0633328 -0.47401166
v 0.46652928 -1.63769543 0.74444699
v -0.59847706 0.50426358 0.42086613
v -0.53588259 -0.73242646 0.53235822
v 0.88381493 -0.11330687 0.23097688
v 0.5093702 0.77253323 -0.36491155
v 0.23220737 0.87828803 -0.27168878
v 0.24631366 -0.85813438 0.62428367
v 0.21700578 -1.00549435 0.26427069
v 0.67041009 -0.02269697 0.66276955
v 0.88041341 -0.21681465 -0.90629512
v 0.85242295 -0.39478281 -0.84122061
v -0.37110826 -0.80338752 0.61402565
v -0.32382389 -0.97396451 0.24774399
v 0.6214835 0.05795408 0.69853383
v -0.65392112 0.05083324 -0.2329117
v 0.28956958 0.86417651 -0.31028294
v -0.71763682 -0.2257809 0.60491794
v 0.53552043 0.07116124 -0.01753787
v -0.32176199 -0.78649377 0.66610848
v -0.74668812 -0.13152349 0.56664609
v 0.36543631 -0.89835512 -0.59214711
v -0.66432565 -1.47563695 0.52532225
v -0.33207526 -0.95849704 0.32900148
v -0.7242459 -1.34625983 -0.24672265
v -0.29960295 -0.95303303 -0.31560364
v -0.73898434 -0.67999708 -0.49377948
v -0.67072147 -1.23455572 -0.40870666
v 0.06202096 -1.78120696 0.8182441
v 0.96575743 -0.08696693 -0.49066174
v 0.23340985 -0.71130883 -0.69536298
v -0.20219437 0.19372308 0.88123863
v -0.95597499 -0.17876765 -0.364472
v -0.55681026 -0.28812384 -1.26444733
v 0.50038874 0.74294978 -0.65462809
v 0.49591144 0.52115184 0.52933567
v 0.1662222 0.55012983 0.69380646
v -0.35701614 -0.92762708 -0.40438693
v 0.06647115 -0.86119473 0.67183995
v -0.86723381 -0.00556299 0.13840703
v -0.0334508 -0.93609362 -0.66516101
v 0.80037391 0.19747576 0.34960582
v -0.6561129 -1.40816688 -0.20756648
v 0.08186374 0.53660398 0.72194922
v 0.83817368 -0.04140338 -0.18391345
v 0.181451 -0.00075 -0.69275093
v 0.90017098 0.06843628 0.10938367
v 0.41015097 0.81633424 -0.44389572
v 0.90198248 0.30138921 -0.34733697
v -0.69243526 -0.31501632 0.62026196
v 0.81546205 -0.91655373 -0.15267519
v 0.76135814 -0.21707558 -1.10645723
v -0.81251597 -1.29472959 -0.00839821
v 0.12764248 0.58078652 0.67321348
v -0.74222683 -0.24109405 -1.1234281
v 0.82562792 -0.9808076 -0.09421387
v -0.63155067 -0.72117871 0.37353706
v -0.6204732 -0.12436505 -0.49887579
v -0.68439626 0.03585831 0.63203764
v -0.18254087 -0.72430545 -1.15188038
v 0.78090971 -0.50318759 0.45872128
v -0.6601687 -0.67702025 0.38657173
v 0.86118298 -0.09743484 0.29520866
v -0.28838455 -0.11133018 0.86274534
v 0.670744 -1.2345879 -0.40866631
v 0.75727045 -0.91955977 0.42979207
v 0.69747865 -0.74296361 -0.14971031
v -0.55278289 -1.39038991 -0.26049855
v 0.52390337 -0.20392172 0.75396013
v 0.86723393 -0.0055627 0.13840568
v -0.75089883 -0.00975547 -1.12893879
v 0.73726898 -1.28744816 -0.28514233
v -0.36069354 -0.08281304 0.83118289
v 0.20136566 -0.04550398 -1.43019092
v -0.36679071 -0.83683359 0.57329404
v 0.24552695 -1.73343825 0.84406966
v -0.19054029 0.05983007 -0.46089667
v 0.28637072 -1.70825886 0.84220147
v -0.70657986 -1.52367615 0.09171357
v -0.00352004 0.59453338 -1.17770624
v -0.00207549 -0.68788337 0.8158949
v -0.08935477 -0.94300741 0.95830667
v 0.0289247 -0.63332748 -0.73840808
v -0.84011185 0.44160851 -0.48950019
v 0.17929548 0.88678354 -0.36872577
v 0.55796575 -0.4337295 0.73015779
v -0.62388634 -0.39892095 -0.48669993
v 0.72609275 -0.40513587 0.53218531
v 0.16423022 -0.58702474 0.85411679
v -0.03989194 -0.92571598 0.96265697
v -0.39228817 0.05866448 0.85572141
v 0.71722781 -0.4628489 0.51109623
v 0.36439171 -1.5672115 0.83955568
v -0.00439979 -0.77396667 -1.10767197
v -0.4677475 -0.08164244 -0.60601109
v -0.38565984 0.81398987 -0.54613965
v 0.82440596 -0.56673795 -0.48219791
v 0.09884066 -0.74206727 -1.14719224
v 0.74310576 -1.51397657 0.26948022
v 0.82108551 -1.06071817 0.17050859
v -0.17264027 0.88905912 -0.32784059
v 0.06953097 0.03049226 0.83535897
v -0.05274557 -0.9691717 -0.69165837
v 0.45038706 0.06830313 0.82449466
v -0.7673375 -0.04245922 -1.11306738
v 0.39813694 -0.02372122 0.79507601
v -0.66133606 0.63484966 -0.65295773
v 0.32211941 -0.75326472 -1.05433857
v 0.39041501 0.10556771 0.8458181
v -0.76887947 -0.09594059 -1.1122756
v 0.73363429 -0.54438656 -0.92049354
v 0.96099621 0.04577793 -0.45985776
v -0.80638003 -0.25507634 -1.0340271
v 0.35900771 -0.34486374 -0.65484792
v 0.76730954 -0.49928477 -0.91563224
v 0.36448368 0.80225271 0.06133391
v -0.64165562 -0.40212327 -1.15943765
v -0.55214667 -1.61749267 0.65696388
v -0.93701696 0.18113848 -0.55437362
v -0.3654778 -1.21901238 0.85977548
v 0.55214512 -1.6174941 0.65696531
v -0.63694751 -0.46389016 -1.12763059
v 0.62069809 -1.08426845 0.63496995
v -0.89247983 -0.05859873 0.05483744
v -0.6265819 -0.7550497 -0.6561076
v -0.4386045 -1.34947657 0.8015517
v -0.41578137 -0.85383385 -0.71937274
v 0.70657914 -1.52367508 0.09171015
v -0.62786859 -0.54323124 -1.07217586
v -0.32517793 -0.84120172 -0.8624717
v 0.64328557 -0.75827813 -0.57589435
v -0.90831512 -0.16453966 0.10870941
v -0.0989862 0.00486949 0.93381369
v -0.62189483 -0.58216702 -1.03773534
v 0.09301158 -0.92665773 -0.69383233
v -0.91727483 -0.33550447 -0.63830566
v -0.39860579 -0.02360374 0.7947967
v -0.40342706 -0.56101322 -0.63474988
v 0.09069423 -0.9444949 -0.60254716
v 0.25413349 -0.71580791 -1.13984179
v -0.17816875 -1.74486315 0.64829623
v 0.15679913 0.41933587 0.79337793
v -0.269914 0.83255553 0.05531596
v 0.65425789 -0.60146242 -0.97169268
v -0.11930733 0.49744957 0.74841582
v -0.81431347 -0.43859994 0.28986764
v 0.89230859 -0.15003705 -0.02525891
v 0.21337932 0.46071207 0.75324153
v -0.76686251 0.50798946 -0.69685262
v -0.117086 0.53512883 0.71816766
v 0.59318476 -0.71660864 -0.85246104
v -0.23119221 0.85217523 -0.00418437
v 0.90790921 -0.08597839 -0.86525648
v 0.53365761 -0.02305657 -0.54712516
v -0.11616479 0.57988131 0.67685103
v 0.61937654 -0.24031785 -1.23226404
v 0.21996776 -1.00668942 0.08621387
v 0.53608024 0.0417478 0.64740347
v -0.78322708 0.51985752 -0.57396042
v -0.42520707 -0.57418549 0.83137059
v 0.63677346 -0.07921265 -0.48291042
v -0.81991034 0.44984826 -0.63621759
v 0.15474785 0.85688459 -0.61144864
v 0.65755039 -0.18857649 -1.21054399
v -0.75479209 -0.27852788 0.53289634
v 0.12425056 -0.37423032 -1.4023782
v -0.34115165 0.53477698 -1.15858745
v -0.00223996 -1.57005596 0.26906663
v -0.28307369 0.51577407 -1.2004193
v -0.23491413 -0.03884913 -0.70196586
v 0.70061337 -0.33096665 -0.41243955
v 0.41268843 -0.97652012 0.83959943
v 0.77534878 -0.62614345 -0.57025444
v 0.56411737 0.68560355 0.0972424
v -0.96190375 -0.11121952 -0.36754453
v -0.62435168 -0.84693187 -0.47249978
v -0.55806654 0.05078874 -0.34239324
v -0.78494566 -1.4208765 0.06024121
v -0.23770742 -0.06440836 0.86698764
v -0.74310487 -1.5139786 0.2694785
v 0.78708785 -0.62166672 -0.49103245
v -0.68897301 -0.37039008 0.60638737
v 0.7297458 0.22929804 0.47612038
v 0.33956039 0.76874268 -0.78350323
v -0.03307029 -1.10820937 -0.69226574
v 0.69688296 0.34262299 0.44265604
v 0.78692525 -0.52417796 -0.8318147
v 0.27961114 0.17690552 0.86713349
v -0.75230854 -0.33454486 0.51885402
v 0.88657379 0.30055195 -0.15923053
v -0.29719826 -0.98771256 0.11055416
v -0.33715331 0.07333214 0.67761522
v -0.66685468 -0.56556469 -1.00004494
v 0.63463622 0.67569476 -0.16290348
v 0.15782927 -0.82991999 -0.98227852
v -0.20694804 0.0826997 0.67562055
v -0.76089304 -0.39288732 0.47285488
v 0.8017224 -0.50772821 0.23561646
v -0.02021229 -0.83228737 -0.70461118
v -0.54687136 0.56483215 0.40825414
v 0.1667789 -0.42903456 -1.37652063
v 0.67540854 -1.29623675 -0.36221903
v 0.79426229 0.04421846 0.15110974
v -0.29344743 0.46697077 -1.23639917
v 0.62236899 -0.79231441 0.19124995
v -0.675408 -1.29623544 -0.362221
v -0.18310071 -1.25890278 -0.55007809
v -0.38737213 0.78281348 -0.68926477
v -0.04601902 -1.31599247 -0.35926964
v 0.69648188 0.01598146 -0.34701234
v 0.73842638 -1.5114448 0.13006486
v 0.71387648 0.05358387 0.37183785
v 0.70008474 -0.20694632 -1.17174637
v 0.6027323 -0.4496476 -1.1664555
v -0.7384271 -1.51144409 0.13006255
v -0.52014905 0.73666167 0.00429157
v 0.23236882 0.05097455 0.77915048
v -0.6181212 -0.16386765 0.67779731
v 0.26409736 -0.8284654 -0.6698752
v 0.66121786 -0.7605713 -0.4420014
v 0.47308754 -0.72124284 -0.99676007
v -0.69687134 -0.17152264 0.59584689
v 0.71070504 -0.54742831 -0.95772343
v 0.82645094 0.05549174 0.36854234
v -0.7205674 -0.46708029 0.50200122
v 0.23398484 0.86087805 -0.52137064
v -0.06240209 0.82575756 0.21789179
v 0.04093653 -1.12728846 0.962713
v -0.72198337 -0.36113101 0.55973988
v 0.21657355 -0.9798066 0.40429747
v -0.73595136 0.05870472 -1.1320492
v -0.69392252 -0.4114516 0.58127236
v -0.20298469 -0.80461669 -1.01958417
v -0.03346519 -1.77987134 0.76173013
v -0.64914888 0.64597237 -0.0491611
v -0.00344481 -0.99033093 0.96455097
v -0.37194308 0.70865583 0.35354083
v -0.71641832 0.09922522 -1.14307069
v 0.54172307 -0.05083981 0.7220425
v -0.1152872 0.89236563 -0.4221684
v 0.53228664 -1.37761366 -0.28732374
v -0.73365658 -0.54446357 -0.92085737
v 0.9072811 -0.38961163 -0.54549711
v -0.08234204 -0.12492895 -1.44926154
v -0.48666763 -0.28356868 0.81847071
v -0.54172295 -0.05084178 0.72204333
v -0.14743818 0.54830026 -1.20979011
v 0.64269679 0.05621816 0.48246362
v -0.5385195 -0.02084241 0.71127909
v 0.53851783 -0.02084247 0.7112804
v 0.47682222 -1.38383567 -0.26559519
v -0.79587203 0.04870205 0.44265279
v 0.32157084 0.0343028 -0.5792548
v 0.86931335 0.09893868 -0.92266166
v 0.9508686 -0.10581181 -0.20294475
v -0.08940579 0.59196215 -1.17528605
v -0.65675681 -0.20801173 -1.20897924
v 0.86463517 0.02017868 -0.95863837
v 0.90260797 -0.35495784 -0.69773989
v -0.7598083 0.05397868 0.09834943
v 0.48395985 0.06984295 0.59799182
v 0.69801354 -0.13258141 -1.18239903
v -0.66635656 -0.64338648 -0.88084846
v -0.28743195 0.08910198 0.5664848
v -0.7192834 0.06179771 0.13858921
v -0.48251977 -0.86629211 -0.51030844
v 0.8438667 -0.89705199 0.0723725
v -0.68883472 -0.64788174 -0.82606238
v 0.71143066 -0.04532007 0.61302882
v 0.89156973 -0.05786682 0.10263149
v -0.12020751 0.63074535 0.62058246
v 0.73319798 -1.53445828 0.24064056
v 0.74647265 -0.13134215 0.56697499
v -0.69648104 0.01598151 -0.34701335
v -0.78621769 0.38159433 0.18308995
v -0.19713905 0.05167353 -0.54176563
v 0.61517584 0.13126356 0.68199861
v 0.1891355 0.57180869 -1.176826
v -0.03521478 -0.97167277 -0.43954128
v -0.86047393 0.13075418 0.22514571
v 0.26156535 0.59505254 -1.12939405
v -0.56018257 -1.31815433 0.68748009
v -0.43730658 -0.91706085 0.2748664
v -0.82437074 -0.52459442 -0.70035755
v -0.86895453 0.17014101 0.1614235
v -0.58905661 -1.50974488 0.63719928
v 0.26479432 -0.90477848 -0.68604278
v 0.71912241 -0.61263924 0.33986038
v 0.56288325 -0.81261026 -0.58174622
v 0.06140937 -0.10676541 -0.73919367
v -0.73319286 -1.5344659 0.24065332
v -0.70380508 -0.34358134 -0.40792557
v -0.4093649 -0.8975985 0.40941736
v 0.72044634 -0.5587933 0.41525489
v 0.71940153 0.06177756 0.13862857
v -0.62548381 0.45767691 0.4377242
v -0.22410671 0.73623579 0.40799129
v -0.33957451 -0.1162808 -0.67147809
v -0.68821489 -0.23111359 -0.430489
v 0.71583926 -0.21200619 0.60876441
v 0.00970283 0.04703012 0.81401222
v -0.10283759 0.77716463 -0.87800157
v -0.82921141 0.02999791 0.09972448
v -0.71228396 -0.707228 0.09644155
v 0.82921093 0.02999815 0.09972436
v 0.29949048 -1.28725636 -0.49774852
v 0.48803877 -0.11128208 0.77087408
v 0.30690598 -0.28838157 0.89975899
v 0.69136327 -0.73789787 -0.37613189
v -0.75879484 -0.66766554 -0.10719251
v 0.51235169 -0.34375682 0.79128116
v 0.79646688 -1.38670861 0.06159991
v -0.8082208 -0.51932191 0.18630999
v 0.72568363 -0.70309203 -0.37589889
v 0.5848791 -0.12127745 -0.5279231
v -0.59963816 -1.20132064 -0.48788285
v 0.30785813 0.04674429 0.76421439
v -0.82787972 -0.4571444 -0.82695549
v -0.4140006 -0.79731279 0.58560329
v -0.72300839 0.35822421 -1.00058674
v -0.64513802 -0.47422072 0.61773443
v -0.81641787 -0.49970707 -0.78929632
v 0.79529857 -0.44929242 0.3401747
v -0.83821123 0.42659968 -0.22743088
v 0.17523752 -0.71632021 0.77954959
v -0.39343419 0.00029296 -0.61330795
v -0.88094848 -0.10403458 -0.08103546
v -0.24739216 0.79007494 -0.79095673
v 0.41937193 -0.89358311 0.40483617
v 0.41226413 -1.718014 0.7255764
v -0.715487 -0.69316798 -0.57768213
v -0.0611928 0.71214366 0.50945025
v 0.58588522 -1.55591261 0.63317358
v 0.51533609 0.36353272 0.65635019
v 0.12365485 0.24816778 0.87607783
v -0.4925262 -1.69940555 0.64782398
v -0.5264945 -1.64147889 0.31461006
v 0.22379635 -0.65237122 -0.70292532
v 0.76243341 0.31402903 0.33563303
v 0.58131051 -0.61611658 -1.04227805
v -0.79613781 0.43472191 -0.76582044
v 0.6171866 -0.18795809 -1.24153399
v -0.66932165 0.19420728 0.59078782
v -0.86788046 -0.49060517 -0.37833175
v -0.50200337 -0.44351843 -0.57818317
v -0.78399425 -0.58175104 0.15581482
v 0.72720384 -0.0383228 -0.3734537
v -0.71221721 0.15273261 0.55070406
v -0.72612476 -0.7099775 -0.12161178
v 0.73089867 -0.0227025 -0.35807132
v -0.88334655 -0.4482496 -0.26787367
v -0.0042289 -0.73848313 -0.72671878
v -0.81915402 -0.54074037 0.06269527
v 0.74053388 -0.00010343 -0.31850943
v 0.22989976 0.87485271 -0.19038733
v -0.620058 -0.08167571 -1.24526274
v -0.1730711 0.87745583 -0.10922455
v -0.65546709 -1.10634636 -0.44839814
v -0.14602409 0.58359521 -1.17486596
v -0.94530928 -0.25057545 -0.36753252
v 0.76776987 -1.39751851 -0.08066801
v -0.62634986 -1.0919379 -0.47712704
v -0.06084849 0.6778658 0.56535667
v 0.07087191 -0.7058947 -1.19575822
v 0.87966799 -0.10344982 -0.08808598
v -0.89642268 -0.08307676 0.05472843
v 0.61342042 -1.57614469 0.58512121
v 0.67985779 -0.54792231 0.60877108
v -0.71193289 0.05416368 0.37156602
v -0.73089915 -0.02270223 -0.35807001
v 0.65792024 0.20312409 -1.16138958
v -0.7633652 -1.44767606 0.27241724
v -0.53697282 -0.75272446 -0.855367
v -0.55788636 0.74276346 -0.35756418
v 0.03331793 0.89978915 -0.39016586
v -0.75520867 -1.4819405 0.26844036
v 0.32703208 -0.84031236 -0.86339825
v 0.40195536 -0.04471654 -0.63644266
v -0.52144193 -0.63811892 -1.07320416
v 0.42434755 -0.81497645 -0.6072061
v -0.03383362 0.89972829 -0.3908326
v 0.39266938 0.55291414 0.58449202
v -0.63876295 0.38505992 0.49748921
v 0.90253329 -0.21132846 0.11829801
v 0.62819325 -0.51470071 0.61439746
v -0.60482883 0.36980411 0.55697643
v -0.67154067 -1.60645639 0.39724209
v -0.00051026 -0.05033606 -1.45293021
v -0.52867919 -0.78302407 0.46461969
v -0.23418048 -1.74635791 0.83600163
v 0.67154604 -1.60645318 0.39721423
v 0.33756092 0.05033656 0.87813335
v -0.71797257 -0.535214 0.44722715
v -0.17477127 -1.1135751 -0.6782934
v -0.33126264 0.16459198 0.85382407
v 0.74927091 -0.44408151 0.46173915
v 0.8848766 -0.31879955 0.12084065
v -0.39454421 -0.32536321 -0.63867431
v -0.90555465 -0.26740819 -0.80069905
v 0.90595322 0.24200697 -0.67623448
v 0.34485486 0.5299018 -1.16140723
v 0.33062031 -0.95241093 0.35679817
v 0.9209786 0.19910535 -0.19499015
v 0.72556048 -0.3449637 0.56078487
v 0.45087122 -0.22126738 0.84542954
v 0.74921047 -0.25965029 0.54768109
v -0.62099528 0.57015544 0.27165612
v 0.62234586 -0.00057335 -1.23927271
v 0.31951189 -0.77866029 -1.01187574
v -0.59360498 -0.54381018 -1.1053785
v -0.75402259 -1.41418254 -0.0849611
v -0.59526306 -0.70723897 -0.87184435
v -0.15507605 -1.0199517 0.24201382
v -0.60786116 -0.28763315 -0.50366306
v -0.92957323 -0.32010769 -0.36828416
v 0.66011291 -1.18115735 0.56570249
v -0.25126707 -0.71594935 -1.14076089
v -0.85637766 -0.31550335 -0.90663063
v 0.55017864 -1.64589798 0.63976669
v 0.57796001 -1.27146494 0.66931504
v -0.28173917 -0.6731528 -1.17924714
v 0.4352574 -0.05057548 0.85121786
v -0.33153951 -0.69335287 -1.13366186
v 0.09461469 0.49313998 -1.26605808
v 0.6967495 0.59312111 -0.68224555
v 0.94101268 -0.27146884 -0.55656677
v -0.30911463 0.78062486 0.22113119
v -0.57773375 -1.67218673 0.49603369
v -0.88218659 0.20665447 0.05960634
v -0.79961133 -0.44617211 -0.9132117
v 0.95309644 -0.20477619 -0.56329876
v -0.1350485 -1.58417618 0.28424507
v -0.26377594 -0.23341406 -1.40521395
v 0.95686948 -0.10496119 -0.63816303
v -0.83442038 0.02364353 0.01755942
v -0.3742966 -1.72651219 0.60170573
v -0.48678824 -0.15773385 0.77610307
v -0.21531315 0.60197681 -1.13714909
v 0.73807591 -0.06106299 -1.14558982
v -0.74053484 -0.00010352 -0.3185094
v -0.22479829 -1.76267218 0.72047817
v 0.39459788 0.51241201 0.62636399
v 0.71624428 0.61007368 -0.46739488
v -0.42923346 -0.1018686 0.80256599
v -0.78211265 0.00884945 0.39568027
v -0.32972678 -0.07624879 -0.67511105
v -0.50158119 -1.51142001 0.00149559
v -0.79038673 -0.6155889 -0.0606972
v 0.6988126 0.00128682 -0.37220558
v 0.23500934 -1.00548625 0.15858301
v 0.66929829 0.1942002 0.59078902
v 0.17436605 -0.0240047 -0.7112137
v -0.69881153 0.00128718 -0.37220668
v -0.84861862 -0.81814962 -0.00342355
v -0.55017793 -1.64589738 0.63976836
v 0.49013188 -1.69361746 0.66715115
v -0.88622462 -0.27431571 -0.8578062
v 0.77825248 -0.05641342 -0.31070247
v -0.89526057 -0.22738072 -0.86067903
v -0.52327477 -0.95363557 -0.55024588
v -0.7680456 0.46274495 0.08516193
v -0.60134607 -0.05748108 -0.50953221
v 0.73412215 -1.14039003 -0.34181395
v 0.55229383 0.02633426 -0.46605676
v 0.75838017 -1.18238544 0.37020403
v 0.44845667 -0.00259698 -0.58526277
v -0.65315431 -0.91699218 -0.44433966
v 0.48038548 -0.02235082 -0.58204084
v -0.75450295 0.54363709 -0.63276225
v -0.72727549 -0.96292305 0.48400634
v 0.35615667 -1.05739533 0.87115681
v -0.71163541 0.60520672 -0.56562256
v -0.65162235 -0.26936882 -1.20065343
v 0.85431736 -0.43849277 -0.76987785
v -0.48586207 0.07140313 0.80345034
v -0.5054236 -0.89604497 0.05071412
v -0.78495913 -0.55961263 -0.7669534
v 0.80092847 -1.00201809 0.28687191
v 0.87860804 -0.4367741 -0.64748758
v -0.32258608 -0.237511 0.8997038
v -0.81141817 -0.29068234 -0.25562769
v -0.63238346 -0.51242363 -1.09466564
v 0.69607466 0.02764822 -0.31453454
v -0.33656889 -1.35365235 0.86952912
v 0.24239686 -0.12765784 -0.7056905
v 0.90163725 -0.23645184 -0.83777129
v 0.12614652 -0.53148961 -1.33322453
v 0.83956074 -0.01860035 0.30313041
v 0.31548485 0.62738144 0.54359078
v 0.70111537 -0.17366421 0.59078234
v 0.84912675 -0.28599864 -0.17255657
v -0.69607812 0.02765091 -0.31452253
v 0.89353972 -0.15698298 0.15390801
v -0.4716151 -0.66238445 -1.08301615
v 0.78027916 0.35192763 -0.9161936
v -0.77119761 -1.05593454 0.36426767
v -0.24828212 -1.76295793 0.77387732
v -0.7312144 -0.92439788 -0.34586712
v 0.57612878 -0.94421136 -0.51313978
v -0.22379739 -0.65237015 -0.70292514
v 0.17490595 -1.11362052 -0.67826712
v -0.7920984 0.04189053 0.21594426
v -0.05773962 -0.18704973 0.94837367
v 0.47885501 0.70311653 0.22645542
v -0.61663961 -0.13765646 -1.24674737
v 0.70144367 -0.35435679 -1.12579524
v -0.66015601 -0.52575486 0.56201529
v -0.74780464 0.05563547 0.22783917
v -0.10488239 -0.48741039 0.89956516
v 0.00012916 -0.15175846 0.91426324
v -0.51324087 -0.86677384 -0.55524206
v 0.72348409 -0.31545019 -1.11799085
v 0.43914225 -0.9282993 -0.05437377
v -0.61514222 0.0167267 0.61691236
v 0.24869772 -0.02888972 0.85144907
v 0.82765603 0.43019387 -0.65649569
v -0.78350603 -1.31560683 0.26150491
v 0.60515171 0.36989954 0.55647283
v -0.65727394 -1.59933018 0.25845971
v 0.28958302 0.47002178 -1.23585784
v 0.03818607 -1.62038564 0.38007283
v -0.62282162 -1.63242399 0.33532267
v -0.08489283 -0.14455141 0.9092254
v 0.08331327 0.71168094 0.50771302
v 0.40082311 0.4363783 0.68805968
v 0.92040097 0.01287819 0.02770956
v 0.1794127 -0.99115878 -0.16614653
v 0.62722826 0.40867984 -1.06909823
v -0.8644973 -0.20377942 -0.94777476
v -0.90671765 -0.38155132 -0.25974881
v -0.71262425 -1.12053763 -0.37682521
v 0.65727371 -1.59932947 0.25845637
v 0.46852117 -1.4238975 -0.17463018
v -0.39466872 0.03029832 -0.55686581
v 0.58541876 0.01220726 0.74217474
v -0.34302243 -0.9675216 -0.01533452
v -0.1630945 -0.53444463 0.87586069
v 0.73364388 0.54224109 -0.71408903
v -0.62955588 -0.42981758 0.65818303
v -0.29953211 0.85011059 -0.10671982
v 0.83928805 -0.5044865 -0.6819719
v -0.65912479 -0.36597508 0.64817893
v -0.68970072 -1.4600867 -0.08282328
v 0.96506601 -0.03052155 -0.5275712
v 0.62830328 -0.34252947 0.69013249
v 0.76871848 0.51972907 -0.65452802
v 0.38643443 -1.15081715 -0.61961126
v -0.66320329 -0.91836088 0.59710341
v -0.39269518 0.55291116 0.58449238
v -0.20919185 -1.23232758 -0.60501515
v 0.70767813 -0.69018089 -0.63096976
v 0.84995865 -0.15420402 -0.18348003
v 0.65925461 -0.36186566 0.64943468
v -0.25450545 -0.02672771 0.8489331
v -0.66358536 0.1071553 -1.1880747
v 0.65530198 0.66886556 -0.34525913
v 0.20019489 0.26022917 0.85938298
v 0.49067238 -0.36875519 -1.27920806
v 0.69139117 0.63630634 -0.39064028
v 0.33278346 0.66533607 -1.00145852
v 0.4139727 -0.79731595 0.58560079
v -0.07306558 -0.44318512 -0.72939431
v -0.45783719 0.02150039 -1.33517682
v -0.76169621 -0.48155477 0.39891582
v -0.45646852 -0.02501878 -1.34029102
v -0.7137379 0.08581559 0.57620161
v -0.7287091 -1.20696175 -0.34047374
v -0.80845391 0.45555546 -0.11184664
v 0.63535511 -0.70197951 -0.80848711
v 0.37108489 -0.80339038 0.6140266
v 0.80072051 0.43705591 0.00233179
v -0.76555597 0.12275808 0.47229576
v 0.74669492 -0.61056381 -0.76200419
v 0.66826224 -0.67664325 -0.80234456
v 0.7982918 -0.58541214 0.04227281
v -0.13784521 -0.88277691 -0.68788182
v 0.45881906 -0.45752492 0.79454249
v -0.61378628 0.14610874 0.67769593
v -0.52198737 0.35071724 0.6597647
v 0.62284398 -1.63241243 0.33530795
v 0.65732753 -0.57844305 0.5208196
v 0.68533736 -0.149498 -0.43711456
v 0.69359016 -0.31577873 0.61838811
v 0.88182985 -0.10287761 -0.93221283
v 0.62770843 -0.46300393 0.64490932
v 0.60785561 -0.28741914 -0.50367367
v 0.79063653 -0.61408633 -0.05250169
v 0.77492588 0.44608822 0.09893751
v 0.12242105 -0.80196285 -1.04865753
v 0.6882866 -0.67329478 -0.76064819
v 0.72135335 -0.59879821 -0.36812812
v 0.08877061 -0.15506748 0.91033345
v 0.86475563 -0.3440479 -0.86069548
v -0.44893628 -1.08599579 -0.59774035
v 0.65767216 0.06872113 0.13072614
v -0.60769897 -0.58433431 0.59140586
v 0.40404677 0.05441681 -0.41584652
v -0.54160308 0.29866555 0.67402601
v -0.48887872 -0.60159927 0.70278459
v 0.35543757 0.46763065 0.69065547
v -0.07825029 0.80948686 -0.79871374
v -0.76730227 -0.49914005 -0.91590327
v 0.65646523 -0.46792018 0.60551005
v 0.61047488 -1.24563992 -0.4595879
v -0.08724214 0.46055239 0.77853512
v 0.85417288 -0.29484123 0.2791267
v 0.67595213 0.63888263 -0.18554037
v 0.38275992 -0.05971345 0.87563836
v 0.18640284 0.75617057 -0.90136063
v 0.12807335 -1.25697934 -0.54466474
v -0.43448823 0.79341983 -0.05650285
v -0.33275172 -0.79690444 -0.96619075
v -0.02044514 0.73956441 -0.96837639
v -0.52879369 0.70962899 0.10249158
g Group50164
f 591 1928 107
f 3497 4068 4206
f 2375 3097 363
f 2283 3851 3267
f 618 806 2699
f 1251 54 2901
f 167 4037 145
f 1667 1516 1942
f 3634 1419 2215
f 1376 49 2121
f 70 3427 4286
f 687 2403 1513
f 322 2566 956
f 2404 1988 3198
f 4357 1198 3268
f 934 1018 3210
f 3248 10 1026
f 3506 122 2059
f 2206 3806 3440
f 1156 4318 11
f 2513 2522 2597
f 3454 4185 3575
f 4141 644 4054
f 3027 1907 3033
f 1859 2653 1995
f 2503 2321 3497
f 3924 13 2652
f 602 303 951
f 4307 2939 15
f 1118 3802 3062
f 1212 1019 1920
f 412 4320 3618
f 3453 2823 3298
f 4060 721 769
f 3197 1789 3070
f 3201 454 447
f 3695 1924 3702
f 844 810 1729
f 891 723 3190
f 46 558 939
f 2191 1140 500
f 3137 1636 3132
f 1920 1019 3683
f 148 3050 3558
f 2991 955 2877
f 696 2787 693
f 1229 635 3028
f 3852 2306 865
f 3277 362 4054
f 1407 1776 1410
f 3093 692 1564
f 1057 3884 2449
f 2586 3869 3873
f 2989 64 76
f 2048 3624 697
f 1608 1609 505
f 126 3118 489
f 4080 4235 4042
f 2508 3479 3238
f 1701 2295 4205
f 639 184 3493
f 142 1454 3366
f 1302 946 2983
f 4292 1672 2450
f 2373 1326 33
f 4109 270 4288
f 1060 1552 246
f 3258 1748 2904
f 1205 2654 3166
f 1653 2925 3372
f 502 2150 3189
f 2273 1678 1735
f 586 1241 877
f 2750 3144 3932
f 3296 1957 2782
f 3207 737 729
f 3597 2517 1877
f 305 1884 628
f 416 3890 1016
f 1964 2597 1445
f 2450 1672 663
f 4239 1755 1127
f 2600 856 2119
f 2772 757 1900
f 2621 907 2626
f 836 2128 1829
f 3801 3087 2871
f 556 3749 1380
f 3010 2303 3179
f 589 809 3516
f 3212 3188 3691
f 1368 4296 439
f 2544 1385 2953
f 387 2213 2131
f 2523 2817 3662
f 2045 4157 37
f 120 29 479
f 870 2894 661
f 1571 2363 24
f 2573 771 2355
f 2357 1939 1633
f 2001 4061 60
f 1732 719 1054
f 3675 2422 3145
f 3907 1432 4099
f 4132 53 1617
f 3255 552 344
f 3562 431 702
f 2028 2578 3564
f 165 1816 2833
f 2367 1141 1123
f 527 4203 2084
f 2029 2025 3041
f 3435 1658 1512
f 1363 1366 1494
f 1340 1963 2798
f 3182 3720 3510
f 3872 1515 2968
f 873 3009 2972
f 1378 1251 3323
f 4194 628 2814
f 636 766 3184
f 3457 1414 2362
f 1698 1219 1691
f 1218 1608 3929
f 3683 1308 3777
f 68 1083 378
f 2256 1122 1111
f 3736 2240 750
f 4181 4179 4175
f 1020 777 3265
f 4013 2453 3146
f 2155 2979 4011
f 3610 1328 1439
f 72 2070 420
f 3051 2865 2985
f 73 2250 3030
f 2588 2408 1718
f 1925 704 416
f 2659 2916 1075
f 1494 1366 75
f 1822 605 38
f 315 2963 1092
f 3276 1092 1240
f 3199 3187 606
f 3674 1449 724
f 3716 1125 1561
f 2837 3391 1160
f 1687 3849 1966
f 3903 3155 2428
f 653 156 2956
f 1582 274 1109
f 3192 776 20
f 690 946 1302
f 2238 320 1002
f 3464 3946 3274
f 640 1776 3306
f 1421 1303 1788
f 3678 511 5
f 2483 4126 1181
f 3138 194 1621
f 3663 4024 3397
f 3015 1530 558
f 154 1105 1935
f 1424 589 3516
f 2177 2461 2069
f 3995 2312 2097
f 19 2228 1880
f 3709 1842 580
f 2260 1945 3111
f 3105 2309 1064
f 1220 2275 524
f 2533 2602 1492
f 3217 1504 3860
f 246 2900 3859
f 948 3124 2122
f 2177 3646 2461
f 871 874 3920
f 3867 2359 1470
f 1632 2406 508
f 584 2978 3412
f 572 668 2594
f 113 3436 3340
f 1076 2548 981
f 2465 3619 284
f 3944 2528 1459
f 2854 1691 1353
f 3955 2396 678
f 578 1069 2711
f 1151 2635 2343
f 1730 4077 820
f 3336 395 2165
f 101 4313 2840
f 1382 838 3147
f 1268 590 3172
f 1963 295 764
f 2120 2686 1222
f 540 2663 1635
f 313 2037 1301
f 4283 2760 2898
f 1780 1603 3125
f 116 1318 4147
f 2323 4312 3937
f 2686 2822 1222
f 82 2757 2834
f 2955 2062 4315
f 524 2275 3158
f 616 3474 2458
f 1417 2051 2917
f 3819 501 3824
f 26 1106 3882
f 1576 108 4085
f 956 2566 892
f 391 4262 2258
f 3152 1468 1148
f 3063 3422 3294
f 533 113 3340
f 979 106 3103
f 2491 4055 1373
f 152 1774 2117
f 913 1405 3463
f 559 2860 2584
f 3500 542 3820
f 814 4354 2435
f 3704 3325 2807
f 443 3292 2189
f 2913 566 2827
f 197 2766 1852
f 227 684 3766
f 513 2454 1207
f 1426 1429 2923
f 2951 3993 867
f 2188 9 3726
f 3679 847 1543
f 1054 236 1732
f 134 1510 1956
f 2836 3339 909
f 2174 382 2460
f 4005 2223 2254
f 721 3552 62
f 155 3642 1819
f 4064 2012 1938
f 1930 710 3249
f 1907 3308 3033
f 1617 3129 806
f 4369 2429 2113
f 2500 4307 2614
f 1009 1644 3790
f 3042 623 31
f 1026 10 2543
f 2277 2614 2668
f 4337 3102 1740
f 1541 2119 1555
f 3183 2661 2022
f 1391 1723 1707
f 340 2670 304
f 2526 2520 539
f 748 2230 2656
f 3392 1850 2406
f 1063 2061 2028
f 135 31 623
f 3922 4020 3971
f 1381 1820 3730
f 2289 2175 1386
f 2692 1099 3652
f 1839 1136 326
f 1571 3838 3723
f 1346 3320 2670
f 4211 1808 2609
f 460 4250 45
f 1953 3040 990
f 3453 17 3545
f 3443 3293 1272
f 2244 1950 3383
f 660 914 94
f 642 1712 732
f 2347 878 3018
f 3147 838 1660
f 314 2769 144
f 1591 1719 1782
f 359 579 2637
f 3119 3483 2393
f 146 702 4127
f 1090 1620 4272
f 2837 1814 1696
f 603 2458 3474
f 115 2075 3272
f 3426 968 2334
f 4079 3990 2400
f 452 528 2003
f 1023 4036 1149
f 1128 2182 3072
f 2574 2181 2179
f 2221 1323 2226
f 2698 2866 1177
f 581 2212 2498
f 723 1685 3190
f 2347 3025 878
f 154 2601 2562
f 1022 2591 2680
f 2448 2214 2893
f 2909 2448 2893
f 106 1891 1796
f 2072 1249 972
f 1987 3089 157
f 159 1273 1937
f 3749 442 1380
f 690 90 946
f 1353 2603 1021
f 1404 1918 2603
f 2427 540 1635
f 3669 1886 1546
f 1442 1767 161
f 1483 1106 26
f 574 3776 1665
f 1253 1321 666
f 676 3115 835
f 2470 3976 3237
f 66 164 1907
f 4082 2152 3641
f 3168 2549 992
f 999 2545 3416
f 2935 1425 733
f 1751 3083 1710
f 3517 1883 949
f 380 2236 889
f 900 3970 2395
f 3175 2604 521
f 716 3964 1125
f 1380 487 556
f 1763 170 212
f 279 2430 1673
f 1688 3675 989
f 331 645 2110
f 3768 1958 2183
f 3846 3850 4154
f 4030 3566 3969
f 2192 2052 2820
f 3603 1528 3595
f 1856 2060 52
f 743 1201 1549
f 3637 740 2722
f 1533 1652 2802
f 2691 2685 4241
f 1597 2672 796
f 187 2457 3239
f 277 1370 450
f 2453 1073 3146
f 4152 930 1239
f 3896 1286 2299
f 247 1061 3963
f 2284 1102 3956
f 210 1319 2988
f 2279 3585 3402
f 4183 1436 2253
f 2868 2863 1702
f 1962 125 3789
f 256 1406 179
f 273 3690 4201
f 3752 1570 1838
f 4171 713 3378
f 960 3398 936
f 1809 2486 1805
f 4120 1537 1985
f 2162 4160 845
f 1624 3074 473
f 3721 2634 2417
f 3120 1668 2715
f 189 1084 1940
f 1666 1747 329
f 2623 1293 2480
f 332 1045 670
f 3475 3871 3065
f 4217 121 3004
f 3188 3212 2030
f 3022 394 1403
f 834 1899 1610
f 258 2026 223
f 194 2728 1621
f 2812 440 1496
f 3334 3333 2978
f 822 4170 1274
f 3170 997 3382
f 1573 3458 3514
f 2111 1217 986
f 324 2336 3809
f 2800 2558 4237
f 2196 471 3523
f 2660 2302 921
f 401 2116 263
f 3747 200 2892
f 177 1731 2127
f 191 201 3056
f 2199 3409 259
f 3916 2765 2085
f 2882 2976 3374
f 3969 203 2076
f 2057 3095 3227
f 2892 200 3527
f 675 3384 4171
f 2922 3222 205
f 1286 1650 2299
f 3551 2258 3003
f 2342 1976 1851
f 2242 1418 804
f 2775 1020 3265
f 2346 1372 3682
f 952 1520 1467
f 1844 3844 97
f 4069 959 25
f 1135 536 3173
f 611 1260 2328
f 1322 2608 1065
f 2557 2280 3782
f 1846 1990 2293
f 1911 3401 647
f 1612 3629 3331
f 2875 422 3403
f 214 2104 3341
f 1280 2551 1208
f 1067 3604 2324
f 3150 1124 3418
f 575 3440 883
f 1341 1167 953
f 217 1615 1068
f 3017 1072 2410
f 4209 1694 2937
f 2589 1593 2341
f 3836 2046 1778
f 4088 4214 1982
f 3196 1901 666
f 2092 2148 1648
f 2928 649 988
f 1737 7 364
f 1726 222 3780
f 3715 1154 3321
f 2530 760 3912
f 1912 2610 1325
f 224 2483 190
f 1280 2565 2551
f 2402 976 4302
f 198 3077 3226
f 226 69 2633
f 1560 1684 195
f 134 2605 1510
f 3555 736 963
f 228 389 2709
f 2860 3533 1458
f 2432 2868 229
f 3874 206 3649
f 232 4119 3448
f 609 3403 422
f 1270 3784 231
f 3279 4234 366
f 232 118 4119
f 173 1572 1836
f 3210 3530 1783
f 480 349 2233
f 2 1760 1859
f 269 720 4015
f 3578 235 1791
f 3777 4353 1916
f 1157 2059 122
f 3738 1480 582
f 4338 962 1695
f 3341 2104 2434
f 2350 2319 129
f 1642 2023 1015
f 1531 3550 2675
f 1338 1117 592
f 3647 1604 2462
f 945 3767 2156
f 588 1647 1913
f 2266 2262 1980
f 1855 3234 561
f 975 1845 969
f 3125 2869 1780
f 2468 95 664
f 469 4178 2490
f 3314 3319 3684
f 1496 4168 1856
f 2403 687 3326
f 953 826 526
f 4139 92 2595
f 3229 3074 1624
f 1056 4052 928
f 1852 3999 1972
f 3753 1072 1350
f 1589 860 1246
f 3684 621 4223
f 1674 3150 417
f 3321 1154 800
f 858 2322 2129
f 738 896 1902
f 1170 2938 1764
f 905 2712 746
f 1461 3858 3178
f 621 1184 4223
f 2778 2769 314
f 1434 476 237
f 2919 2243 151
f 4210 1522 2116
f 912 1406 256
f 1924 2734 3702
f 946 3853 2983
f 36 4204 1306
f 1298 258 2093
f 3929 4340 2748
f 1182 1764 2938
f 1545 4188 1770
f 260 1679 2179
f 260 772 1679
f 2703 1112 1932
f 2932 1107 2294
f 109 254 3633
f 749 2012 4064
f 1522 2302 199
f 2886 2155 4011
f 3326 1503 2403
f 18 3399 1722
f 1246 4149 1589
f 1700 3114 974
f 1666 2033 493
f 3934 3845 186
f 2574 2179 2599
f 1525 1080 1329
f 1305 1600 3047
f 1396 359 240
f 2905 2096 1279
f 3813 1727 2899
f 3370 220 44
f 2805 2034 498
f 815 2132 2517
f 1057 700 3884
f 2267 4128 1258
f 2501 862 4057
f 833 3127 4317
f 1431 2424 2607
f 3950 3586 3581
f 1249 711 972
f 3414 2373 33
f 704 1643 2399
f 1840 3280 2173
f 4352 1809 1805
f 1374 3283 4031
f 1888 3844 1091
f 1430 2867 2874
f 2567 3219 4017
f 2569 3278 3591
f 2164 3852 2423
f 3939 3855 2065
f 166 2473 1699
f 281 855 2672
f 1011 3609 1745
f 4364 3677 925
f 3956 1102 1630
f 288 2281 2317
f 4040 1771 4044
f 3462 2846 1169
f 286 1637 2632
f 3039 1015 285
f 56 1369 3866
f 2385 2696 286
f 1478 465 1392
f 447 2505 2222
f 686 3487 47
f 1174 1960 3262
f 1872 657 2540
f 2027 238 648
f 1895 1202 1024
f 290 1175 1892
f 3773 1062 4293
f 3769 1751 291
f 3621 1397 4351
f 3439 292 1172
f 3773 2638 3768
f 2586 1857 1425
f 782 4351 3770
f 170 1763 4245
f 3233 2737 1631
f 4230 1810 295
f 102 3601 1256
f 148 1071 3050
f 681 563 4
f 297 2641 1505
f 2287 4311 1172
f 2422 3673 3902
f 648 2350 3686
f 292 1551 299
f 2846 1830 1169
f 1159 2772 300
f 2993 409 192
f 301 1818 1903
f 651 3046 2773
f 2585 302 3705
f 1521 2698 1177
f 1629 2987 2774
f 1935 2601 154
f 2009 4036 2676
f 3481 627 3468
f 1168 43 1655
f 2278 1383 1923
f 1682 2975 3795
f 1189 4140 3060
f 4049 3973 3573
f 1101 3936 34
f 4010 1987 157
f 365 1740 2527
f 2751 4117 124
f 3723 3838 1550
f 1290 357 427
f 3727 629 4166
f 3349 1274 3883
f 2237 3271 373
f 1250 2167 3543
f 2865 1812 1540
f 2975 3064 3795
f 2117 306 4282
f 651 2295 932
f 2639 3350 1752
f 2073 4012 353
f 3709 580 3735
f 2911 3496 2904
f 886 4298 2109
f 2276 436 441
f 564 2185 3486
f 1033 674 3013
f 3836 1778 413
f 2291 2167 1250
f 1781 1703 2099
f 3652 2142 2201
f 3900 3906 1682
f 3490 321 3068
f 1865 1874 3985
f 1373 4055 2752
f 458 1794 2759
f 741 753 181
f 3007 2969 1971
f 741 595 2531
f 1200 3803 2129
f 264 652 325
f 1544 446 765
f 1839 3891 3220
f 895 3700 2024
f 3973 2140 1686
f 662 1171 1025
f 2168 1230 1103
f 966 1667 4161
f 1670 3163 2570
f 1084 2674 1940
f 1354 330 1904
f 944 3413 3408
f 2908 3346 516
f 1035 2164 2423
f 332 1849 1045
f 318 2768 2718
f 182 1416 1965
f 3067 1156 11
f 1829 2128 2518
f 4300 574 3808
f 428 2282 2583
f 3821 1978 1409
f 3991 1910 1676
f 311 3149 3888
f 1388 2278 337
f 674 1606 2149
f 4044 1771 801
f 3664 1163 2859
f 1587 1440 991
f 4001 1294 166
f 1723 756 1707
f 2724 1866 730
f 125 3977 3789
f 1574 743 1549
f 117 342 2235
f 3148 2497 4346
f 3699 1043 1367
f 3185 271 1975
f 344 552 1889
f 2859 1163 3167
f 3870 1299 1214
f 2850 354 1797
f 2944 3111 89
f 2764 1638 3519
f 2981 2785 347
f 3748 2519 4233
f 2398 876 802
f 2863 2795 1702
f 3729 233 425
f 4087 845 1554
f 350 3893 3897
f 1883 1166 949
f 3043 2361 4277
f 4301 2761 2308
f 2512 2694 352
f 395 1595 2165
f 1243 1994 3456
f 2163 2168 2634
f 328 354 1795
f 3198 2161 1838
f 2549 3168 2488
f 2514 3045 2017
f 344 1889 1662
f 3184 1662 636
f 1007 4020 3512
f 998 3529 2090
f 327 358 3322
f 2493 651 2773
f 8 2848 3623
f 3797 426 3572
f 1692 4184 2391
f 1998 4013 3146
f 435 1922 361
f 3734 2250 1994
f 3717 362 3277
f 3012 1296 1677
f 371 2464 3553
f 356 2186 1497
f 1342 221 3345
f 3257 654 3264
f 365 4356 1740
f 2554 3689 3357
f 4294 1330 942
f 3772 3205 2107
f 2376 3371 497
f 330 824 1904
f 3260 368 1210
f 3743 1311 4016
f 361 1922 369
f 1879 1391 1707
f 3270 1765 4186
f 1927 1567 4094
f 363 3479 2508
f 1993 795 1790
f 2103 3058 372
f 1195 2100 1945
f 185 2237 1997
f 1330 2058 942
f 471 2196 374
f 1998 3146 360
f 2127 1731 3252
f 1787 1018 4285
f 89 376 1821
f 2103 2105 2100
f 2861 2402 4302
f 4189 339 3142
f 307 3936 1101
f 2186 2285 1497
f 379 2398 1991
f 1074 2365 2005
f 380 2290 3517
f 3784 1653 3372
f 381 180 1211
f 2083 2510 1052
f 897 2692 3652
f 79 1009 3685
f 383 615 1413
f 1237 2244 3390
f 1613 751 3284
f 1485 587 3567
f 2145 3865 2650
f 780 2742 408
f 2615 2695 386
f 386 1316 67
f 4255 305 628
f 3699 1031 680
f 1973 1766 597
f 957 398 251
f 980 958 2143
f 2170 2282 428
f 3029 408 2742
f 612 2141 2467
f 2563 2581 2571
f 3471 404 3666
f 1742 1457 797
f 3354 3711 3241
f 405 2577 393
f 908 3455 3173
f 1952 3560 3022
f 2732 3698 2239
f 1089 1040 1477
f 1142 1138 3045
f 2793 1876 1085
f 3079 3098 3093
f 2091 2979 397
f 2695 1316 386
f 1539 2205 1259
f 3354 3241 1259
f 4086 2646 2649
f 1343 3854 1822
f 3121 3539 1870
f 21 853 2014
f 3912 760 4226
f 899 2914 3086
f 402 2943 2476
f 1754 2384 2714
f 403 2783 4002
f 916 3459 1206
f 1283 313 1301
f 3071 1466 3622
f 1592 854 2687
f 1284 3175 3360
f 2970 2629 1739
f 2654 112 1186
f 407 3296 1511
f 2542 1802 3300
f 2650 3410 2994
f 950 955 27
f 546 2977 409
f 763 4359 2552
f 410 412 3618
f 1372 3305 2920
f 2722 740 1244
f 1607 2124 438
f 1252 2232 2779
f 1750 3477 1645
f 3013 1180 2320
f 2768 318 1178
f 2833 3368 3681
f 3487 686 1661
f 983 3359 994
f 2050 160 2474
f 978 3791 4118
f 2144 2148 2092
f 3418 2194 4309
f 236 3978 4067
f 3868 1266 1824
f 3829 101 2844
f 3970 900 4006
f 511 658 1314
f 2653 234 1531
f 1279 2096 4231
f 714 1908 3332
f 3057 1468 3063
f 3576 1364 388
f 2413 1446 2211
f 1442 161 2004
f 3182 1047 3720
f 405 2876 2577
f 2708 1817 1815
f 4271 425 233
f 187 1706 1147
f 421 59 1399
f 1399 1287 1789
f 1282 1202 1895
f 1658 1514 3722
f 3311 1875 428
f 2085 1112 2703
f 3447 30 2857
f 3024 789 3194
f 3449 4041 784
f 1438 95 2468
f 4127 1659 146
f 4023 4266 1721
f 1121 3557 1791
f 3961 168 4063
f 1976 2342 1450
f 1196 892 35
f 1728 3782 3772
f 2637 1936 39
f 3427 70 2397
f 4129 1915 3509
f 2793 707 1876
f 429 789 1361
f 302 2036 3705
f 2271 2238 1002
f 411 438 2124
f 1741 1615 2973
f 3001 439 14
f 3400 3690 273
f 2219 1116 1871
f 1360 1769 4000
f 2276 441 1847
f 920 3163 1670
f 829 3703 2088
f 3266 3703 829
f 443 1254 3292
f 2760 3480 1248
f 4176 1332 174
f 1770 2624 1545
f 248 1972 2208
f 2095 751 2756
f 2139 325 652
f 1238 3818 4175
f 2147 287 3356
f 1931 2630 3315
f 1390 448 607
f 2481 476 1434
f 1339 4233 449
f 999 3742 2545
f 3536 1573 3518
f 3365 1030 3620
f 451 1953 990
f 3308 710 74
f 667 12 1964
f 3141 1651 334
f 4064 1938 4368
f 3965 1905 3079
f 454 2505 447
f 3220 3891 3215
f 2841 1315 455
f 746 3628 2171
f 3871 3475 2394
f 1543 847 1039
f 413 3090 2339
f 3757 2596 3760
f 1312 4090 2316
f 2316 4090 2759
f 2162 459 571
f 4328 2788 3756
f 2437 868 4032
f 205 872 1672
f 3719 461 2678
f 3164 1390 3230
f 2998 1736 1981
f 649 3800 1833
f 463 3738 2666
f 1996 1211 180
f 396 2534 464
f 3826 1701 1588
f 3339 722 909
f 4093 137 754
f 3458 178 3514
f 3744 2108 2665
f 1878 1828 1519
f 3074 119 3478
f 468 3885 1716
f 1231 1274 2547
f 469 1288 4178
f 4177 2838 3879
f 3908 2425 437
f 926 152 2117
f 241 3523 471
f 925 931 2821
f 2429 4369 2806
f 2118 2333 2109
f 3963 1061 349
f 2035 2469 2941
f 474 4308 1547
f 1704 3021 2534
f 4331 2935 3317
f 250 4327 1124
f 2556 476 2481
f 203 2123 2076
f 2133 477 1299
f 1942 1516 1242
f 478 1565 3693
f 2715 1668 2151
f 3995 2097 2521
f 3454 2176 4185
f 480 2233 2832
f 2747 1909 1157
f 453 2984 1547
f 2173 453 1547
f 482 4267 1804
f 123 1557 1553
f 483 3892 3388
f 1871 3951 2219
f 3615 4043 1273
f 2392 1622 1402
f 485 255 1640
f 1216 2677 208
f 3089 308 486
f 484 486 2794
f 1537 2134 1985
f 186 3005 3934
f 4238 355 2017
f 2626 3171 165
f 489 3118 2390
f 2045 1649 444
f 490 1279 3875
f 3281 1221 1116
f 3224 3423 3215
f 3429 2174 3434
f 1788 4219 492
f 4326 2152 4082
f 1747 3116 3073
f 3203 1263 1654
f 140 2537 3040
f 869 2546 3737
f 495 1832 1772
f 504 3446 1507
f 2547 496 2241
f 2255 2300 4131
f 367 3657 1812
f 3373 504 1507
f 2034 4071 498
f 270 4109 3588
f 499 2384 1754
f 261 3206 634
f 3054 3052 1144
f 2180 22 2068
f 2647 2708 1815
f 244 3314 3307
f 502 4023 1721
f 1711 423 2524
f 2251 3561 3970
f 1974 1489 854
f 2948 3596 3
f 1512 1501 310
f 2878 1475 1517
f 4344 2125 4073
f 2053 3968 67
f 512 4216 725
f 1029 507 4034
f 507 2310 23
f 2406 2962 508
f 744 2385 1344
f 424 509 2472
f 859 3819 424
f 510 3371 2376
f 2783 2730 77
f 1365 653 2956
f 1492 2602 3975
f 512 4108 2216
f 1036 1200 2129
f 513 2083 1052
f 1307 919 736
f 1578 1826 514
f 3872 2693 619
f 3048 515 3535
f 1290 1781 357
f 3346 2110 516
f 2903 3893 350
f 4355 517 1328
f 2221 520 63
f 4164 2266 1980
f 1172 4311 4341
f 1813 2924 2974
f 619 155 1819
f 520 517 4355
f 3510 1212 1920
f 1853 521 2826
f 3020 1646 2089
f 522 2499 1166
f 1451 336 1944
f 213 523 2410
f 593 3195 4257
f 1488 524 3158
f 2138 2379 2560
f 3767 525 4208
f 3647 2462 3302
f 2622 4133 216
f 739 879 3258
f 1141 3798 2388
f 1455 2364 3193
f 452 1445 528
f 4324 4106 650
f 1567 2648 1941
f 4148 1031 1563
f 4191 935 1911
f 864 3599 239
f 531 4130 794
f 3128 1153 1164
f 532 924 2476
f 964 2283 3267
f 968 3725 2334
f 148 2178 1071
f 2684 534 985
f 96 1580 977
f 3890 535 3549
f 220 1437 44
f 810 176 4251
f 1559 3117 3905
f 509 1474 2472
f 810 253 176
f 3095 2917 3227
f 1591 3992 1719
f 2257 539 848
f 2782 544 2042
f 1398 540 994
f 1861 4272 2828
f 2304 1037 2079
f 823 3185 1975
f 542 105 3820
f 4151 4322 2805
f 2074 4221 1539
f 2824 3809 3814
f 3925 1820 778
f 2223 856 2254
f 3227 2917 2340
f 1584 790 2887
f 1337 2977 546
f 3379 2487 3942
f 1634 904 3351
f 617 55 3076
f 2030 2318 548
f 883 3445 3984
f 2967 3520 549
f 3814 2047 2824
f 3060 4140 1292
f 1894 1792 2884
f 3231 551 684
f 2436 601 852
f 2369 2375 795
f 2364 3247 2451
f 553 3275 3270
f 4213 1960 1174
f 570 554 100
f 1040 2964 1477
f 555 3108 1260
f 176 253 1377
f 1453 556 487
f 3656 2640 3447
f 3152 3432 406
f 1040 1623 2964
f 944 61 3413
f 1527 86 2598
f 3221 2019 1463
f 2401 979 3103
f 1561 3783 560
f 3156 3161 4301
f 32 2192 2820
f 2838 4125 1285
f 567 2492 2489
f 283 531 2931
f 2949 4 563
f 2340 538 1265
f 564 1028 48
f 2942 1441 3161
f 2020 565 4331
f 1538 967 3746
f 2209 3508 4070
f 249 3857 3732
f 65 801 567
f 2540 657 3876
f 752 568 3532
f 133 3347 2661
f 206 2507 2247
f 3589 2206 793
f 554 570 3091
f 1785 1199 3363
f 459 3053 571
f 2156 268 945
f 572 3762 4147
f 2013 3762 3091
f 1713 171 573
f 2494 747 222
f 574 2849 3776
f 1999 1970 3153
f 2078 1851 1976
f 569 3165 2078
f 3836 3834 2046
f 2149 3676 3019
f 577 4106 4324
f 2513 4336 2522
f 4203 2381 578
f 1620 1090 2663
f 1936 434 39
f 1186 112 2504
f 3739 2896 1311
f 3348 3282 315
f 581 1954 2212
f 2312 88 2097
f 582 1480 2747
f 4333 4345 2758
f 583 1235 1664
f 353 1462 1097
f 243 3333 3334
f 812 3088 970
f 1651 2643 334
f 2435 4079 814
f 1669 2415 322
f 114 3437 774
f 276 3567 587
f 441 1471 1847
f 172 462 1502
f 1242 4284 3143
f 2877 3286 2153
f 4078 42 1802
f 3069 102 3061
f 1714 1407 1410
f 1715 2760 655
f 2224 2341 1593
f 264 1846 2293
f 2411 3501 3318
f 523 213 3644
f 2220 4362 3579
f 534 2690 3831
f 2897 3436 3112
f 1971 3421 595
f 858 805 2322
f 596 1810 4230
f 3758 2006 57
f 3960 1276 609
f 1446 2413 1948
f 1917 3008 1479
f 3474 616 3503
f 2000 599 2536
f 913 1465 3335
f 2496 600 880
f 779 2651 230
f 551 3231 1967
f 2061 2068 22
f 1232 1870 3539
f 2022 400 3674
f 1484 3269 831
f 2464 1484 3553
f 1834 284 3619
f 735 1890 2696
f 1343 3731 3854
f 764 2433 1681
f 1449 602 951
f 2366 403 4002
f 1420 109 1852
f 3694 254 109
f 608 588 1913
f 2421 1502 3243
f 609 197 982
f 1276 2683 609
f 234 3792 1531
f 1738 745 72
f 2328 3162 611
f 1882 1594 3174
f 612 2697 888
f 3552 2732 62
f 3097 3479 363
f 1576 2195 1335
f 2562 2598 86
f 1128 3072 1534
f 3390 4372 3580
f 1426 3658 1429
f 108 598 4085
f 598 1479 2777
f 1634 3085 904
f 831 3614 2511
f 605 618 2055
f 2297 1681 1801
f 2885 2716 1813
f 3086 519 899
f 624 2260 620
f 2167 2159 2447
f 2829 2582 2580
f 1583 2829 1460
f 2901 1346 622
f 3583 4286 2426
f 623 2330 135
f 3722 1514 2326
f 319 624 3488
f 873 2071 3009
f 1525 1329 3804
f 263 1912 1325
f 4223 1184 1749
f 537 1605 2881
f 2009 3728 2325
f 3728 757 2325
f 4194 1352 4199
f 1352 3992 4199
f 792 4166 629
f 3111 2944 2441
f 939 630 46
f 2363 2792 1126
f 4262 2098 2258
f 2507 206 2288
f 2662 1649 632
f 275 2249 632
f 927 4137 1898
f 2160 2154 2736
f 634 1625 261
f 2584 1463 2019
f 2023 2027 2945
f 2539 1631 2737
f 2343 2625 1151
f 338 3655 801
f 1848 2277 2668
f 3689 130 1014
f 638 1504 2947
f 1443 84 2602
f 1779 2424 184
f 2235 342 3148
f 83 2007 2894
f 4033 1414 1303
f 641 674 1033
f 961 2079 1388
f 2224 3701 2341
f 2740 1062 4035
f 1301 2037 1278
f 1400 775 104
f 15 3293 3443
f 2763 2614 2011
f 1597 281 2672
f 3609 2484 1745
f 3862 2359 3867
f 2723 2471 2227
f 3751 647 1117
f 3924 2652 1327
f 4098 648 3686
f 3574 1309 285
f 1173 3941 2528
f 2528 196 3800
f 3089 2853 308
f 1296 1799 1677
f 1568 3826 1588
f 358 3712 1585
f 2926 264 2293
f 3650 3278 2569
f 653 3950 3581
f 1212 3189 1019
f 1459 4097 2928
f 342 2497 3148
f 41 3218 3228
f 1928 591 1798
f 1686 2140 2368
f 1765 3625 1949
f 657 1775 3876
f 1001 2269 2371
f 419 1756 202
f 2843 4019 2337
f 2204 2430 279
f 1832 495 2727
f 914 660 4276
f 1175 2937 1892
f 141 2007 83
f 2851 3958 1950
f 4280 1171 662
f 1639 656 2999
f 663 460 45
f 1711 3495 2004
f 3088 1333 1262
f 4062 1448 3088
f 2157 665 809
f 42 4078 2957
f 2327 1437 535
f 2039 98 1353
f 334 1999 3141
f 1999 2102 2311
f 2594 668 3398
f 430 1438 1881
f 2473 166 669
f 3132 2755 241
f 115 2184 2553
f 3463 1405 1114
f 1773 2225 1769
f 1684 226 2633
f 4104 1324 2529
f 4111 4104 4071
f 673 1321 1253
f 3779 2229 3358
f 641 296 674
f 296 1606 674
f 1784 39 675
f 3047 1600 3708
f 3918 709 415
f 3112 1678 2897
f 2618 312 677
f 2948 1501 3596
f 542 1334 105
f 4354 4265 3363
f 3341 679 214
f 2544 1245 1385
f 3299 2745 1777
f 2131 1383 387
f 563 681 1139
f 3571 337 1921
f 167 145 682
f 2713 1734 3526
f 3107 835 3110
f 2269 4040 2371
f 3766 3489 1693
f 3342 807 8
f 3624 1725 697
f 4009 1271 3037
f 3356 287 1786
f 3740 482 1804
f 1496 2717 1518
f 4252 2154 2160
f 688 694 147
f 307 2146 1032
f 717 3466 2743
f 1873 4242 3745
f 4057 862 1867
f 158 3845 3934
f 3530 1143 2040
f 3014 2172 1264
f 3079 1905 3098
f 384 3624 2048
f 3634 1 693
f 1 164 4082
f 147 694 1814
f 2506 1863 547
f 2688 695 508
f 1140 4066 1931
f 1268 696 590
f 1714 2796 3069
f 2048 697 51
f 3295 3350 2639
f 1411 3400 273
f 706 3127 833
f 2970 1739 699
f 1468 1529 3063
f 3466 717 2264
f 2897 1678 2273
f 4256 4289 1860
f 1860 2762 4256
f 1961 99 2115
f 1582 2477 274
f 2408 703 1718
f 198 703 4192
f 74 710 1930
f 1937 2231 159
f 705 1707 3208
f 4183 3066 1436
f 1411 273 706
f 364 2404 1737
f 2456 429 1361
f 1059 3786 1355
f 708 333 3059
f 3225 3665 333
f 2568 4195 709
f 594 2568 3112
f 1158 3406 1854
f 2535 3877 3406
f 2405 1951 3109
f 1076 1793 2548
f 712 93 1419
f 1268 3917 1627
f 3384 713 4171
f 434 713 3384
f 714 414 1908
f 4267 1671 1804
f 3341 1351 679
f 242 2509 1855
f 701 2640 3656
f 547 1863 1134
f 1188 533 1858
f 1869 1858 1215
f 3456 1994 718
f 3660 1668 3120
f 1674 1968 4047
f 222 1823 3780
f 720 4114 4263
f 1266 2844 1827
f 2289 3552 3556
f 1919 1914 4371
f 3344 137 2960
f 2032 2692 897
f 3223 723 891
f 893 153 407
f 724 606 3187
f 1758 4321 729
f 1610 3671 834
f 4112 4108 1575
f 593 392 726
f 2878 2263 1475
f 347 2554 3357
f 2538 1339 3849
f 266 2033 728
f 169 2134 4218
f 2121 4323 2482
f 745 2121 2482
f 1965 1416 3570
f 3212 3379 3942
f 633 2080 85
f 2803 3991 2746
f 1712 107 732
f 2062 2757 1193
f 4299 2558 2800
f 3931 2324 280
f 2992 2982 3408
f 303 2029 3041
f 4366 3375 735
f 3867 3464 1482
f 919 2657 736
f 1850 1844 97
f 737 1758 729
f 3532 568 2906
f 830 2754 725
f 251 398 1218
f 3984 3106 883
f 3843 2622 879
f 4259 175 740
f 341 2831 2259
f 741 1977 1375
f 1983 3007 1971
f 2077 954 742
f 3663 2190 3796
f 3216 2442 1612
f 6 2443 1068
f 1344 2856 744
f 4180 3375 4366
f 4015 720 4263
f 610 3343 1738
f 911 455 2440
f 1331 2329 672
f 2672 2067 4135
f 171 4135 2494
f 2906 2526 2257
f 2257 2526 539
f 1852 109 3999
f 4291 109 3633
f 4131 2248 2255
f 927 1898 2561
f 445 481 2984
f 1579 3329 2984
f 3996 752 4313
f 143 3026 1660
f 2268 846 753
f 2331 323 2525
f 3344 754 137
f 3648 1464 3176
f 3224 755 828
f 1966 2541 2549
f 1862 1566 340
f 1866 3313 1120
f 1919 309 1914
f 3838 1133 1550
f 758 3096 1943
f 2209 1508 1289
f 2501 759 862
f 1808 1064 1401
f 2721 3006 760
f 760 1657 1837
f 1862 761 1566
f 3419 50 622
f 600 2496 762
f 758 1943 2655
f 2572 1131 2552
f 300 2772 1900
f 2297 1801 3587
f 1340 2798 2049
f 2564 765 446
f 1203 2569 2564
f 766 58 3184
f 578 2711 768
f 767 3508 2203
f 1749 1184 1461
f 2635 1165 2343
f 2354 58 766
f 721 62 769
f 2015 4086 2649
f 770 3551 3003
f 3666 404 3361
f 2573 3015 771
f 46 2234 771
f 36 2895 2301
f 20 776 1313
f 3812 1466 3071
f 1491 2081 1774
f 774 3437 3985
f 774 3985 1874
f 104 775 3144
f 2235 3148 3151
f 2950 2815 1313
f 4084 2950 2744
f 3104 3645 2852
f 3254 1509 940
f 3288 3355 3925
f 4196 2175 2751
f 230 543 779
f 324 3809 3484
f 1689 385 3245
f 3159 1340 2049
f 781 1894 2884
f 404 3471 1241
f 3473 782 3770
f 2242 2818 3626
f 783 1080 1525
f 2660 2346 3682
f 3772 2416 3205
f 2416 4041 3707
f 1532 3509 1094
f 3282 2963 315
f 2911 2419 786
f 2122 886 2888
f 787 247 3963
f 1211 1996 3713
f 4056 788 1933
f 410 1252 2779
f 429 3651 789
f 4218 3668 169
f 314 2887 790
f 2781 3451 2790
f 887 1952 3022
f 3461 1341 3921
f 629 346 3525
f 346 785 2764
f 3165 569 3160
f 2868 1702 229
f 283 2931 562
f 2281 288 1807
f 795 2375 363
f 795 363 1790
f 2114 2809 177
f 1713 1731 177
f 3331 3629 1574
f 2214 4138 514
f 1639 2999 798
f 1083 68 4145
f 2925 2797 799
f 799 3372 2925
f 222 747 800
f 222 2418 1823
f 2489 2492 283
f 3781 3664 3291
f 802 876 348
f 3764 2786 3589
f 55 803 3076
f 1479 1733 1598
f 2344 4264 2137
f 4270 2031 2775
f 324 3038 1444
f 324 3484 4249
f 806 127 2699
f 127 2806 472
f 8 807 2848
f 2848 3369 3035
f 2855 56 3866
f 1224 1673 2430
f 665 2825 809
f 3534 3513 3515
f 537 2881 810
f 537 810 844
f 4264 811 3080
f 804 2818 2242
f 2086 4107 1448
f 4206 4068 2529
f 813 311 3888
f 496 2300 2241
f 2193 3363 4265
f 2400 162 3983
f 1247 1188 2995
f 3848 3840 2008
f 3575 19 1880
f 886 3910 321
f 259 671 4235
f 671 1773 1979
f 818 468 1716
f 1231 2547 1885
f 819 3986 2444
f 3994 2008 3285
f 554 1730 820
f 406 3432 3778
f 2113 821 4369
f 2333 821 816
f 822 1274 3349
f 4026 3559 1979
f 3185 823 343
f 3100 680 1599
f 1904 824 3832
f 2741 3546 2291
f 2383 4124 825
f 993 3636 2451
f 4139 3998 92
f 3022 1403 2479
f 4103 2587 827
f 3692 2218 266
f 755 491 828
f 3697 491 2488
f 1755 3266 829
f 2501 4050 442
f 251 3327 1469
f 2802 1469 3364
f 831 617 3614
f 3474 55 617
f 2301 952 1467
f 788 2265 3273
f 2607 833 4365
f 631 1431 3952
f 2721 760 2530
f 3613 71 1864
f 163 1137 2739
f 683 1137 163
f 4003 2311 2102
f 355 2514 2017
f 432 3961 1601
f 3442 900 2395
f 143 1660 838
f 3513 2356 3515
f 912 3180 1406
f 2831 341 2202
f 3173 536 4028
f 1729 810 4251
f 644 4141 4144
f 1296 4141 3717
f 97 842 4335
f 2962 842 4069
f 843 2150 40
f 843 40 1618
f 1129 3821 1409
f 424 2472 2063
f 2040 3014 1264
f 2035 3014 2469
f 181 753 846
f 1601 3961 4063
f 9 17 3726
f 3528 3534 3522
f 2257 848 2230
f 131 1541 1555
f 3016 849 3011
f 840 1559 1384
f 3304 3360 850
f 2826 2583 1853
f 991 3219 1587
f 1397 4244 2313
f 2788 852 3569
f 852 2788 4328
f 2014 853 2862
f 734 2669 2992
f 854 405 2687
f 1853 2682 3304
f 2064 1688 3140
f 285 1369 3039
f 3927 3962 1825
f 2600 544 3962
f 857 1878 119
f 4319 1510 2605
f 595 1882 3174
f 595 3174 1200
f 859 424 1596
f 3316 1800 335
f 3732 3857 2611
f 2611 1569 1572
f 2119 856 861
f 46 630 2234
f 1867 862 3816
f 862 759 3755
f 1950 3958 863
f 29 2312 479
f 3548 530 3599
f 420 2070 3544
f 865 2306 331
f 1910 331 1676
f 866 2823 494
f 3737 2546 3362
f 867 383 1413
f 1256 3601 53
f 1064 1808 3105
f 2922 81 3222
f 869 1424 2546
f 3907 4099 874
f 870 661 1237
f 1410 1776 3993
f 3920 3917 871
f 4230 4227 596
f 872 868 2437
f 2351 3222 81
f 2972 2965 873
f 61 2593 3413
f 874 4099 3524
f 874 3524 2177
f 949 875 2921
f 350 3897 2038
f 3793 132 3691
f 3612 1835 132
f 1669 877 2415
f 2581 2563 3471
f 2303 2520 3179
f 2889 893 407
f 2622 216 879
f 879 1748 3258
f 600 597 880
f 2961 890 3830
f 2015 3563 3560
f 394 1060 1403
f 1503 1042 882
f 2675 3550 239
f 575 883 3775
f 3843 879 739
f 2038 884 3157
f 884 375 1787
f 1213 252 885
f 3894 2645 37
f 3490 4115 321
f 786 3505 4115
f 1341 3461 887
f 409 2572 2552
f 612 888 390
f 2742 780 2735
f 380 889 2290
f 1944 336 522
f 890 2961 3960
f 2220 3579 3823
f 136 3223 891
f 2697 3029 2742
f 2912 316 892
f 892 1196 943
f 893 3181 2704
f 1802 1685 3181
f 688 894 694
f 694 2506 547
f 895 2024 1663
f 454 1724 2505
f 896 834 1902
f 71 1487 3919
f 2032 1906 1136
f 3685 1009 3790
f 898 3352 1885
f 69 1675 2613
f 401 899 519
f 760 1837 4226
f 2843 2337 900
f 3442 2845 900
f 901 1786 47
f 3052 500 1140
f 3588 902 2940
f 2940 3370 2671
f 4089 69 2613
f 2841 195 1315
f 2762 3749 4256
f 1127 1755 78
f 3084 3387 2712
f 4118 4173 2092
f 4000 906 1360
f 2207 201 191
f 165 3171 488
f 3697 1498 2024
f 210 2988 908
f 1592 1974 854
f 2836 909 3209
f 3209 1720 1724
f 910 1837 3393
f 1325 1108 910
f 2440 2171 911
f 252 2938 1170
f 2930 3180 912
f 183 2243 2919
f 2407 599 1465
f 2323 3103 106
f 2891 142 3366
f 3325 3704 2986
f 962 915 1695
f 1417 2917 3095
f 2907 916 2066
f 1449 951 2366
f 456 3595 1528
f 3470 2726 3441
f 3986 918 2444
f 1053 1708 3630
f 2657 919 2169
f 2605 134 2436
f 2270 3301 1471
f 4352 1805 3202
f 2302 208 921
f 2352 2920 3305
f 922 1113 224
f 3577 2555 3131
f 538 923 1265
f 923 538 3638
f 2370 2377 4229
f 2555 3577 3930
f 471 4155 2816
f 374 3617 471
f 3913 4029 2043
f 1954 2043 2212
f 750 927 2561
f 3388 750 2240
f 518 4154 282
f 3677 931 925
f 1753 3163 920
f 3073 3116 3476
f 3861 1244 930
f 2570 2575 1670
f 282 2720 4081
f 2720 1556 3031
f 1818 301 4190
f 3444 4279 3926
f 2201 2142 933
f 1118 2864 3802
f 4285 1018 934
f 2197 4208 525
f 2702 1535 3459
f 1317 3051 2985
f 1186 2504 2372
f 2557 3782 1728
f 937 451 3877
f 937 2215 1419
f 2450 3935 938
f 507 23 4034
f 853 21 1629
f 3121 2439 3539
f 3254 940 4342
f 3911 2588 3083
f 548 2318 3984
f 3921 1341 953
f 2058 1997 942
f 4024 3663 373
f 943 2912 892
f 3765 433 4113
f 2982 2774 2987
f 1527 558 1530
f 3767 945 3718
f 3047 3708 3714
f 946 2606 3853
f 90 1959 946
f 1356 3188 947
f 548 3984 3445
f 3859 2900 948
f 2419 3505 786
f 949 1166 3799
f 949 3799 875
f 950 27 2731
f 408 891 3190
f 951 403 2366
f 951 303 3213
f 1520 952 2815
f 2815 2895 1313
f 941 953 526
f 3921 953 941
f 954 1653 742
f 3517 949 2921
f 950 1685 955
f 2153 3286 42
f 892 316 956
f 316 3496 3068
f 957 1539 398
f 779 543 1652
f 228 4065 980
f 1269 1347 2706
f 1169 1830 2286
f 292 2287 1172
f 3594 960 936
f 2629 3833 1739
f 2658 961 1388
f 2178 1877 1071
f 1700 265 3114
f 1855 2509 3234
f 3054 22 2180
f 2406 1632 3082
f 3630 3635 1849
f 532 2370 4229
f 457 3090 965
f 2338 1280 1208
f 2166 966 4161
f 2166 2161 971
f 1418 293 3981
f 298 3686 1757
f 968 2135 3725
f 1465 599 2000
f 3760 2596 2495
f 2502 1285 4091
f 95 970 664
f 1780 3820 105
f 3948 2166 971
f 1988 3345 971
f 972 3109 1951
f 2120 1222 3420
f 4253 369 973
f 3670 3665 3225
f 476 4338 1695
f 3081 4290 476
f 219 3757 965
f 2046 1705 1778
f 188 976 2631
f 1795 354 2850
f 977 4004 96
f 3023 1861 2828
f 416 978 1150
f 2399 3791 978
f 3211 979 2401
f 1891 80 3236
f 389 228 3997
f 2089 4008 3020
f 106 979 1891
f 979 80 1891
f 982 197 248
f 2810 248 2208
f 2050 2474 4195
f 3115 2470 3237
f 3600 984 3114
f 915 962 984
f 985 534 3831
f 3433 3822 1179
f 986 2678 461
f 2111 986 3330
f 987 984 3600
f 2052 2056 1190
f 1342 3264 221
f 1833 997 3170
f 3909 4327 250
f 2296 250 1674
f 990 3511 2681
f 3406 1656 1854
f 991 1055 1692
f 2567 4017 225
f 992 449 2420
f 2541 992 2549
f 993 3049 2388
f 993 2383 3636
f 3232 2345 103
f 3669 1132 1886
f 3504 3957 2674
f 1304 3861 930
f 2664 3323 996
f 4286 50 3419
f 997 462 3382
f 1981 1736 3982
f 2099 3727 4166
f 1003 2106 3512
f 3742 999 1768
f 2307 2514 355
f 2390 1000 9
f 1110 3453 3545
f 2550 1001 1775
f 2378 2449 2386
f 3598 1929 2036
f 3903 3908 437
f 4100 357 1003
f 357 2106 1003
f 1004 365 2527
f 2725 2519 3748
f 1005 669 166
f 4345 3506 2758
f 2379 4193 2560
f 2367 1123 1349
f 3971 4020 1007
f 31 135 2031
f 1008 2519 1233
f 2420 2545 3742
f 1009 2636 1644
f 3598 2036 302
f 4346 7 1010
f 1779 1010 2424
f 2559 808 3856
f 4122 1544 765
f 3244 1012 375
f 2700 3467 2459
f 1009 79 2271
f 3606 2636 1009
f 637 1014 130
f 4337 637 1433
f 1015 2023 2945
f 3574 2945 4098
f 3123 1021 3549
f 159 2231 1925
f 1017 25 959
f 508 2962 2688
f 375 2700 1787
f 375 1012 2700
f 1019 843 4022
f 1365 2348 3954
f 1020 1415 777
f 2332 3395 3810
f 3540 2315 159
f 1273 159 3615
f 372 3058 1022
f 614 1534 3072
f 4159 1023 1149
f 2591 1022 4278
f 1024 1202 3507
f 2539 289 1631
f 3568 4186 1025
f 305 1927 1884
f 1772 2733 495
f 2737 2733 2543
f 524 1488 1027
f 2784 1220 524
f 1028 1704 48
f 3754 3021 1704
f 1029 1323 2221
f 3204 267 2886
f 2998 3653 1736
f 1958 277 450
f 3627 1563 1031
f 1367 43 1168
f 2146 147 1032
f 1032 2837 1160
f 2320 3261 318
f 2445 1086 318
f 347 3357 1034
f 3790 1644 2460
f 4175 3818 1035
f 731 2016 3417
f 2279 3402 2331
f 4207 506 4112
f 2705 541 1037
f 541 271 3185
f 1038 576 2839
f 576 1379 3834
f 3441 2726 3667
f 3662 418 917
f 1040 100 1623
f 352 2694 1040
f 2295 1041 932
f 2642 1818 4190
f 3324 687 2717
f 1995 2 1859
f 1367 1043 43
f 2374 1873 3745
f 1044 3483 3119
f 1828 2210 1519
f 1849 2710 1045
f 499 1992 2384
f 2900 3124 948
f 38 605 2055
f 938 3935 1047
f 663 45 3774
f 1048 1053 2883
f 2184 332 670
f 2026 1049 223
f 2902 2693 3872
f 4365 833 1050
f 833 4314 1050
f 1425 1051 733
f 4232 3770 851
f 1052 2510 3554
f 4143 2515 4361
f 1048 2445 1053
f 2445 318 2718
f 3482 1968 1054
f 3889 3139 2130
f 4189 2861 339
f 377 3077 198
f 1056 381 4052
f 1052 4339 2515
f 2374 1057 2378
f 2378 1057 2449
f 2160 2080 633
f 1898 4252 2160
f 1059 1355 2456
f 2799 3486 2185
f 3560 3563 2835
f 1343 1822 881
f 247 473 3472
f 3478 4087 1554
f 2723 646 1176
f 2723 2227 646
f 2578 3839 3564
f 1789 421 1399
f 90 1806 1959
f 862 3755 3816
f 2608 3412 1065
f 1065 185 1997
f 3753 1066 1072
f 2095 1579 751
f 3939 3931 280
f 3978 3139 2701
f 2442 6 4305
f 743 1741 1201
f 578 2381 1069
f 2954 3049 3247
f 3328 1958 3365
f 1062 3773 4035
f 1071 1690 3310
f 1071 1761 3050
f 1066 2996 1072
f 2410 1072 2443
f 4155 471 3617
f 4364 2298 1913
f 1074 2005 379
f 3127 4201 4317
f 1075 2249 275
f 1643 3933 2399
f 4059 1076 981
f 638 84 2952
f 2084 4203 2387
f 702 3465 1961
f 4031 3283 1078
f 466 3744 178
f 4304 4296 1079
f 3690 2365 2679
f 2599 267 3204
f 783 2599 3204
f 1081 659 2204
f 170 1081 294
f 1082 4304 1079
f 1565 4304 3693
f 3460 378 1083
f 562 3460 2281
f 1084 3504 2674
f 3841 2409 1291
f 1085 2890 3253
f 3263 1087 2534
f 1086 2801 318
f 3050 1761 2801
f 3263 3253 1087
f 3428 2173 317
f 1088 545 2187
f 2340 1265 3992
f 352 1040 1089
f 2198 836 1829
f 1090 3122 2749
f 3122 1961 2387
f 959 4069 1091
f 1830 2126 2286
f 2246 435 361
f 4253 973 3734
f 340 304 1093
f 3481 1586 627
f 3427 2664 996
f 89 1915 4129
f 212 170 1095
f 2293 1203 2926
f 2700 2459 3210
f 4271 3200 1147
f 2073 353 1097
f 4342 940 3036
f 3376 1098 2939
f 29 863 2312
f 3134 3900 933
f 2757 82 1193
f 426 1100 3643
f 59 1100 1399
f 2933 34 1577
f 794 4134 3938
f 2284 2666 1102
f 3438 2707 4333
f 2634 2168 1103
f 188 1795 1297
f 1827 1104 2592
f 2840 737 3207
f 2438 624 319
f 1195 1945 3582
f 1106 108 613
f 2138 1027 1488
f 4075 2294 1107
f 2085 2765 1112
f 1325 2610 1108
f 2091 397 2695
f 2455 1582 1109
f 1618 40 2516
f 1000 1110 3545
f 2681 3511 3118
f 3156 4301 2308
f 2140 3043 2368
f 3590 2200 3206
f 1932 3590 3206
f 922 4178 1113
f 4174 1472 1389
f 2412 670 1986
f 4350 2553 2412
f 553 1115 1174
f 1872 2540 2217
f 1871 1116 3880
f 1116 490 3875
f 3251 1327 2652
f 1990 212 1095
f 2864 1118 320
f 1118 4363 320
f 551 1967 1119
f 4083 1789 3197
f 1866 1120 730
f 3612 3570 1835
f 1121 1791 235
f 1439 3430 2685
f 1122 560 2942
f 2256 4169 1122
f 60 4061 2452
f 2084 2387 1659
f 2194 4348 475
f 2194 3604 1067
f 3964 564 3404
f 3783 1130 560
f 2363 1126 24
f 3838 4014 1133
f 1127 78 904
f 3085 1127 904
f 2182 2791 150
f 2363 1571 4182
f 3177 424 2063
f 1596 424 3177
f 3404 564 1130
f 564 48 2389
f 1131 763 2552
f 4371 1914 763
f 3232 3980 1132
f 983 994 3338
f 1133 309 1919
f 2751 2175 2289
f 4325 1946 1134
f 1125 3716 716
f 3455 908 4246
f 393 1129 1409
f 3429 382 2174
f 3429 1906 3790
f 683 3237 1137
f 3237 3976 3669
f 165 488 1138
f 165 1138 1816
f 1923 1139 1921
f 1923 1383 2131
f 3315 901 3052
f 2630 3356 3315
f 1141 527 1123
f 2954 527 1141
f 1142 1089 1477
f 3368 395 4295
f 1096 1143 3530
f 3200 4271 1096
f 1144 22 3054
f 22 3847 2061
f 1649 2662 1145
f 121 3679 1543
f 371 1146 2285
f 3553 3811 2252
f 1147 719 1732
f 4271 1147 425
f 3057 1148 1468
f 2165 1908 414
f 3320 4159 1149
f 1093 304 1586
f 1437 2327 44
f 2148 2671 1648
f 338 3290 1524
f 3669 1546 2739
f 3414 1336 1152
f 3133 275 1152
f 1153 307 2936
f 2285 1146 2252
f 1688 989 3140
f 2296 3909 250
f 1155 578 768
f 2749 1077 578
f 1156 340 4318
f 3313 1862 340
f 1909 2832 3825
f 236 4067 3825
f 1158 2659 1075
f 1643 3133 1152
f 1159 4367 1337
f 4318 3468 11
f 3936 1160 34
f 2256 1111 3973
f 1161 414 1671
f 395 3336 4295
f 3482 4047 1968
f 1147 1706 719
f 1163 3246 3167
f 1662 1889 3250
f 1164 1153 2936
f 4134 2933 3938
f 103 2345 1165
f 768 3130 3287
f 2499 516 2842
f 2842 2903 350
f 953 1167 826
f 2479 3998 2475
f 1367 1168 529
f 2648 1872 2217
f 1169 2286 3521
f 1169 2465 284
f 2171 2771 911
f 1560 195 2841
f 2361 1171 4280
f 1197 1352 3425
f 1172 4341 209
f 3439 1172 4058
f 142 3944 1454
f 2997 2937 2776
f 553 1174 3275
f 1174 3262 288
f 1175 4209 2937
f 218 3000 2934
f 2638 3773 4293
f 3521 2465 1169
f 2277 2500 2614
f 2036 3381 128
f 318 3261 1178
f 2847 2339 2283
f 1179 594 3112
f 3822 594 1179
f 1180 1038 2839
f 3261 2847 2283
f 190 2483 1181
f 2143 1875 1394
f 4157 3688 37
f 4176 2624 4215
f 286 3499 1637
f 1890 1478 1392
f 1184 2576 1461
f 2580 249 2576
f 3884 3452 2449
f 1735 3107 3110
f 2414 1186 2372
f 1205 3166 3035
f 1187 510 2376
f 1354 1904 2025
f 2995 1188 2132
f 717 1869 1215
f 591 4283 1798
f 4283 2898 4358
f 1190 4149 1246
f 2829 1583 2582
f 1270 231 4294
f 799 1486 3372
f 868 4211 4032
f 2360 2357 1633
f 82 3134 1193
f 2692 2021 1099
f 1194 152 926
f 3155 3062 2428
f 154 1195 1105
f 2946 1195 154
f 111 2571 2581
f 3874 3649 3654
f 351 1197 1558
f 358 1585 3322
f 2518 2512 352
f 2435 585 4079
f 1199 1785 2013
f 3268 1198 4354
f 1200 2531 595
f 323 753 2525
f 2831 4259 2259
f 1741 2973 2831
f 1202 238 3507
f 2350 2344 2319
f 1095 170 3650
f 170 294 3650
f 325 1204 264
f 264 2411 3318
f 807 3369 2848
f 426 3297 3572
f 1206 935 4191
f 3548 2070 4191
f 3240 4143 4343
f 1841 4303 1091
f 91 2338 1208
f 2377 2555 3930
f 2892 3527 1209
f 682 145 1602
f 3260 1210 1422
f 3621 2867 1397
f 381 1211 4052
f 1211 3713 463
f 3720 502 3189
f 3720 1047 502
f 37 1213 3894
f 1182 2938 37
f 3078 345 1998
f 2861 3788 339
f 1215 2264 717
f 3878 1490 1735
f 485 1640 1216
f 1522 4210 2302
f 3164 448 1390
f 2076 2123 3081
f 738 2748 4340
f 1469 3327 2754
f 2229 1219 1698
f 1445 3075 528
f 1220 2267 2275
f 4198 2357 1192
f 1116 1221 490
f 3616 1523 2905
f 2822 972 3424
f 3424 972 1951
f 2522 1223 16
f 2527 2971 4101
f 3898 3028 56
f 3028 635 1642
f 1225 3941 1173
f 1225 3944 142
f 1226 3218 41
f 1682 3906 2975
f 1227 166 1294
f 1005 166 2755
f 678 2396 4322
f 3370 3904 220
f 2430 1229 1224
f 2727 659 1832
f 1795 3741 328
f 2151 1893 2715
f 69 3352 898
f 3349 3883 69
f 1232 3539 2014
f 1449 2018 602
f 2545 2420 1233
f 12 2597 1964
f 3996 1234 752
f 3018 2303 3010
f 1235 583 353
f 1240 1243 1235
f 3044 1236 995
f 1406 2729 179
f 3580 2780 870
f 383 3580 615
f 2139 1238 325
f 2736 4179 1058
f 2124 1485 3567
f 740 175 1244
f 353 1240 1235
f 4012 1240 353
f 3485 2789 1241
f 306 3485 4282
f 477 1242 3538
f 1242 3143 2808
f 1240 1092 1243
f 2246 4253 2158
f 175 2335 3943
f 930 3943 1239
f 1245 2544 3191
f 1705 2046 3186
f 3309 1246 860
f 1190 1246 3309
f 1247 533 1188
f 2915 2135 533
f 2927 1254 443
f 4140 443 1292
f 1796 1249 106
f 2323 106 4312
f 2741 677 312
f 3546 2741 1831
f 54 1251 2680
f 372 3605 2103
f 1252 832 2232
f 2301 3928 2265
f 3776 3923 1665
f 3983 162 3955
f 2927 3794 1254
f 1759 3325 2986
f 2769 1255 144
f 144 1255 2880
f 3061 102 1256
f 295 2433 764
f 1257 3347 133
f 2101 1257 1758
f 1258 1897 272
f 3158 2275 3008
f 1539 1259 4349
f 1259 3241 1608
f 849 176 3113
f 176 1377 3113
f 2111 3969 1217
f 1836 1572 118
f 1881 1438 2468
f 211 3279 3707
f 189 1263 3034
f 1654 1263 4258
f 2040 1264 691
f 691 1709 4208
f 3787 1265 923
f 563 1139 2966
f 917 418 3863
f 3154 3989 3829
f 1267 4330 3337
f 2229 3075 1219
f 1627 3842 1268
f 696 1268 2787
f 1269 402 1347
f 2710 1269 1992
f 4294 942 1270
f 1997 2292 942
f 3037 1271 1725
f 3350 2781 1752
f 1427 1272 3761
f 3958 2851 3761
f 3027 1937 1273
f 1402 1622 66
f 1274 4170 4131
f 1274 496 2547
f 3932 639 3493
f 2288 2432 3542
f 597 461 3719
f 3830 597 2961
f 41 3228 3064
f 550 4247 1894
f 4262 2750 2098
f 643 2750 4262
f 3396 3792 234
f 1760 3640 1859
f 457 3750 1280
f 3750 2565 1280
f 609 1281 197
f 2678 3230 1390
f 1282 3415 1348
f 3722 2326 3415
f 404 1283 3361
f 1241 2789 404
f 3175 1284 2604
f 2337 4019 419
f 2596 3879 2502
f 969 4177 3879
f 827 2587 4156
f 257 2811 1306
f 3070 684 551
f 3492 1693 3489
f 1285 4125 4091
f 244 3303 3314
f 1289 1508 758
f 549 3520 2047
f 1290 3535 515
f 1658 3435 1514
f 1084 2463 3504
f 189 3034 1084
f 1292 443 2189
f 1792 313 1283
f 1293 2882 3374
f 3577 2485 2882
f 2873 2196 3523
f 3142 339 360
f 1295 244 3881
f 1288 244 1295
f 841 4141 1296
f 2527 1740 2971
f 976 188 1297
f 3870 2133 1299
f 2125 1298 4073
f 4073 1298 1487
f 1299 345 3078
f 3538 1242 2808
f 308 3457 2362
f 1677 1799 2466
f 1278 391 1301
f 1683 3551 770
f 3692 2628 4103
f 3692 4103 2218
f 4219 640 3306
f 83 2894 2719
f 995 1236 1304
f 929 4334 2570
f 268 1305 3047
f 571 3053 3988
f 4156 257 4056
f 4056 1650 1286
f 601 919 1307
f 1506 1119 1967
f 1916 4353 3557
f 4053 3442 2395
f 1309 3574 4098
f 3673 298 3902
f 3852 1011 2306
f 1544 4122 3856
f 3348 315 3565
f 1744 3276 1240
f 4029 4121 1312
f 2043 4029 1312
f 36 1313 2895
f 2606 1313 1926
f 511 1314 5
f 3683 2845 1308
f 195 3785 1315
f 2321 2503 903
f 2695 397 4222
f 2691 4241 2053
f 3459 1535 1317
f 935 3401 1911
f 1438 1318 95
f 3815 970 95
f 1977 1319 210
f 181 846 4063
f 825 4124 3094
f 613 108 1576
f 673 3358 1321
f 1321 98 666
f 1262 1333 1322
f 211 2667 3279
f 1323 3835 2226
f 4034 23 938
f 4206 2529 1324
f 672 2446 1331
f 3393 1325 910
f 263 1325 3393
f 1326 2712 3387
f 3894 1213 885
f 3405 1327 3251
f 3401 2985 3405
f 3430 1121 2685
f 517 1916 3430
f 1080 625 1329
f 1912 625 193
f 366 2058 1330
f 2416 3707 3205
f 4102 455 1331
f 905 746 1803
f 121 4217 444
f 2624 4157 4215
f 3088 1448 1333
f 584 3412 2608
f 678 4322 4151
f 2193 2400 3983
f 1320 1335 110
f 110 2458 4212
f 3414 33 1336
f 33 3084 1336
f 11 3468 1337
f 3067 11 2487
f 18 1338 592
f 3599 530 1911
f 727 1339 2538
f 727 2725 3748
f 2650 3865 1340
f 3159 385 1340
f 1341 791 1167
f 887 791 1341
f 1988 1342 3345
f 4346 654 3257
f 2646 3966 881
f 1363 1494 399
f 2846 2856 1344
f 2962 4163 2688
f 7 1345 364
f 4329 4346 3257
f 2901 54 3055
f 2591 4278 2002
f 2706 1347 4065
f 1293 3374 2480
f 1202 1282 1348
f 238 1202 3972
f 2001 161 4061
f 2379 4061 4193
f 3017 1350 1072
f 1357 1934 523
f 1855 561 715
f 969 1845 715
f 1352 2187 545
f 2773 4190 301
f 1353 1021 3123
f 2039 1353 3123
f 734 1542 1354
f 2669 734 2029
f 2456 1355 4074
f 3447 2857 4074
f 1356 3691 3188
f 802 348 3593
f 593 2872 3195
f 388 1364 3002
f 1238 2139 1358
f 1544 2164 446
f 1197 1359 1352
f 1359 3899 1352
f 2219 3281 1116
f 191 2219 906
f 1361 1876 707
f 3024 1476 436
f 1365 1443 1362
f 511 1362 658
f 3242 1363 3698
f 390 888 2735
f 1364 2872 3002
f 3579 1934 1357
f 511 1365 1362
f 2348 1365 511
f 1363 3099 1366
f 3245 385 3159
f 1031 1367 529
f 3699 1367 1031
f 973 369 3670
f 2250 3001 3030
f 1369 3979 2064
f 4167 1369 855
f 1370 1078 466
f 450 1370 3458
f 1371 2876 405
f 2682 405 3304
f 3682 1372 2181
f 1520 772 260
f 19 1373 2752
f 2176 2521 4185
f 4027 1374 4031
f 3439 1551 292
f 1375 1977 210
f 908 3173 3828
f 1376 2121 745
f 3343 745 1738
f 1377 555 3113
f 3858 566 2913
f 1821 1378 89
f 1915 89 2664
f 1038 1379 576
f 674 2149 1955
f 442 4050 1380
f 2879 158 3934
f 3296 1381 3730
f 893 2704 153
f 3726 17 3528
f 847 2523 1039
f 1383 1777 387
f 1599 4148 1383
f 1559 3905 1384
f 3905 3162 1444
f 4 2949 1385
f 1379 3019 1947
f 2141 612 1386
f 2612 612 390
f 349 480 1387
f 480 2832 1909
f 1388 337 3571
f 2658 1388 3450
f 3881 4174 1389
f 2483 2647 4126
f 1390 2766 197
f 1390 197 1281
f 1391 3583 2426
f 1922 1391 1879
f 1890 1392 1183
f 2836 3209 3494
f 1393 1305 268
f 3483 3623 2393
f 980 2143 1394
f 3997 3020 4008
f 2840 1395 737
f 737 2101 1758
f 1305 1393 1396
f 1396 240 1305
f 1397 3769 4244
f 2867 3769 1397
f 160 3359 983
f 4004 4007 3023
f 426 1287 1399
f 1100 426 1399
f 1400 104 643
f 1254 3704 3292
f 759 1401 3759
f 272 1897 2088
f 3027 4187 1402
f 2794 4187 4043
f 2479 1403 3998
f 1403 1060 246
f 1918 1404 4038
f 3089 486 484
f 1405 4350 1114
f 3335 4281 4268
f 839 341 2738
f 2738 3637 2729
f 1407 3306 1776
f 492 2152 4326
f 1841 4343 1408
f 4311 297 1505
f 2813 1409 1135
f 1409 1978 1135
f 1714 1410 2796
f 3601 102 2951
f 1411 706 698
f 2959 2404 3198
f 1412 1177 2866
f 3376 88 1098
f 867 1413 2870
f 3129 2429 2806
f 1414 83 2719
f 1300 2087 1414
f 3810 3395 1415
f 2989 76 3104
f 1416 2724 730
f 1436 708 3059
f 915 1417 3101
f 2434 2104 915
f 3686 1418 1757
f 129 804 1418
f 1419 451 937
f 93 2069 1419
f 2766 1420 1852
f 2556 2481 607
f 2362 1414 4033
f 486 2392 2794
f 278 1422 1210
f 2770 1422 278
f 1423 4356 365
f 2579 365 1004
f 4099 1424 3524
f 87 2153 1424
f 1857 207 1425
f 1425 207 4232
f 4372 3658 1426
f 2113 3974 4372
f 644 1427 3761
f 2763 3537 1433
f 164 1428 4082
f 1421 1788 1622
f 3658 479 1429
f 2176 3136 2521
f 2767 278 1430
f 3080 2767 2314
f 2424 1431 184
f 184 1431 631
f 27 955 2991
f 2994 2145 2650
f 3102 3537 644
f 3102 644 4144
f 2819 1434 3353
f 2057 1255 2769
f 2615 386 1435
f 386 67 2689
f 1436 3059 1416
f 2253 1436 1416
f 1437 220 3377
f 98 2039 3377
f 4147 1318 1438
f 3398 668 1438
f 397 3610 1439
f 4222 397 2691
f 1440 1055 991
f 3077 377 2644
f 1441 3801 2871
f 1441 2389 3801
f 45 3495 1711
f 2360 1633 3502
f 1076 4059 2952
f 2956 156 1076
f 1384 3905 4123
f 595 3421 1882
f 1445 3817 3075
f 2597 2522 1445
f 1446 3576 388
f 1259 2205 3354
f 223 1049 2968
f 1298 2093 3006
f 1448 4107 3334
f 1448 584 1333
f 606 724 1449
f 1449 2366 2907
f 1450 943 1196
f 2571 111 3654
f 311 1621 4370
f 3417 3991 2803
f 1667 1452 1516
f 3264 2980 221
f 1453 487 4116
f 2640 30 3447
f 1454 3944 1459
f 3366 1454 342
f 1455 3193 3255
f 3287 3130 58
f 912 256 1456
f 1473 912 2243
f 1457 1612 797
f 3644 3367 3195
f 1458 3533 499
f 2584 4273 1463
f 1454 1459 342
f 342 1459 2497
f 1460 32 1583
f 4125 1460 3303
f 1461 2576 2203
f 3858 1461 566
f 353 583 1462
f 2408 3721 2417
f 634 1463 4273
f 1463 1504 3217
f 1464 754 3176
f 754 2955 4315
f 4268 4281 968
f 4281 2000 968
f 773 1277 1466
f 1277 550 1894
f 2920 1467 1372
f 3928 832 2265
f 3152 406 1468
f 1468 2970 1529
f 3364 1469 2322
f 1469 2754 830
f 642 732 1470
f 3464 2062 3946
f 920 1670 1471
f 1471 2929 1847
f 1389 1472 2708
f 501 2349 3824
f 1473 2243 183
f 155 4096 3642
f 3824 2349 626
f 1605 626 4236
f 1517 1475 2617
f 2909 2026 258
f 436 1476 441
f 441 2270 1471
f 395 1477 1595
f 1477 395 3368
f 3380 1478 1890
f 3867 1482 4150
f 3503 3706 803
f 2777 3706 3503
f 787 3963 1480
f 1387 480 1909
f 3659 1481 3194
f 169 3668 3659
f 3380 3274 1478
f 3648 3274 1464
f 2138 1483 1006
f 1006 2367 1349
f 3553 1484 3811
f 2511 894 688
f 3280 453 2173
f 1607 1613 3284
f 1191 3372 1486
f 3205 4294 3949
f 3919 3607 834
f 1899 834 2530
f 1106 1488 108
f 1488 598 108
f 503 1489 2251
f 503 1284 3360
f 1215 1490 2264
f 689 2273 1215
f 1491 1774 152
f 1194 1491 152
f 202 2533 1492
f 2765 2200 3590
f 3396 1493 3792
f 2353 3343 610
f 3966 1494 3584
f 399 1494 3966
f 1495 2201 2238
f 3685 1495 79
f 2812 1496 4137
f 4137 1496 1518
f 3167 3246 4275
f 531 3128 4130
f 1498 4238 3171
f 3431 355 4238
f 1499 178 588
f 462 3518 1502
f 3135 3312 215
f 2194 1067 4309
f 2618 3541 1501
f 3048 310 1501
f 1502 3763 3243
f 3518 3763 1502
f 1503 882 2910
f 1722 239 18
f 1504 1463 634
f 2932 2947 1504
f 1505 3850 3846
f 4341 4162 209
f 1506 3032 3555
f 2068 3555 963
f 3373 1507 3959
f 4245 1763 3602
f 1508 3096 758
f 1836 118 232
f 3104 76 3645
f 3735 2896 3739
f 1510 1878 857
f 1510 3074 1956
f 539 1511 2042
f 2520 1511 539
f 1501 1512 3596
f 3248 3446 504
f 1513 1204 3632
f 2736 3632 4179
f 1514 1290 427
f 1290 1514 3435
f 1515 619 4243
f 1515 3872 619
f 1452 3382 3805
f 172 1502 2421
f 505 1609 1517
f 4340 505 3613
f 1518 2717 687
f 1513 2154 687
f 1878 1519 119
f 845 4087 2162
f 1467 1520 1372
f 1372 1520 260
f 1521 437 2698
f 2036 1929 2804
f 2116 1522 263
f 3804 1912 263
f 3498 269 4015
f 3813 3603 269
f 3290 4228 1524
f 636 4254 2627
f 2660 1616 1525
f 199 1525 3804
f 1526 809 2825
f 866 809 2823
f 1527 61 944
f 944 2382 1527
f 3813 269 3498
f 3813 1523 1727
f 1529 2970 699
f 3294 3422 3289
f 86 1527 1530
f 614 86 1534
f 3792 3386 1531
f 3394 420 3544
f 1532 1094 2397
f 2963 2397 2246
f 1533 2802 3364
f 3038 324 4249
f 86 1530 1534
f 1534 2573 2355
f 1535 3051 1317
f 4002 2783 77
f 3070 3492 3489
f 1287 426 3797
f 4225 1537 4116
f 4225 2879 3934
f 2020 1538 565
f 3145 2422 28
f 543 2074 1539
f 543 1539 957
f 1540 2041 1327
f 2985 1327 3405
f 848 1541 2230
f 2600 2042 544
f 1542 2593 2965
f 1542 330 1354
f 1039 3470 1543
f 1332 4287 174
f 1544 3856 1310
f 2164 1544 1310
f 2207 3672 201
f 2044 174 3475
f 1546 4306 3235
f 1546 2635 4306
f 2984 481 1547
f 2272 3547 3631
f 1548 201 3672
f 3065 201 1548
f 125 1549 3092
f 2202 341 839
f 757 138 1550
f 1550 1133 1919
f 1551 1374 4027
f 3768 4027 1958
f 1552 38 1046
f 38 1552 1060
f 2222 123 1553
f 287 3740 1786
f 3478 1554 3472
f 2941 1061 2035
f 939 3389 630
f 2439 1629 21
f 1556 2284 3031
f 4052 1211 4046
f 1553 1557 482
f 165 2833 2626
f 1171 351 1558
f 1171 1558 1025
f 849 3113 1559
f 3011 849 1559
f 4042 817 1560
f 2771 1560 2841
f 1561 547 3716
f 694 547 1814
f 1109 274 3586
f 3420 3424 1951
f 1563 3627 1567
f 305 4255 3299
f 692 51 1564
f 2295 1746 1041
f 14 4304 1565
f 3660 3030 1668
f 761 622 1566
f 2670 622 1346
f 1563 1567 305
f 1927 305 1567
f 1568 3712 358
f 327 2761 358
f 3857 1569 2611
f 1589 4030 3857
f 3400 1838 1570
f 2151 1565 478
f 150 1571 2676
f 2791 1571 150
f 1572 1261 2111
f 1569 1261 1572
f 450 3458 1573
f 3653 450 1736
f 3661 1574 1549
f 1578 3214 1826
f 67 3968 4207
f 4207 1614 1610
f 1320 1576 1335
f 4124 1576 3094
f 3938 2933 1577
f 68 3938 4049
f 1578 1574 3661
f 3331 1574 1578
f 1066 1579 2996
f 1579 2208 3329
f 3895 2690 534
f 2684 2072 534
f 1581 724 3187
f 1581 3183 2022
f 702 1582 3562
f 1582 2115 2477
f 1583 2820 3309
f 32 2820 1583
f 2887 2880 1584
f 1903 1088 2187
f 3322 1585 4095
f 3611 1359 1197
f 304 4039 1586
f 1149 4036 2009
f 2313 4244 1587
f 1587 3226 3077
f 4205 651 1585
f 4205 2295 651
f 3566 4030 1589
f 2274 265 1700
f 1590 379 1991
f 1697 1074 379
f 628 1591 1782
f 4194 4199 628
f 4246 908 1592
f 908 2988 1592
f 660 94 4092
f 1715 3696 2760
f 1594 805 858
f 4310 1533 3364
f 1595 2958 2165
f 1623 557 2964
f 859 1596 335
f 2282 2876 1371
f 645 3953 796
f 1011 1745 4347
f 3706 1598 803
f 4239 3266 1755
f 343 3100 1599
f 1388 2079 2278
f 1305 240 1600
f 2637 39 1784
f 1601 4063 846
f 1791 846 3578
f 145 1209 1602
f 1604 3526 2462
f 1780 105 1603
f 1334 2805 105
f 1604 2713 3526
f 1600 3531 3708
f 1474 626 1605
f 2472 1474 1605
f 1606 3676 2149
f 681 1921 1139
f 2124 1607 1485
f 1607 3284 3280
f 4349 1259 1608
f 1218 4349 1608
f 1608 3241 1609
f 726 392 2878
f 2689 67 1610
f 67 4207 1610
f 34 2256 1611
f 1577 34 1611
f 3367 3216 1612
f 3367 1612 1457
f 438 1613 1607
f 1615 217 2756
f 3671 1610 1614
f 512 725 4105
f 1615 1613 438
f 1615 438 2973
f 1616 783 1525
f 3687 2181 2574
f 1617 806 618
f 3259 618 2830
f 1618 3950 3954
f 2348 4022 3954
f 1619 2654 1205
f 3572 3297 3369
f 540 1620 2663
f 2828 540 1398
f 1621 3411 4370
f 2728 3411 1621
f 1622 164 66
f 1622 1428 164
f 1623 1626 557
f 100 554 1623
f 1624 473 247
f 1996 247 787
f 1625 499 1754
f 4273 1458 499
f 1623 554 1626
f 1626 554 820
f 3842 1627 93
f 3920 874 2177
f 3135 215 1628
f 3825 4072 2059
f 2439 939 1629
f 939 2987 1629
f 1630 1636 3137
f 4155 2821 2816
f 2027 2023 1631
f 1631 635 3233
f 2191 500 1632
f 1632 3054 3082
f 3502 1633 3495
f 1633 1939 1442
f 3614 3085 1634
f 894 2506 694
f 1635 1155 768
f 2345 768 3287
f 1102 3438 1636
f 1630 1102 1636
f 3201 447 1637
f 447 2222 2147
f 1638 3509 1532
f 2764 785 1638
f 2431 1639 798
f 3573 68 4049
f 255 151 4048
f 3477 1924 3695
f 4071 2034 1641
f 902 1641 2940
f 56 3039 1369
f 3028 3039 56
f 3249 3133 1643
f 1930 3249 1643
f 1644 347 4153
f 2636 347 1644
f 2779 1750 1645
f 412 3695 4320
f 1646 3311 428
f 428 2583 2826
f 178 1647 588
f 3744 2665 178
f 1150 1648 2671
f 1150 978 1648
f 444 1649 121
f 1145 121 1649
f 4056 1933 1650
f 1650 3203 1654
f 2643 1651 4297
f 4300 3990 149
f 1652 957 2802
f 543 957 1652
f 1653 167 682
f 1653 954 2921
f 2299 1650 1654
f 1654 4258 1747
f 1872 1655 657
f 657 2550 1775
f 1656 990 2681
f 451 990 3877
f 1657 2914 4136
f 3006 2093 1447
f 3248 1658 10
f 3722 4316 1658
f 4260 2452 1659
f 1659 4127 3126
f 3154 1660 3989
f 3026 3996 1660
f 686 1671 1661
f 2578 714 3839
f 1662 3250 4254
f 636 1662 4254
f 1724 1663 4261
f 123 2621 1557
f 3456 718 1664
f 4158 3120 1230
f 3987 1665 3947
f 4300 3808 3940
f 728 2033 1666
f 2136 1809 4352
f 1667 966 221
f 1667 221 1452
f 3030 4274 1668
f 1668 4274 2151
f 586 877 1669
f 114 2759 3437
f 1670 2575 4152
f 1471 1670 2929
f 1661 1671 714
f 414 714 1671
f 1672 460 663
f 872 2437 1672
f 1673 1224 3898
f 2559 1673 808
f 800 2296 1674
f 2418 1674 1162
f 69 898 1675
f 3412 2978 3733
f 1676 3346 2908
f 1451 2746 336
f 1677 2466 2853
f 4106 1677 650
f 1735 1678 3107
f 3112 3918 1678
f 772 2744 1679
f 4292 205 1672
f 1753 1680 3163
f 1940 4334 929
f 3259 1617 618
f 4132 1617 3259
f 933 3900 1682
f 933 2864 320
f 1683 1301 3551
f 1283 1301 3361
f 817 1684 1560
f 4235 671 1979
f 1802 42 1685
f 1685 42 3286
f 1686 2368 1639
f 1686 1639 2431
f 1687 2538 3849
f 1644 4153 2460
f 3979 1688 2064
f 3979 1309 1688
f 408 1689 780
f 408 3190 2731
f 1690 961 2658
f 1877 2517 2705
f 4010 157 1691
f 1691 2603 1353
f 4001 1692 1294
f 225 991 1692
f 3483 8 3623
f 1536 8 3483
f 1694 1070 3620
f 3941 196 2528
f 476 1695 237
f 1695 915 3101
f 1696 1561 560
f 4169 560 1122
f 1697 379 1590
f 1050 4314 2863
f 1698 1691 2854
f 1321 3358 98
f 2800 4237 1699
f 225 1692 4001
f 203 2274 1700
f 203 1700 2123
f 3093 1564 1701
f 3826 3093 1701
f 1702 2795 3764
f 1702 1896 229
f 1703 3727 2099
f 3488 624 620
f 1704 2534 396
f 1704 396 3801
f 1705 3757 219
f 1982 1845 975
f 3239 1162 3482
f 2418 1162 1823
f 333 1707 705
f 333 1879 1707
f 1053 2768 1708
f 964 3267 2370
f 691 1264 1709
f 1264 2172 1709
f 1710 291 1751
f 4244 3226 1587
f 1047 1711 2524
f 3935 3774 1047
f 1712 591 107
f 1715 655 591
f 796 171 1713
f 2809 1713 177
f 2152 1714 3641
f 696 1714 590
f 1715 591 1712
f 642 2224 1712
f 1716 3885 380
f 2190 2077 742
f 713 1717 3378
f 713 1728 1717
f 1718 703 198
f 1710 3083 198
f 1265 1719 3992
f 2966 1265 3787
f 909 1720 3209
f 909 1839 3220
f 1721 4266 431
f 2150 431 3562
f 2411 1503 3501
f 2910 3501 1503
f 756 1723 761
f 761 3419 622
f 1724 895 1663
f 1720 895 1724
f 1725 262 3295
f 1271 262 1725
f 2494 222 1726
f 1713 573 1731
f 2905 1221 3616
f 3065 3056 201
f 434 1728 713
f 2372 2557 1728
f 3016 1729 4251
f 1978 536 1135
f 1730 572 4077
f 3091 3762 572
f 573 1726 4045
f 4045 3244 3252
f 1732 425 1147
f 2233 3729 425
f 1733 3703 3266
f 3008 2275 272
f 1734 799 2797
f 1486 799 2918
f 1185 1735 3110
f 3878 1735 1185
f 450 1573 1736
f 1736 1573 3982
f 706 1737 698
f 2607 706 833
f 1738 72 420
f 3386 420 3394
f 699 1739 3594
f 1739 960 3594
f 1740 841 2971
f 1740 3102 4144
f 4305 1741 743
f 1068 1615 1741
f 3195 1742 4257
f 2878 392 2263
f 1743 1400 643
f 2189 3292 2037
f 1311 1744 4016
f 3565 3276 1744
f 1745 281 1597
f 4347 1745 1597
f 51 2639 1564
f 51 3295 2639
f 1747 2299 1654
f 1666 493 1747
f 879 216 1748
f 2595 2419 2911
f 1605 4236 2881
f 253 3178 2010
f 208 2677 1750
f 3305 208 2352
f 3769 368 1751
f 4342 3036 3911
f 1746 1752 1041
f 2790 3451 3256
f 3073 1680 1753
f 1666 3639 2486
f 3864 1754 2714
f 1625 1754 261
f 1755 829 442
f 1755 442 78
f 1756 2533 202
f 1314 658 4019
f 1757 1418 3981
f 3902 967 1538
f 1758 3183 4321
f 1758 1257 133
f 1759 2891 3325
f 94 914 3480
f 2 52 1760
f 1116 3875 3880
f 1761 641 1033
f 3310 1690 2658
f 1318 3815 95
f 3820 1318 3500
f 3959 3602 1763
f 212 13 1763
f 4042 1764 4080
f 2199 259 4076
f 288 2317 1765
f 1174 288 3275
f 1766 461 597
f 3330 986 461
f 1767 2560 4193
f 524 2560 2784
f 355 1768 2307
f 3431 3168 355
f 1360 483 1769
f 2240 483 3388
f 1770 1764 1182
f 4076 4080 1764
f 1771 338 801
f 3235 3290 338
f 1507 3446 1772
f 1507 3602 3959
f 4021 3736 4026
f 4026 822 3559
f 2117 1774 306
f 3071 3622 306
f 1775 65 2380
f 2371 4040 4044
f 870 2780 1776
f 870 1776 640
f 4148 1563 1777
f 1383 4148 1777
f 413 1778 3090
f 219 1778 1705
f 639 1779 184
f 775 3151 3144
f 970 1762 1780
f 812 970 1780
f 515 1781 1290
f 2447 1781 2167
f 1782 2213 387
f 2745 387 1777
f 934 3210 1783
f 3915 204 934
f 1600 1784 3531
f 240 1784 1600
f 2013 1785 3762
f 116 3500 1318
f 686 47 1786
f 686 1804 1671
f 884 1787 3157
f 200 1787 4285
f 1788 1428 1622
f 1788 492 4326
f 1063 1789 4083
f 3564 421 1789
f 363 2508 1790
f 2186 371 2285
f 432 1601 1791
f 846 1791 1601
f 1292 2189 1792
f 550 1292 4247
f 1793 1076 156
f 3581 1562 2405
f 1794 1241 586
f 1241 4282 3485
f 1103 1795 188
f 1103 3741 1795
f 1249 1796 711
f 1793 3109 2548
f 2850 1797 477
f 1667 1942 4161
f 4358 4200 1189
f 1226 2753 3218
f 1799 1300 2466
f 3717 3277 1300
f 1800 859 335
f 859 1815 1817
f 3587 1801 2112
f 605 2830 618
f 3300 1802 893
f 893 1802 3181
f 4109 4102 1331
f 3588 4109 1331
f 1786 3740 1804
f 1786 1804 686
f 1805 2486 3301
f 1805 3301 3202
f 1064 2309 4220
f 1401 1064 3759
f 1807 562 2281
f 567 2489 3262
f 1808 2351 3105
f 868 1808 4211
f 1666 2486 1809
f 1809 728 1666
f 3172 590 1810
f 590 1714 3069
f 1405 4268 4350
f 3426 2075 115
f 1812 3657 3
f 3924 3373 3959
f 3608 1813 2974
f 519 2885 1813
f 1814 547 1561
f 1814 1561 1696
f 1815 859 1800
f 1181 4126 4248
f 1816 1138 1142
f 1142 1477 3368
f 1817 3819 859
f 501 3819 1817
f 3926 4279 1818
f 4279 1903 1818
f 1819 3642 2919
f 2716 2924 1813
f 1820 1381 136
f 778 1820 2467
f 1821 1251 1378
f 2680 1251 3605
f 1060 1822 38
f 3563 1822 2835
f 1823 3239 2457
f 1823 1162 3239
f 1824 1266 1827
f 3603 3592 269
f 3962 544 1825
f 3925 3730 1820
f 2693 155 619
f 155 1962 4096
f 1824 1827 3592
f 3592 1827 2592
f 1044 2210 1828
f 227 3766 3756
f 2518 352 1829
f 1829 352 1089
f 1017 959 1830
f 959 2126 1830
f 510 1831 3371
f 1831 2741 312
f 1081 1832 659
f 4245 3602 1832
f 649 1833 988
f 988 1833 2980
f 1834 3862 604
f 4150 3375 604
f 3570 1120 1835
f 3379 3067 2487
f 1508 1836 3096
f 3508 1836 4070
f 1657 4136 1837
f 4136 3680 1837
f 3400 1411 1838
f 2959 1411 698
f 2032 1136 1839
f 1839 909 722
f 587 1485 1840
f 1847 2929 587
f 1841 3240 4343
f 1844 1207 3844
f 2090 3529 1842
f 3525 346 2764
f 280 2324 1843
f 3855 2473 669
f 513 1207 1844
f 2657 2169 513
f 715 1845 4214
f 1982 4214 1845
f 592 1990 1846
f 3501 3399 3318
f 1847 587 1840
f 3428 2276 1847
f 1848 637 130
f 2785 2554 347
f 1849 3635 532
f 2710 1849 2943
f 963 736 1850
f 736 1844 1850
f 4113 1851 3765
f 3775 2478 3765
f 248 1852 1972
f 248 197 1852
f 3304 850 1853
f 3175 521 1853
f 1656 2681 1854
f 2659 126 2916
f 1351 242 1855
f 715 4214 1855
f 1856 52 2
f 2717 2 3324
f 2586 3873 1857
f 3473 2242 3626
f 1858 689 1215
f 3436 2897 3340
f 234 2653 1859
f 3640 234 1859
f 701 1860 4289
f 2506 3351 1863
f 1861 3023 4007
f 2120 1861 2686
f 756 761 1862
f 2724 3208 1866
f 1134 1863 4325
f 1863 1860 4325
f 738 1864 896
f 1864 71 3919
f 1865 322 956
f 316 3068 956
f 1866 1862 3313
f 1866 3208 1862
f 4172 90 690
f 3845 2628 186
f 2534 1868 464
f 474 3965 1868
f 2132 1188 1869
f 1188 1858 1869
f 400 1870 1232
f 2661 748 2656
f 1871 3892 3951
f 1496 440 4168
f 1872 2648 1168
f 1655 1872 1168
f 271 1873 1975
f 3466 2264 1873
f 1865 321 1874
f 3910 1880 321
f 190 1181 3169
f 3316 1181 4248
f 3024 436 1876
f 1085 1876 2890
f 1071 1877 1690
f 1877 2705 1690
f 1510 4319 1878
f 467 1828 1878
f 369 1922 1879
f 369 3665 3670
f 1880 2228 1874
f 321 1880 1874
f 3449 1881 4041
f 1881 2667 211
f 4123 1594 1882
f 3421 4123 1882
f 1883 522 1166
f 889 3710 2290
f 1884 3568 1025
f 1025 1558 2814
f 1885 468 818
f 373 3271 4024
f 1132 3980 1886
f 2635 103 1165
f 1887 485 1216
f 3608 2974 3469
f 3844 1888 97
f 842 97 4069
f 2369 795 1889
f 1889 795 1993
f 2696 1890 286
f 1890 3499 286
f 1891 3236 981
f 1891 981 2548
f 1892 2589 290
f 2997 4276 660
f 3741 3752 328
f 3752 1838 2161
f 1277 1894 1466
f 1466 1894 781
f 1024 10 1895
f 10 1658 4316
f 1702 3764 1896
f 793 2206 3165
f 1897 1401 759
f 1401 2609 1808
f 194 1898 2728
f 1898 2160 633
f 1899 2530 1435
f 1435 386 2689
f 300 1900 1131
f 1900 763 1131
f 1901 1253 666
f 3987 3947 3955
f 725 738 1902
f 4105 725 1902
f 4279 1584 1903
f 1584 1088 1903
f 1904 1831 510
f 2025 1904 510
f 1905 3967 3098
f 3547 1938 3631
f 897 1906 2032
f 3685 897 1495
f 1907 164 1
f 1907 2215 2532
f 1908 59 3332
f 1908 1148 3057
f 1480 1909 2747
f 1480 1387 1909
f 1910 865 331
f 2423 3852 865
f 1911 647 3751
f 3599 1911 3751
f 3804 1329 1912
f 1329 625 1912
f 4142 1913 2298
f 608 1913 4142
f 309 3556 1914
f 1914 721 4060
f 1915 2664 3427
f 3509 1915 1094
f 3430 1916 1121
f 1916 3557 1121
f 598 1917 1479
f 1488 3158 598
f 2603 1918 1021
f 1021 2315 3540
f 757 1919 4371
f 1550 1919 757
f 517 3385 3777
f 517 3777 1916
f 296 1921 1606
f 1921 3676 1606
f 1922 3583 1391
f 70 1922 435
f 337 2278 1923
f 1921 337 1923
f 151 2734 1924
f 4048 151 1924
f 1016 1925 416
f 3540 159 1925
f 1926 1313 36
f 2811 36 1306
f 4094 370 1927
f 1927 3568 1884
f 1226 3724 2753
f 2834 1226 2590
f 1013 4363 1929
f 3155 3903 4363
f 704 1930 1643
f 2231 704 1925
f 4066 695 1931
f 2385 286 2632
f 1932 3206 261
f 261 1754 3864
f 1933 3203 1650
f 3273 1252 410
f 3017 1934 1350
f 4362 2220 2875
f 1935 2071 873
f 2593 873 2965
f 2637 579 1936
f 3035 3166 2414
f 1937 74 2231
f 1937 3027 3033
f 1938 3967 3631
f 1938 685 384
f 1442 1939 1767
f 2560 1767 1939
f 3476 1940 929
f 189 1940 3476
f 1115 553 1941
f 4094 553 370
f 1797 1942 477
f 477 1942 1242
f 2655 1943 600
f 1973 597 600
f 1944 3710 889
f 813 3888 889
f 2438 1945 624
f 1945 2260 624
f 1134 1946 716
f 716 3786 1059
f 1385 1245 1947
f 3019 1385 1947
f 2413 890 1948
f 890 2220 3823
f 3625 2999 1949
f 1025 4186 662
f 1950 863 29
f 3383 1950 29
f 1562 1951 2405
f 3420 1951 3586
f 1952 2015 3560
f 4060 769 4359
f 1953 140 3040
f 3646 3737 2461
f 88 1954 581
f 3376 2866 88
f 1955 1379 1038
f 3013 1038 1180
f 2510 3407 1956
f 180 3229 1996
f 1957 1825 544
f 2782 1957 544
f 1958 450 3653
f 3365 1958 1030
f 946 1959 2606
f 2309 3192 20
f 1960 567 3262
f 2380 65 567
f 3122 1090 1961
f 1961 1090 99
f 1962 155 2693
f 1826 3214 1962
f 1340 3865 1963
f 1989 57 2006
f 1964 1445 452
f 667 1964 1970
f 182 1965 876
f 3793 3612 132
f 755 1966 491
f 2174 1687 1966
f 1967 3032 1506
f 3569 852 601
f 1674 417 1968
f 3889 3418 1500
f 1972 749 1969
f 445 4064 481
f 2849 3153 1970
f 1964 452 1970
f 1375 1971 741
f 741 1971 595
f 3329 1972 1969
f 1972 3329 2208
f 1943 3448 600
f 3096 3448 1943
f 2988 1974 1592
f 837 2251 168
f 1975 1873 2374
f 1975 1043 823
f 1976 569 2078
f 1976 1450 3649
f 181 4063 1977
f 741 181 1977
f 844 1729 1978
f 1978 1729 3016
f 1979 226 1684
f 4235 1979 1684
f 4164 1980 1078
f 1078 3744 466
f 997 1981 3982
f 1833 3800 997
f 1705 3186 1982
f 975 1705 1982
f 1375 1983 1971
f 3828 1983 1375
f 4311 1505 1984
f 1984 1505 3846
f 1985 2134 169
f 3651 169 3659
f 670 1045 1986
f 1992 1045 2710
f 4010 4330 1987
f 650 1677 2853
f 4329 3257 1988
f 1988 2404 364
f 1963 57 1989
f 1989 295 1963
f 3251 212 1990
f 592 1117 1990
f 1991 2398 802
f 2786 802 3593
f 1986 1045 1992
f 3533 1992 499
f 1993 1790 356
f 4254 3250 3246
f 1994 2250 73
f 1994 3660 718
f 2 1995 3324
f 1995 882 1042
f 3229 1624 1996
f 1996 1624 247
f 2237 373 1997
f 1997 373 3663
f 3788 1998 339
f 339 1998 360
f 1999 667 1970
f 2311 3416 1999
f 2000 2536 3433
f 968 2000 2135
f 4018 2001 60
f 1711 2004 423
f 2002 3055 2591
f 1346 4159 3320
f 2849 2003 3776
f 673 3779 3358
f 4018 2004 2001
f 161 2001 2004
f 2365 2253 2005
f 2398 182 876
f 3907 2006 3758
f 871 3917 4227
f 2007 661 2894
f 2244 2851 1950
f 2008 3840 2995
f 2178 3597 1877
f 1586 2009 627
f 4039 2009 1586
f 253 2010 1377
f 1377 2010 4025
f 2011 15 3443
f 1427 644 3537
f 2012 685 1938
f 3037 1725 685
f 1199 2013 3268
f 570 2013 3091
f 2862 602 2014
f 1232 2014 602
f 769 4086 2015
f 4359 769 2015
f 731 1035 2016
f 2016 1035 2423
f 2017 3045 1138
f 488 2017 1138
f 1232 602 2018
f 400 1232 3674
f 2019 559 2584
f 2401 913 3463
f 28 1538 2020
f 4327 4348 1124
f 2021 1193 3134
f 754 4315 4093
f 1581 2022 724
f 2022 3674 724
f 635 2023 1642
f 635 1631 2023
f 1663 2024 907
f 2024 1498 3171
f 3041 2025 4146
f 2025 510 1187
f 2026 2902 1049
f 2214 514 2893
f 2027 3507 238
f 1631 289 2027
f 1661 2028 3487
f 3847 22 1144
f 2029 1354 2025
f 734 1354 2029
f 2030 2993 2318
f 2054 1337 546
f 2031 1020 2775
f 3810 1415 1020
f 2032 2960 2692
f 2960 2032 1839
f 3896 493 2033
f 4103 827 2218
f 2805 1228 2034
f 3904 1228 2396
f 1554 2035 3472
f 2035 1554 3014
f 2036 1521 3381
f 2036 2804 1521
f 643 1278 2037
f 2037 1743 643
f 3799 2038 875
f 4037 3747 2892
f 3377 2039 1437
f 1437 2039 535
f 2040 1143 233
f 2469 3014 2040
f 1812 3 2041
f 1540 1812 2041
f 539 2042 848
f 848 2042 1541
f 470 2043 1954
f 437 2425 470
f 1548 3672 2044
f 2624 4176 1545
f 632 1649 2045
f 2645 1326 2373
f 1245 3191 2046
f 1947 1245 2046
f 2047 758 2655
f 1289 758 2047
f 3098 3967 2048
f 3098 2048 51
f 1366 2049 75
f 3587 2049 2297
f 96 160 2050
f 3831 2690 4202
f 214 2051 2104
f 2544 2953 3638
f 2052 987 2056
f 561 3234 2052
f 1316 2053 67
f 4222 2691 2053
f 2030 2054 2993
f 3212 3942 2030
f 38 2055 1046
f 3124 2699 2122
f 2056 987 3600
f 265 2274 4149
f 3353 1434 2057
f 1434 237 2057
f 2058 1065 1997
f 4234 3279 1065
f 2059 3939 2065
f 1628 215 2059
f 3892 1871 3887
f 1871 3880 4240
f 2061 1063 4083
f 1119 1506 2061
f 732 2757 2062
f 3464 732 2062
f 2063 537 844
f 1129 2063 3821
f 1369 2064 855
f 2064 3140 3715
f 3855 669 2065
f 3506 669 1005
f 2066 916 1206
f 2070 1206 4191
f 855 2067 2672
f 855 2064 3715
f 1506 3555 2068
f 2061 1506 2068
f 2069 1953 451
f 1419 2069 451
f 72 3199 2070
f 2066 1206 2070
f 1935 1105 2071
f 2071 2438 319
f 2072 3895 534
f 2822 2072 972
f 940 2073 3036
f 3743 4016 940
f 230 2074 543
f 2496 880 2211
f 2075 819 2444
f 3994 3848 2008
f 3969 2076 1217
f 3886 448 3164
f 1716 380 2077
f 380 3517 2077
f 3165 2206 2078
f 575 3775 2078
f 2079 343 1599
f 1037 343 2079
f 85 2080 731
f 2080 4181 4175
f 2081 3812 3071
f 1682 3795 2858
f 2082 2523 847
f 2188 3726 847
f 134 1956 3407
f 2436 134 2169
f 1123 527 2084
f 1659 2452 2084
f 2604 2085 521
f 2089 1646 521
f 4062 2086 1448
f 4104 2529 2869
f 2087 83 1414
f 141 83 3277
f 2088 759 2501
f 1897 759 2088
f 2085 2089 521
f 2085 2703 2089
f 2090 1842 3709
f 1007 3512 4197
f 2610 2091 2695
f 193 2886 4011
f 978 4118 2092
f 1648 978 2092
f 258 223 2093
f 2093 223 1447
f 2752 2094 114
f 2212 2316 2498
f 2756 217 2095
f 2443 1072 2996
f 2905 1523 2096
f 1523 3813 3498
f 2097 88 581
f 581 2498 2491
f 2750 3932 2098
f 1275 2432 2288
f 357 2099 2106
f 1781 2099 357
f 2100 3111 1945
f 2105 376 2100
f 737 1395 2101
f 1395 752 3532
f 2102 1999 334
f 2128 334 2643
f 2103 2100 1195
f 2946 2103 1195
f 1417 2104 2051
f 915 2104 1417
f 376 2105 1821
f 1821 3605 1251
f 2106 998 2090
f 4166 2106 2099
f 1717 2107 3378
f 1191 1486 3949
f 3744 2262 2108
f 282 4081 3677
f 2333 816 2109
f 3901 3575 1880
f 645 796 2110
f 796 1713 2809
f 1572 2111 118
f 118 2111 3330
f 3854 2830 605
f 1822 3854 605
f 821 2113 1426
f 2113 4372 1426
f 516 2110 2114
f 516 2903 2842
f 702 2115 1582
f 702 1961 2115
f 519 2116 401
f 519 1813 3608
f 2117 4282 458
f 1312 4121 4090
f 127 472 2118
f 2122 4298 886
f 3389 2119 630
f 630 2119 861
f 2120 4272 1861
f 2115 99 2477
f 729 4323 2121
f 49 729 2121
f 2122 127 2118
f 2122 2699 127
f 4290 4338 476
f 1700 974 4290
f 411 2124 175
f 175 2124 2335
f 2125 258 1298
f 2909 258 2617
f 2126 959 1091
f 1091 4303 2287
f 2127 3252 884
f 3897 884 2038
f 836 2102 2128
f 334 2128 2102
f 2129 512 2216
f 2129 4216 512
f 1968 2130 1054
f 1054 3978 236
f 2131 2966 1139
f 1139 1923 2131
f 2743 2132 717
f 2132 1869 717
f 1297 2133 3870
f 1297 1795 2850
f 3934 3005 2134
f 2134 266 4269
f 2135 113 533
f 2000 3433 2135
f 2136 728 1809
f 4269 266 728
f 129 2319 804
f 2319 2314 804
f 2138 1488 1106
f 1483 2138 1106
f 2139 446 1358
f 652 446 2139
f 3973 1111 2140
f 3837 3156 2308
f 778 2467 2141
f 4196 3288 2175
f 3652 1099 2142
f 2021 3134 1099
f 2976 2143 958
f 2143 190 3169
f 4173 2144 2092
f 905 1803 4288
f 2994 2991 2145
f 3758 1432 3907
f 2146 688 147
f 1484 688 3811
f 1637 447 2147
f 2632 1637 2630
f 4288 270 2148
f 2671 2148 2940
f 1379 2149 3019
f 1955 2149 1379
f 2150 1721 431
f 502 1721 2150
f 1570 2151 478
f 1893 2151 1570
f 2152 3306 1407
f 2152 1407 1714
f 2153 42 2957
f 1424 2153 589
f 245 1518 2154
f 2154 1518 687
f 267 2155 2886
f 2221 63 2155
f 571 3988 2156
f 2172 2156 1709
f 589 2157 809
f 2153 2957 589
f 1092 2158 1243
f 1243 3734 1994
f 2159 319 3488
f 319 3009 2071
f 2160 4181 2080
f 2160 2736 1058
f 2161 3807 328
f 3752 2161 328
f 2162 1519 459
f 4087 1519 2162
f 1664 2163 583
f 583 3721 1462
f 1358 446 2164
f 1035 3818 2164
f 2958 1148 2165
f 1908 2165 1148
f 354 2166 1797
f 328 3807 354
f 515 2167 1781
f 2167 515 3543
f 2163 1664 2168
f 1664 718 4158
f 2083 2169 134
f 2169 2083 513
f 1875 2170 428
f 1181 3316 3169
f 252 2771 2171
f 252 2171 3628
f 2156 2172 571
f 4160 2162 571
f 317 2173 1087
f 474 1087 4308
f 3434 2174 755
f 2174 1966 755
f 2175 778 2141
f 2175 2141 1386
f 2923 1429 2176
f 2176 1429 3136
f 93 2177 2069
f 1627 2177 93
f 3285 2008 2178
f 2008 2995 2178
f 2599 2179 507
f 2179 2310 507
f 2068 963 2180
f 2406 3082 3392
f 2181 260 2179
f 1372 260 2181
f 2182 150 1023
f 2002 4278 1023
f 218 3768 2183
f 218 3328 3000
f 2184 1048 2883
f 2075 2444 3272
f 1059 2799 2185
f 716 1059 3964
f 1790 371 2186
f 356 1790 2186
f 301 1903 2187
f 2773 301 3899
f 2390 9 2188
f 121 1145 3679
f 1792 2189 313
f 2189 2037 313
f 1716 2077 2190
f 818 1716 3397
f 508 2191 1632
f 4066 508 695
f 561 2052 2192
f 4177 561 2838
f 2193 1334 542
f 3983 4151 2193
f 1124 4348 2194
f 1124 2194 3418
f 1335 2195 616
f 2777 3503 616
f 360 374 2196
f 2873 360 2196
f 3915 2197 204
f 1209 3527 3302
f 2198 1829 1089
f 1142 3045 1089
f 4360 3409 2199
f 191 906 2207
f 1492 2200 202
f 2200 4075 1107
f 2201 933 320
f 2238 2201 320
f 1549 2202 3092
f 1549 1201 2202
f 1461 2203 566
f 2203 3508 2209
f 294 1081 2204
f 3650 294 3278
f 2205 1446 388
f 2211 1446 4221
f 2206 3440 575
f 2206 575 2078
f 4188 4360 2199
f 2199 1770 4188
f 1066 2208 1579
f 2810 2208 1066
f 566 2209 2827
f 566 2203 2209
f 2210 3053 459
f 1519 2210 459
f 2211 4221 2074
f 2496 2211 2074
f 2043 1312 2212
f 2212 1312 2316
f 2213 1782 1719
f 2966 1719 1265
f 2448 797 2214
f 2214 3331 4138
f 1 3634 2215
f 1 2215 1907
f 1036 2129 2216
f 4112 506 2331
f 1115 1941 2217
f 2648 2217 1941
f 2218 3896 2033
f 266 2218 2033
f 2219 3951 1360
f 2219 1360 906
f 2220 422 2875
f 890 3960 2220
f 267 2221 2155
f 267 1029 2221
f 2147 2222 287
f 2222 1553 287
f 861 856 2223
f 2234 2792 2363
f 2224 1593 1715
f 2224 1715 1712
f 2225 1773 671
f 671 259 3409
f 2221 2226 520
f 3510 1920 3385
f 646 2227 2359
f 3701 2224 642
f 2228 774 1874
f 2752 114 774
f 2003 528 2229
f 528 3075 2229
f 131 2230 1541
f 3121 2656 2230
f 2231 74 1930
f 2231 1930 704
f 2232 1750 2779
f 2352 208 1750
f 2832 2233 1732
f 1732 2233 425
f 2234 861 2223
f 630 861 2234
f 117 2235 2807
f 775 2235 3151
f 2236 813 889
f 468 2241 3885
f 2978 898 3733
f 3733 898 3271
f 2238 79 1495
f 2238 2271 79
f 62 2732 2239
f 769 62 4086
f 1769 483 2240
f 1769 4021 1773
f 2241 813 3885
f 2241 2300 813
f 293 1418 2242
f 293 2242 3473
f 2243 912 1456
f 151 2243 2734
f 2244 661 4165
f 1237 661 2244
f 1347 2245 2620
f 402 2476 1347
f 2963 2246 1092
f 1092 2246 2158
f 2247 3160 569
f 3649 569 1976
f 2248 750 2561
f 750 4170 3736
f 2662 632 2249
f 126 489 2916
f 2250 973 3001
f 3734 973 2250
f 2251 1974 168
f 1974 2251 1489
f 2252 2146 307
f 1153 2252 307
f 2253 1416 182
f 2005 2253 182
f 4117 2254 124
f 124 3355 3288
f 2255 194 3138
f 2248 2561 2255
f 34 1160 2256
f 1160 4169 2256
f 2906 2257 3347
f 748 2257 2230
f 2098 206 2258
f 2258 206 3874
f 2259 4259 740
f 3637 2259 740
f 3111 2441 2260
f 629 620 2260
f 2067 3321 2261
f 2261 747 2494
f 518 282 2262
f 2262 282 2108
f 4257 1742 2263
f 2448 1742 797
f 2264 1490 3878
f 2264 4242 1873
f 2265 832 1252
f 2265 1252 3273
f 2266 518 2262
f 1984 3846 4162
f 4211 4198 1192
f 4198 139 4128
f 753 323 2268
f 235 3578 3402
f 683 163 2269
f 1185 3110 3452
f 1476 2270 441
f 3194 1481 3202
f 2271 1002 1013
f 3598 302 3606
f 1547 2272 474
f 1547 481 2272
f 2273 1490 1215
f 1490 2273 1735
f 1589 2274 3566
f 4149 2274 1589
f 2275 1258 272
f 2275 2267 1258
f 2276 3428 317
f 2890 2276 3253
f 2277 128 3381
f 2585 3705 2277
f 1599 1383 2278
f 2079 1599 2278
f 506 2279 2331
f 2053 4241 3968
f 936 4051 2280
f 430 1881 3449
f 2281 3460 1083
f 2281 1083 4145
f 2282 335 2876
f 335 2282 2170
f 3261 2283 1178
f 1178 2283 964
f 1556 4046 2284
f 2284 463 2666
f 2285 2252 1153
f 1497 2285 1153
f 2286 2126 292
f 3521 2286 292
f 2126 1091 2287
f 2126 2287 292
f 2098 2288 206
f 3932 2288 2098
f 2751 2289 309
f 309 2289 3556
f 2290 1883 3517
f 2290 3710 1883
f 2291 2159 2167
f 3009 319 2159
f 942 2292 1270
f 3663 3796 1270
f 2293 1095 1203
f 1095 2293 1990
f 3975 2294 4075
f 84 638 2947
f 1564 1746 2295
f 1701 1564 2295
f 1154 2296 800
f 989 2296 3140
f 764 1681 2297
f 1963 764 2798
f 2298 4364 925
f 925 2821 4155
f 493 2299 1747
f 493 3896 2299
f 2300 2255 3138
f 2300 311 813
f 4204 36 2301
f 2301 2265 788
f 2302 1216 208
f 2302 1887 1216
f 3018 878 2303
f 3300 893 2889
f 961 2304 2079
f 1690 2705 961
f 1811 115 2305
f 2305 115 2553
f 331 2306 645
f 4347 3953 645
f 4003 2307 2311
f 1768 999 2307
f 2308 2761 327
f 3837 2308 3043
f 1959 2309 2606
f 1806 2309 1959
f 2179 1679 2310
f 1679 2744 4292
f 999 3416 2311
f 2307 999 2311
f 2312 1098 88
f 863 1098 2312
f 3219 2313 1587
f 3770 2673 851
f 804 2314 2818
f 2314 2767 1430
f 4038 3615 1918
f 1918 3615 1021
f 114 2316 2759
f 2498 2316 114
f 2317 3625 1765
f 798 4145 2431
f 3984 2318 3921
f 2993 192 2318
f 2344 2137 2319
f 2319 3080 2314
f 1033 3013 2320
f 1761 1033 2801
f 2321 903 243
f 2086 4068 4107
f 2322 4216 2129
f 2322 1469 830
f 599 2323 3937
f 2407 2323 599
f 2324 2616 1843
f 3604 3317 2324
f 2009 2325 627
f 627 2772 1159
f 1514 427 3914
f 4100 1003 3922
f 2327 1150 2671
f 2327 535 3890
f 1260 3108 2328
f 2047 3814 549
f 455 2329 1331
f 2329 455 3491
f 3914 2330 623
f 3922 3914 4100
f 2331 2525 1036
f 2216 2331 1036
f 135 2332 2031
f 2330 3971 135
f 4369 821 2333
f 472 2333 2118
f 3426 2334 2075
f 2075 3848 3994
f 3943 2335 1239
f 276 1239 3567
f 3108 2336 2328
f 2328 2336 3162
f 1284 2337 419
f 503 4006 1284
f 457 1280 2338
f 2339 3851 2283
f 3090 457 2339
f 2339 457 2338
f 2880 3227 2340
f 1088 2340 545
f 290 2589 2341
f 2471 2341 3701
f 943 1450 2342
f 4113 433 943
f 2625 2343 766
f 2343 1165 766
f 2344 3042 4264
f 1348 3972 1202
f 2345 2427 1635
f 1635 768 2345
f 2346 2660 921
f 3305 921 208
f 143 2347 3018
f 2825 3025 2347
f 1019 4022 2348
f 1019 3678 3683
f 1472 2349 501
f 3314 3684 3307
f 2344 2350 238
f 648 238 2350
f 2351 1808 868
f 3222 2351 868
f 2232 2352 1750
f 832 2352 2232
f 1493 2353 610
f 3498 4015 4231
f 1165 2354 766
f 1165 2345 3287
f 1534 2355 1128
f 1571 2791 4182
f 2356 2347 143
f 3515 2356 143
f 2357 1220 2784
f 2267 1220 2357
f 2358 572 2594
f 1739 3833 960
f 2227 642 2359
f 2359 642 1470
f 1192 2357 2360
f 2437 4032 4250
f 327 3322 2361
f 2361 351 1171
f 308 2362 486
f 2362 2392 486
f 2234 2363 771
f 2355 771 2363
f 2954 3247 2364
f 1069 2364 1455
f 1082 1079 2365
f 2365 4183 2253
f 2366 4002 2702
f 2907 2366 916
f 1483 2367 1006
f 3798 1483 26
f 4277 2361 4280
f 1639 4277 656
f 552 2369 1889
f 3193 2364 2451
f 1708 2768 2370
f 3635 2370 532
f 1001 2371 1775
f 2371 4044 1775
f 2414 2372 434
f 2372 1728 434
f 275 632 2373
f 2373 632 2645
f 1043 2374 2378
f 1975 2374 1043
f 825 3094 2375
f 3636 2375 2369
f 2376 497 367
f 77 2730 2865
f 91 2555 2377
f 2370 3267 2377
f 1043 2378 43
f 43 2378 2386
f 2379 1006 4061
f 2138 1006 2379
f 1960 2380 567
f 4213 3876 1960
f 527 2381 4203
f 2381 527 2954
f 1527 2382 558
f 2987 939 558
f 26 3882 2383
f 2388 2383 993
f 2384 1269 2706
f 1992 1269 2384
f 1344 2385 695
f 2385 1931 695
f 43 2386 1655
f 1655 2550 657
f 2387 1961 3465
f 1659 2387 146
f 3798 26 2388
f 2388 26 2383
f 2389 1130 564
f 560 1130 2942
f 489 2390 1145
f 1145 2390 2188
f 1692 2391 1294
f 3142 360 2873
f 2392 2362 4033
f 2392 1421 1622
f 3053 3119 2393
f 2393 1396 1393
f 4287 2394 174
f 2394 3475 174
f 432 2395 3961
f 837 3561 2251
f 3904 2396 220
f 3196 3377 220
f 2397 435 2246
f 2397 70 435
f 2005 182 2398
f 379 2005 2398
f 704 2399 416
f 416 2399 978
f 4079 2400 4265
f 2400 2193 4265
f 2401 3463 2019
f 3211 2401 2019
f 703 2402 4192
f 2417 2634 2631
f 1204 1513 2403
f 264 1204 2411
f 2404 2959 698
f 2404 698 1737
f 1793 2405 3109
f 2405 1793 156
f 2406 4335 842
f 2962 2406 842
f 913 2407 1465
f 2401 3103 913
f 2588 1462 2408
f 1462 3721 2408
f 1456 256 2409
f 256 179 4110
f 2410 2443 6
f 2410 3216 213
f 2403 2411 1204
f 2411 2403 1503
f 1114 4350 2412
f 2860 2412 3533
f 880 2413 2211
f 597 3830 880
f 2414 434 1936
f 579 2414 1936
f 877 2563 2415
f 2566 35 892
f 3782 2416 3772
f 4041 2416 784
f 703 2417 2631
f 2408 2417 703
f 222 800 2418
f 800 1674 2418
f 2595 92 2419
f 92 3505 2419
f 2420 1008 1233
f 449 4233 2420
f 172 2421 3805
f 1516 4284 1242
f 3902 1538 2422
f 1538 28 2422
f 2423 865 1910
f 2016 2423 1910
f 7 1737 2424
f 1010 7 2424
f 3913 2043 2425
f 470 2425 2043
f 1723 2426 761
f 2426 1723 1391
f 994 540 2427
f 3338 994 3232
f 2428 1491 1194
f 3908 3913 2425
f 2429 3974 2113
f 2429 2870 1413
f 2204 659 2430
f 659 1229 2430
f 68 3573 2431
f 4145 68 2431
f 631 2868 2432
f 1275 3493 2432
f 2433 3061 1256
f 1256 53 4132
f 984 2434 915
f 2509 984 987
f 1198 2435 4354
f 585 2435 2512
f 2436 2169 919
f 601 2436 919
f 1672 2437 460
f 460 2437 4250
f 1105 2438 2071
f 3582 1105 1195
f 939 2439 3389
f 1555 2439 131
f 746 2171 2440
f 746 4102 1803
f 629 2441 346
f 2260 2441 629
f 2442 4305 743
f 3629 743 1574
f 2443 2095 217
f 2443 217 1068
f 2444 1048 2184
f 2444 918 1048
f 918 2445 1048
f 3558 1086 2445
f 672 4111 2446
f 4111 902 3588
f 2447 1703 1781
f 2447 3727 1703
f 2263 2448 2909
f 2263 1742 2448
f 2386 2449 1001
f 2449 3452 1001
f 4292 2450 23
f 23 2450 938
f 3193 2451 2369
f 2451 3636 2369
f 1349 1123 2452
f 1123 2084 2452
f 2453 608 4142
f 2421 3243 3143
f 513 1052 2454
f 4143 1052 2515
f 40 2455 2516
f 2150 3562 40
f 2456 2799 1059
f 1361 707 2456
f 2457 3780 1823
f 1012 3467 2700
f 2458 1335 616
f 1335 2458 110
f 3467 187 2459
f 1096 2459 3200
f 2460 1687 2174
f 2460 4153 1687
f 2461 140 1953
f 2069 2461 1953
f 1209 3302 2462
f 1602 1209 2462
f 2463 1291 2409
f 3695 3702 4320
f 2464 3269 1484
f 4212 2458 603
f 1176 646 2465
f 4293 2465 3521
f 2466 3457 308
f 2853 2466 308
f 1820 136 2467
f 2697 136 3029
f 664 1262 2468
f 2667 1262 3279
f 3729 2469 233
f 233 2469 2040
f 3115 2474 2470
f 2470 2474 3976
f 2471 290 2341
f 290 2740 1175
f 2472 537 2063
f 2472 1605 537
f 2800 1699 2473
f 280 1843 2473
f 160 983 2474
f 2474 983 3976
f 1167 2475 826
f 4133 4139 2595
f 2476 2245 1347
f 2480 3374 2245
f 2477 2120 3420
f 2477 4272 2120
f 883 2478 3775
f 883 3106 3843
f 791 2479 1167
f 1167 2479 2475
f 2476 2623 2480
f 2476 2480 2245
f 607 2481 1420
f 1420 3694 109
f 745 2482 72
f 3187 3199 72
f 224 1113 2483
f 2483 3881 2647
f 1745 2484 281
f 4167 855 281
f 2882 2485 922
f 2551 469 2490
f 2486 1753 3301
f 3639 1753 2486
f 2487 1337 2054
f 11 1337 2487
f 3697 2488 1498
f 4238 1498 3431
f 283 562 2489
f 1807 2489 562
f 2485 2490 922
f 2490 4178 922
f 2521 2097 2491
f 2097 581 2491
f 567 801 2492
f 3655 3781 801
f 1585 651 2493
f 1585 3611 4095
f 573 2494 1726
f 171 2494 573
f 2596 2502 2495
f 2565 469 2551
f 230 2496 2074
f 2651 2496 230
f 1459 2928 2497
f 4346 2497 654
f 2498 114 2094
f 4055 2491 2498
f 336 2499 522
f 2746 2908 336
f 2500 1177 1412
f 1521 1177 3381
f 442 829 2501
f 829 2088 2501
f 469 2502 1288
f 2565 2502 469
f 2503 1315 3785
f 455 1315 3491
f 112 936 2504
f 2557 936 2280
f 2505 123 2222
f 4261 2621 123
f 1634 3351 2506
f 894 1634 2506
f 229 3542 2432
f 3160 229 1896
f 2508 2464 371
f 1790 2508 371
f 984 2509 2434
f 2509 242 2434
f 2510 1956 180
f 2510 180 3554
f 688 1484 2511
f 1484 831 2511
f 2512 1198 2694
f 2435 1198 2512
f 2513 1004 4336
f 2579 1004 2519
f 2198 2514 836
f 2307 4003 2514
f 4339 1056 2515
f 3850 1056 928
f 2516 2455 1109
f 1109 3586 2516
f 2517 541 2705
f 2132 2743 2517
f 585 2512 2518
f 2518 2128 2643
f 2519 1004 2513
f 1233 2519 2513
f 2520 407 1511
f 2889 407 2520
f 4185 2521 1373
f 2521 2491 1373
f 1445 2522 3817
f 2522 16 577
f 3528 2523 2082
f 2523 1382 3147
f 1047 2524 502
f 2524 4023 502
f 2525 1200 1036
f 1200 2525 753
f 568 2526 2906
f 3179 2520 2526
f 1004 2527 4336
f 1223 2527 4101
f 1459 2528 4097
f 649 2528 3800
f 2529 4068 2086
f 2869 2529 2086
f 1487 2721 2530
f 834 3607 2530
f 2531 753 741
f 1200 753 2531
f 937 2532 2215
f 937 3877 2535
f 658 2533 4019
f 658 2602 2533
f 2534 474 1868
f 1087 474 2534
f 2532 937 2535
f 1907 2532 3308
f 599 3937 2536
f 985 3831 3822
f 2537 3453 1110
f 3362 866 494
f 4153 2538 1687
f 1034 727 2538
f 1024 289 2539
f 10 1024 2543
f 2540 1115 2217
f 2540 3876 4213
f 2541 449 992
f 3849 1339 449
f 2542 3300 3025
f 2957 4078 665
f 2737 2543 2539
f 1024 2539 2543
f 214 2544 2051
f 214 3191 2544
f 2545 1233 12
f 3416 2545 12
f 2546 866 3362
f 1424 3516 2546
f 2547 2241 468
f 1885 2547 468
f 711 1796 2548
f 2548 1796 1891
f 491 2549 2488
f 1966 2549 491
f 2386 1001 2550
f 1655 2386 2550
f 1208 2551 3131
f 2485 2551 2490
f 2552 1952 887
f 409 2552 887
f 2553 2184 670
f 2412 2553 670
f 2785 130 2554
f 3689 2554 130
f 2555 1208 3131
f 2555 91 1208
f 448 2556 607
f 3886 3081 448
f 2504 936 2557
f 2504 2557 2372
f 4299 1051 2558
f 4232 851 2567
f 279 1673 2559
f 765 3591 4122
f 1027 2138 2560
f 524 1027 2560
f 2561 1898 194
f 2255 2561 194
f 2562 86 614
f 2103 2946 3058
f 2563 2571 35
f 35 2415 2563
f 2564 2926 1203
f 652 2564 446
f 3750 2495 2565
f 2495 2502 2565
f 35 2566 2415
f 2566 322 2415
f 4237 2558 2567
f 4232 2567 2558
f 2568 2050 4195
f 4202 96 2050
f 2569 3591 765
f 2564 2569 765
f 2570 1304 2575
f 4334 1304 2570
f 3654 1196 2571
f 1196 35 2571
f 300 1131 2572
f 4367 1159 300
f 2573 1534 1530
f 1530 3015 2573
f 3687 2574 783
f 783 2574 2599
f 2575 930 4152
f 1304 930 2575
f 249 3732 2576
f 2576 767 2203
f 2577 1129 393
f 2876 3177 2577
f 1661 714 2578
f 2578 2028 1661
f 1423 365 2579
f 3357 3689 2725
f 1184 2580 2576
f 2580 1184 621
f 111 2581 770
f 3666 1683 770
f 2580 2582 249
f 3309 860 249
f 2282 1371 2583
f 1853 2583 2682
f 2584 2860 1458
f 1458 4273 2584
f 1848 2585 2277
f 2785 1848 130
f 3869 2586 3746
f 4331 565 2935
f 257 4156 2587
f 1302 2983 2587
f 3911 3036 2588
f 1097 1462 2588
f 2997 660 2589
f 2589 660 4092
f 2834 2590 82
f 3134 82 3900
f 54 2591 3055
f 2680 2591 54
f 2592 1104 3207
f 4114 49 1376
f 1935 2593 2601
f 2593 1935 873
f 3833 2594 960
f 960 2594 3398
f 4133 2595 216
f 216 2595 2911
f 969 3879 2596
f 3757 969 2596
f 12 1233 2597
f 2513 2597 1233
f 2598 2562 2601
f 1527 2598 61
f 2599 1029 267
f 2599 507 1029
f 2119 1541 2600
f 2042 2600 1541
f 61 2601 2593
f 2598 2601 61
f 1362 2602 658
f 1362 1443 2602
f 157 1404 2603
f 157 2603 1691
f 419 2604 1284
f 419 202 3916
f 852 4319 2605
f 2436 852 2605
f 2606 20 1313
f 2309 20 2606
f 706 2607 1737
f 2424 1737 2607
f 1333 584 2608
f 1322 1333 2608
f 1897 2609 1401
f 1258 4128 1897
f 1912 193 2610
f 193 2091 2610
f 2611 1572 173
f 767 2611 3508
f 1386 612 2612
f 2289 1386 3552
f 2613 1675 3333
f 3785 903 2503
f 15 2614 4307
f 15 2011 2614
f 4224 1108 2615
f 2615 3912 2619
f 2324 3317 2616
f 4299 733 1051
f 2617 258 2125
f 2617 2125 4344
f 3371 2618 497
f 3 3657 2948
f 4224 2615 2619
f 1837 910 4226
f 2245 3827 2620
f 4065 958 980
f 4261 1663 2621
f 1663 907 2621
f 3106 2622 3843
f 526 4133 2622
f 2476 924 2623
f 4229 2377 3930
f 4157 2624 3688
f 2624 1770 1182
f 766 636 2625
f 4228 636 2627
f 2621 2626 1557
f 1557 2626 482
f 1524 4228 2627
f 3781 3655 3664
f 2628 690 1302
f 2628 4172 690
f 820 3778 3432
f 820 4077 3771
f 2630 2147 3356
f 1637 2147 2630
f 703 2631 2402
f 2402 2631 976
f 2632 2630 1931
f 2385 2632 1931
f 1684 2633 195
f 195 4089 3785
f 2634 188 2631
f 2634 1103 188
f 1546 1886 2635
f 1886 3980 2635
f 2636 3606 302
f 302 2585 2981
f 240 2637 1784
f 359 2637 240
f 4293 3521 2638
f 2638 299 1551
f 1564 2639 1746
f 2639 1752 1746
f 2640 1453 4116
f 4289 2640 701
f 4361 2515 2641
f 2515 1056 2641
f 932 1041 2642
f 1041 1752 3256
f 2643 585 2518
f 585 2643 4297
f 1055 1440 2644
f 4189 3142 4184
f 2645 2045 37
f 2045 2645 632
f 2646 399 3966
f 2239 3698 2646
f 1389 2708 2647
f 3881 1389 2647
f 1168 2648 529
f 1567 3627 2648
f 2649 2646 881
f 3563 881 1822
f 385 3410 2650
f 1340 385 2650
f 762 2496 2651
f 2047 2655 2824
f 2652 13 212
f 3251 2652 212
f 882 1995 2653
f 2653 1531 2675
f 699 112 2654
f 3422 699 3289
f 2655 600 762
f 2655 762 2651
f 400 2656 1870
f 2656 3121 1870
f 736 2657 1844
f 2657 513 1844
f 2658 3450 641
f 3310 2658 641
f 1158 1854 2659
f 1854 126 2659
f 199 2302 2660
f 2660 1525 199
f 2022 2661 400
f 2656 400 2661
f 2662 489 1145
f 2249 489 2662
f 1635 2663 1155
f 1090 2749 2663
f 89 1378 2664
f 2664 1378 3323
f 4364 2665 3677
f 178 2665 1647
f 2666 3738 582
f 582 2707 3438
f 1881 2468 2667
f 2667 2468 1262
f 2668 637 1848
f 2763 1433 637
f 2669 2029 303
f 602 2862 303
f 1566 622 2670
f 1566 2670 340
f 2671 3370 44
f 2327 2671 44
f 2672 4135 171
f 796 2672 171
f 3219 2673 2313
f 4351 1397 2313
f 1940 2674 4334
f 2674 3957 995
f 2675 2910 882
f 882 2653 2675
f 2009 2676 3728
f 3723 1550 138
f 1216 1640 2677
f 4048 1924 3477
f 2678 1390 1281
f 3719 2678 2683
f 2679 2365 1074
f 4201 1074 1697
f 3605 372 2680
f 372 1022 2680
f 2681 3118 126
f 1854 2681 126
f 2583 1371 2682
f 1371 405 2682
f 2678 1281 2683
f 1281 609 2683
f 1249 2072 2684
f 1249 4312 106
f 2685 1121 235
f 2685 3585 2279
f 4007 2686 1861
f 2822 2686 977
f 405 393 2687
f 2687 4246 1592
f 1344 2688 4163
f 1344 695 2688
f 1899 1435 2689
f 1610 1899 2689
f 2690 1580 96
f 4202 2690 96
f 397 1439 2691
f 1439 2685 2691
f 2960 137 2692
f 4093 2692 137
f 2693 1826 1962
f 514 1826 2693
f 4357 2694 1198
f 1040 2694 100
f 2610 2695 1108
f 1108 2695 2615
f 4366 735 2696
f 744 2696 2385
f 2697 2467 136
f 2467 2697 612
f 2698 470 2866
f 2698 437 470
f 1046 2055 2699
f 618 2699 2055
f 1018 2700 3210
f 1018 1787 2700
f 2701 3139 1628
f 2701 1628 2059
f 916 2702 3459
f 2366 2702 916
f 1932 389 2703
f 4008 2089 2703
f 1381 153 2704
f 1381 3223 136
f 2705 1037 2304
f 2705 2304 961
f 2706 4065 228
f 2384 2706 2714
f 582 2747 2707
f 122 3506 4345
f 1472 501 2708
f 1817 2708 501
f 2709 389 1932
f 261 3864 1932
f 2943 402 2710
f 2710 402 1269
f 2711 1069 1455
f 768 2711 3130
f 2712 3628 746
f 1326 885 2712
f 1734 3531 675
f 1784 675 3531
f 2714 228 2709
f 2706 228 2714
f 3120 2715 1230
f 3741 2715 1893
f 4243 619 1819
f 4243 1819 2919
f 1496 1856 2717
f 1856 2 2717
f 2445 2718 1053
f 1053 2718 2768
f 1414 2719 1303
f 2719 640 4219
f 928 4052 2720
f 4154 2720 282
f 1298 3006 2721
f 1487 1298 2721
f 3861 2722 1244
f 3044 2729 1236
f 2723 1176 1062
f 1062 2740 2723
f 705 3208 2724
f 1416 3059 2724
f 3689 2579 2725
f 2725 2579 2519
f 3470 1039 2726
f 1039 2523 3662
f 659 2727 1229
f 3233 635 1229
f 2728 1898 633
f 633 85 2728
f 2729 3637 2722
f 2729 2722 1236
f 2730 2376 367
f 1187 2376 2730
f 2731 1689 408
f 1689 3410 385
f 2612 390 2732
f 2732 3242 3698
f 3446 2733 1772
f 2543 2733 1026
f 1456 2409 3841
f 2243 1456 3841
f 3242 2735 1363
f 2735 3099 1363
f 2154 1513 2736
f 3632 2736 1513
f 2733 2737 495
f 2737 2727 495
f 3180 2738 1406
f 1406 2738 2729
f 163 2739 1771
f 3235 338 1771
f 2740 290 2471
f 2740 2471 2723
f 677 2741 1250
f 2291 1250 2741
f 888 2742 2735
f 2697 2742 888
f 2743 271 541
f 2517 2743 541
f 2744 205 4292
f 2744 2922 205
f 2745 1782 387
f 628 1782 4255
f 2746 1676 2908
f 3991 1676 2746
f 2707 2747 122
f 2747 1157 122
f 2748 1218 3929
f 251 1218 3327
f 2663 2749 1155
f 1155 2749 578
f 104 3144 2750
f 643 104 2750
f 4014 2751 1133
f 1133 2751 309
f 19 2752 2228
f 774 2228 2752
f 1798 2753 3724
f 2753 4358 1189
f 3327 738 2754
f 2754 738 725
f 2755 166 1227
f 3523 241 2755
f 751 1613 2756
f 1613 1615 2756
f 732 107 2757
f 107 2834 2757
f 2758 3506 1005
f 3132 1005 2755
f 2759 586 1669
f 586 2759 1794
f 3696 94 2760
f 94 3480 2760
f 2761 1568 358
f 2871 3087 1568
f 904 78 2762
f 904 2762 3351
f 2668 2763 637
f 2763 2668 2614
f 1842 2764 3519
f 2764 1842 3529
f 202 2765 3916
f 2765 202 2200
f 1390 607 2766
f 2766 607 1420
f 3080 811 2767
f 2775 3265 2770
f 1178 964 2768
f 2768 964 2370
f 254 2769 2778
f 3353 2057 2769
f 2767 2770 278
f 811 2770 2767
f 1170 2771 252
f 4042 1560 2771
f 627 2325 2772
f 2325 757 2772
f 1359 2773 3899
f 2493 2773 1359
f 853 1629 2774
f 2862 853 2992
f 811 2775 2770
f 4264 2775 811
f 2776 1225 142
f 142 914 4276
f 2195 2777 616
f 598 2777 4085
f 254 2778 3633
f 2778 3451 2781
f 412 410 2779
f 2779 1645 412
f 3580 383 2780
f 3993 383 867
f 1271 2781 262
f 3633 2778 2781
f 1511 2782 2042
f 1511 3296 2782
f 2783 1187 2730
f 4146 2025 1187
f 1939 2784 2560
f 2357 2784 1939
f 2585 2785 2981
f 2585 1848 2785
f 1991 802 2786
f 2795 2786 3764
f 1268 3842 2787
f 3634 712 1419
f 3231 2788 3569
f 227 3756 2788
f 1283 404 2789
f 2884 1792 1283
f 2790 3256 1752
f 2781 2790 1752
f 2182 1128 2791
f 1128 4182 2791
f 2234 2223 2792
f 2792 2223 4005
f 1028 3754 1704
f 564 3486 1028
f 2794 2392 1402
f 2794 1402 4187
f 1991 2786 2795
f 1590 1991 2795
f 2796 2951 102
f 3069 2796 102
f 2925 1602 2797
f 1602 2462 3526
f 2297 2798 764
f 2798 2297 2049
f 2799 2456 707
f 707 2793 2799
f 1843 4299 2800
f 2473 1843 2800
f 2801 1033 2320
f 2801 2320 318
f 2802 957 251
f 2802 251 1469
f 1451 2803 2746
f 3411 2803 4370
f 3903 437 2804
f 1521 2804 437
f 1603 2805 498
f 1603 105 2805
f 806 2806 127
f 3129 2806 806
f 1400 2807 775
f 2807 2235 775
f 3538 2808 345
f 2808 2453 4013
f 2110 2809 2114
f 2110 796 2809
f 982 248 2810
f 609 982 3403
f 2811 1926 36
f 2606 1926 3853
f 927 2812 4137
f 750 3388 927
f 393 1409 2813
f 393 4246 2687
f 2814 628 1884
f 1025 2814 1884
f 1520 2815 772
f 772 4084 2744
f 2816 241 471
f 2821 3137 2816
f 3662 2817 418
f 3147 1660 3154
f 2818 1430 2874
f 2314 1430 2818
f 2481 1434 2819
f 1420 2481 3694
f 2820 1190 3309
f 1190 2820 2052
f 2821 1630 3137
f 931 1630 2821
f 1580 2822 977
f 2072 2822 3895
f 2823 3513 3298
f 809 1526 2823
f 3809 2824 2651
f 2655 2651 2824
f 1526 2825 2356
f 2356 2825 2347
f 428 2826 1646
f 1646 2826 521
f 2827 2209 1289
f 2967 2827 3520
f 540 2828 1620
f 2828 4272 1620
f 621 2829 2580
f 3319 621 3684
f 1801 3259 2830
f 2112 1801 2830
f 1201 1741 2831
f 1201 2831 2202
f 2832 1732 236
f 2832 236 3825
f 2833 3681 482
f 482 2626 2833
f 107 1928 2834
f 2834 3724 1226
f 394 2835 1060
f 2835 1822 1060
f 1392 2836 3494
f 1392 465 2836
f 1032 147 2837
f 147 1814 2837
f 561 2192 2838
f 2838 2192 4125
f 2839 3836 413
f 2847 413 2339
f 2844 101 2840
f 2840 3207 1104
f 2771 2841 911
f 455 911 2841
f 2499 2842 1166
f 1166 2842 3799
f 1314 4019 2843
f 2845 2843 900
f 2844 2840 1104
f 1827 2844 1104
f 5 1314 2845
f 2845 1314 2843
f 2846 1017 1830
f 1344 4163 2846
f 2839 2847 1180
f 2847 2839 413
f 3623 2848 359
f 2848 579 359
f 1970 452 2849
f 2849 452 2003
f 1297 2850 2133
f 2850 477 2133
f 4165 2851 2244
f 2851 2007 141
f 1415 2852 777
f 3260 3254 4342
f 4330 2853 1987
f 1987 2853 3089
f 98 2854 1353
f 98 3358 2854
f 3609 2855 2484
f 1673 3898 808
f 3462 2856 2846
f 1834 4180 284
f 2857 4120 1985
f 1985 169 3651
f 3802 3812 2081
f 3062 3802 2081
f 3291 3664 2859
f 2859 531 283
f 559 1114 2860
f 1114 2412 2860
f 377 2861 4189
f 2402 2861 4192
f 2862 2669 303
f 2862 2992 2669
f 4314 1590 2863
f 2863 1590 2795
f 2864 1682 2858
f 933 1682 2864
f 2865 367 1812
f 2730 367 2865
f 470 1954 2866
f 2866 1954 88
f 1430 278 2867
f 278 1210 2867
f 2868 1050 2863
f 631 3952 2868
f 2869 2086 4062
f 1780 2869 812
f 3601 2870 53
f 3129 2870 2429
f 2871 1568 2761
f 4301 2871 2761
f 1364 1357 2872
f 1357 523 3644
f 2873 1227 1294
f 2391 2873 1294
f 2818 2874 3626
f 782 3621 4351
f 2875 1350 4362
f 1350 2875 3753
f 335 1596 2876
f 2876 1596 3177
f 2877 2153 87
f 87 1432 2877
f 1609 2878 1517
f 1609 726 2878
f 1380 158 2879
f 1380 2879 4225
f 2880 1088 1584
f 2880 2340 1088
f 810 2881 253
f 2881 3178 253
f 2976 2882 224
f 2882 922 224
f 2184 2883 332
f 332 3630 1849
f 781 2884 2789
f 2884 1283 2789
f 2885 1515 4243
f 2968 1515 3086
f 3204 2886 625
f 625 2886 193
f 144 2887 314
f 144 2880 2887
f 2122 2888 948
f 3859 948 3505
f 2303 3300 2889
f 2303 2889 2520
f 2890 1876 436
f 436 2276 2890
f 914 142 2891
f 1759 914 2891
f 145 2892 1209
f 4037 2892 145
f 2909 2893 2026
f 2893 514 2026
f 2719 2894 640
f 640 2894 870
f 952 2301 2895
f 2895 2815 952
f 3735 580 2896
f 3519 3282 3348
f 689 2897 2273
f 3340 2897 689
f 2760 1248 2898
f 1189 4200 4140
f 2899 456 1528
f 2394 3441 3871
f 246 1552 2900
f 1552 1046 2900
f 3323 1251 2901
f 50 2901 622
f 514 2693 2902
f 514 2902 2026
f 2114 177 2903
f 516 2114 2903
f 2912 2904 316
f 2904 3496 316
f 490 2905 1279
f 2905 490 1221
f 1257 2906 3347
f 3532 2906 1257
f 606 2907 2066
f 606 1449 2907
f 2499 2908 516
f 336 2908 2499
f 1475 2263 2909
f 1475 2909 2617
f 2675 239 2910
f 1722 2910 239
f 1748 2911 2904
f 216 2911 1748
f 433 2912 943
f 3258 2904 2912
f 2010 2913 4025
f 555 2967 3108
f 2914 2968 3086
f 1447 2914 1657
f 2915 533 1247
f 2334 3725 3840
f 2249 2916 489
f 1075 2916 2249
f 2917 3638 538
f 2917 538 2340
f 1734 2918 799
f 2918 1734 675
f 2924 4243 2919
f 255 2919 151
f 2352 832 2920
f 1467 2920 832
f 2921 875 167
f 2921 167 1653
f 2950 2922 2744
f 2922 776 3192
f 1426 2923 821
f 821 3454 816
f 2919 255 2924
f 2924 255 485
f 2925 682 1602
f 1653 682 2925
f 652 2926 2564
f 264 2926 652
f 1248 3794 2927
f 1248 2927 2898
f 988 654 2928
f 2497 2928 654
f 1670 4152 2929
f 2929 276 587
f 2930 912 1473
f 1962 3789 4096
f 531 794 2931
f 3460 794 378
f 634 3206 2932
f 634 2932 1504
f 2933 1101 34
f 1164 2936 2933
f 1175 2934 3000
f 2740 4035 1175
f 3746 3945 2935
f 2935 3945 1425
f 2936 307 1101
f 2936 1101 2933
f 1225 2937 1694
f 1225 2776 2937
f 37 2938 1213
f 2938 252 1213
f 15 2939 3293
f 2939 1098 863
f 2940 270 3588
f 2148 270 2940
f 1061 2941 349
f 3729 2233 349
f 2942 1130 2389
f 2942 2389 1441
f 2943 532 2476
f 1849 532 2943
f 346 2441 2944
f 785 346 4129
f 2945 648 4098
f 648 2945 2027
f 614 2946 2562
f 154 2562 2946
f 84 2947 2294
f 2294 2947 2932
f 3657 2618 2948
f 1501 2948 2618
f 923 2949 3787
f 2953 1385 2949
f 776 2950 1313
f 2950 776 2922
f 2796 1410 2951
f 3993 2951 1410
f 1443 2952 84
f 1365 2956 1443
f 923 3638 2953
f 2953 2949 923
f 1069 2954 2364
f 1069 2381 2954
f 2955 754 1464
f 3946 1464 3274
f 2956 1076 2952
f 2956 2952 1443
f 589 2957 2157
f 2157 2957 665
f 2964 557 2958
f 557 3432 3152
f 1838 1411 2959
f 1838 2959 3198
f 2960 1839 722
f 3344 2960 722
f 2961 1276 3960
f 2961 597 3719
f 1017 2962 25
f 2962 4069 25
f 3282 1532 2963
f 2397 2963 1532
f 1477 2964 1595
f 2964 2958 1595
f 2965 330 1542
f 330 2965 824
f 2213 2966 2131
f 2966 2213 1719
f 4025 2913 2967
f 2913 2827 2967
f 223 2968 1447
f 1447 2968 2914
f 840 1384 2969
f 3421 1384 4123
f 406 2629 2970
f 1468 406 2970
f 841 1296 2971
f 4101 2971 1296
f 2972 824 2965
f 824 3546 3832
f 2831 2973 4259
f 2973 438 411
f 2924 485 2974
f 2974 485 1887
f 3906 41 2975
f 2975 41 3064
f 224 190 2976
f 2976 190 2143
f 2977 300 2572
f 2977 2572 409
f 1675 898 2978
f 1675 2978 3333
f 2155 63 2979
f 3610 4355 1328
f 221 2980 1452
f 2980 1833 3170
f 302 2981 2636
f 2636 2981 347
f 2982 944 3408
f 944 2982 2382
f 2983 2811 257
f 2983 257 2587
f 751 2984 453
f 1579 2984 751
f 2985 1540 1327
f 2985 2865 1540
f 3794 2986 1254
f 1254 2986 3704
f 2382 2987 558
f 2982 2987 2382
f 1319 168 2988
f 2988 168 1974
f 4197 2989 1007
f 3395 2332 1007
f 2990 1291 2463
f 3618 2990 3034
f 3758 2991 1432
f 2877 1432 2991
f 2774 2982 2992
f 853 2774 2992
f 2993 546 409
f 2054 546 2993
f 27 2991 2994
f 27 2994 3410
f 2178 2995 3597
f 2995 2132 815
f 1579 2095 2996
f 2443 2996 2095
f 1892 2997 2589
f 2997 1892 2937
f 196 2998 1981
f 3941 3620 196
f 2999 4280 662
f 2999 662 1949
f 3328 1070 3000
f 4209 1070 1694
f 3001 973 3670
f 3001 1368 439
f 3002 2872 593
f 3711 593 726
f 770 3003 111
f 111 3874 3654
f 121 1543 3004
f 1543 3470 4287
f 3005 266 2134
f 3005 3692 266
f 3006 1657 760
f 3006 1447 1657
f 1983 4028 3007
f 3007 840 2969
f 1479 3008 1733
f 1733 3008 272
f 2972 3009 2291
f 3009 2159 2291
f 752 3010 568
f 1234 3010 752
f 3011 1559 840
f 4028 840 3007
f 4101 1296 3012
f 577 16 4106
f 674 1955 3013
f 3013 1955 1038
f 3014 845 4160
f 1554 845 3014
f 46 3015 558
f 3015 46 771
f 536 3016 3011
f 1978 3016 536
f 523 3017 2410
f 1934 3017 523
f 143 3018 3026
f 1234 3018 3010
f 3676 4 3019
f 3019 4 1385
f 3997 1394 3020
f 1394 1875 3311
f 3754 1085 3021
f 1085 3253 3263
f 791 3022 2479
f 887 3022 791
f 4004 3023 3359
f 3023 2828 1398
f 1361 3024 1876
f 789 3024 1361
f 4078 3025 665
f 665 3025 2825
f 3026 3018 1234
f 3026 1234 3996
f 66 1907 3027
f 3027 1402 66
f 1224 3028 3898
f 1229 3028 1224
f 3029 891 408
f 136 891 3029
f 3030 14 4274
f 3001 14 3030
f 4081 2720 3031
f 931 3956 1630
f 3032 601 1307
f 3569 601 3032
f 3033 74 1937
f 3033 3308 74
f 3034 2990 2463
f 3034 2463 1084
f 3035 2414 579
f 2848 3035 579
f 1097 2588 3036
f 3036 2073 1097
f 749 3037 2012
f 2012 3037 685
f 4123 3038 1594
f 1594 4310 805
f 3028 1642 3039
f 3039 1642 1015
f 1110 3040 2537
f 3118 3511 1110
f 303 3041 3213
f 3041 4146 403
f 3042 2344 1348
f 1348 3415 3042
f 3043 327 2361
f 2308 327 3043
f 179 2729 3044
f 4110 179 3957
f 2514 2198 3045
f 3045 2198 1089
f 651 932 3046
f 932 2642 4190
f 945 3047 3718
f 268 3047 945
f 3541 3048 1501
f 677 1250 3543
f 3049 2954 1141
f 1141 2388 3049
f 3050 2801 1086
f 3050 1086 3558
f 77 2865 3051
f 1535 77 3051
f 901 47 3052
f 3052 47 3487
f 3053 1393 268
f 3053 2393 1393
f 1632 500 3054
f 500 3052 3054
f 2901 3055 1346
f 3055 4159 1346
f 3281 3056 1221
f 3616 1221 3056
f 59 3057 3063
f 1908 3057 59
f 3072 3058 614
f 614 3058 2946
f 3059 333 705
f 3059 705 2724
f 3228 1292 550
f 3064 3228 550
f 1810 3061 295
f 295 3061 2433
f 3062 2081 1491
f 2428 3062 1491
f 1100 3063 3294
f 59 3063 1100
f 3064 550 1277
f 3795 3064 1277
f 3065 3871 1727
f 3616 3056 3065
f 3066 708 1436
f 1368 3225 4296
f 1120 3313 3067
f 1120 3067 3379
f 956 3068 1865
f 321 1865 3068
f 590 3069 1810
f 1810 3069 3061
f 3070 1287 3797
f 1789 1287 3070
f 1774 3071 306
f 2081 3071 1774
f 3072 1022 3058
f 1022 3072 2182
f 329 1747 3073
f 3639 3073 1753
f 3074 857 119
f 1510 857 3074
f 3817 4324 3075
f 3075 1267 3337
f 3076 4239 1127
f 3076 1127 3085
f 1587 3077 1440
f 1440 3077 2644
f 1214 1299 3078
f 4302 3788 2861
f 1868 3965 3079
f 464 1868 3079
f 3080 2319 2137
f 2137 4264 3080
f 3081 476 2556
f 448 3081 2556
f 2180 3082 3054
f 3082 2180 963
f 3083 1718 198
f 2588 1718 3083
f 3084 2712 905
f 2144 4173 905
f 3614 617 3085
f 617 3076 3085
f 3086 1515 2885
f 519 3086 2885
f 3801 396 3087
f 396 3093 3826
f 664 3088 1262
f 970 3088 664
f 3089 4038 1404
f 3089 1404 157
f 3090 219 965
f 1778 219 3090
f 3091 1730 554
f 1730 3091 572
f 3092 2202 839
f 3977 3180 2930
f 396 464 3093
f 464 3079 3093
f 3094 1576 1320
f 2375 3094 3097
f 237 3095 2057
f 1695 3101 237
f 3096 232 3448
f 1836 232 3096
f 3097 1320 3479
f 3094 1320 3097
f 3093 3098 692
f 692 3098 51
f 2735 780 3099
f 780 1689 3245
f 343 823 3100
f 823 1043 3699
f 237 3101 3095
f 3101 1417 3095
f 3102 1433 3537
f 1433 3102 4337
f 3103 2323 2407
f 3103 2407 913
f 1415 3104 2852
f 3395 3104 1415
f 2309 3105 3192
f 3105 2351 81
f 3106 526 2622
f 941 526 3106
f 3107 676 835
f 1678 3918 3107
f 549 3814 3108
f 2967 549 3108
f 3109 972 711
f 3109 711 2548
f 3110 3237 683
f 3452 3110 683
f 376 89 3111
f 3111 2100 376
f 3112 2568 709
f 3112 709 3918
f 1559 3113 3117
f 3113 555 1260
f 3114 962 4338
f 3114 984 962
f 676 415 3115
f 4195 2474 3115
f 3116 189 3476
f 4258 1263 189
f 3113 1260 3117
f 3117 1260 611
f 1110 1000 3118
f 3118 1000 2390
f 2210 3119 3053
f 1044 3119 2210
f 3660 3120 718
f 718 3120 4158
f 2230 131 3121
f 2439 3121 131
f 2387 4203 3122
f 1077 2749 3122
f 2039 3123 535
f 535 3123 3549
f 1046 2699 3124
f 2900 1046 3124
f 1603 498 3125
f 4104 498 4071
f 4260 1659 3126
f 4018 60 4266
f 3127 706 273
f 3127 273 4201
f 1497 1153 3128
f 4275 3128 3167
f 53 3129 1617
f 53 2870 3129
f 2711 1455 3130
f 3255 3130 1455
f 3131 2551 2485
f 3577 3131 2485
f 1636 2758 3132
f 3132 2758 1005
f 3133 1075 275
f 1158 1075 3133
f 2142 3134 933
f 3134 2142 1099
f 1500 3135 1628
f 1500 3418 4309
f 1429 479 3136
f 479 2312 3995
f 3137 3132 241
f 3137 241 2816
f 2300 3138 311
f 1621 311 3138
f 1500 1628 3139
f 3889 1500 3139
f 3715 3140 1154
f 3140 2296 1154
f 1651 3141 574
f 3153 2849 574
f 3142 2873 2391
f 4184 3142 2391
f 2808 3143 2453
f 3243 2453 3143
f 3151 639 3144
f 3144 639 3932
f 3675 3145 989
f 989 3909 2296
f 360 3146 374
f 1073 374 3146
f 2523 3147 2817
f 2817 3147 3154
f 3148 1010 1779
f 3148 4346 1010
f 3888 3149 1451
f 4370 2803 1451
f 3150 250 1124
f 250 3150 1674
f 3151 1779 639
f 3148 1779 3151
f 1148 2958 3152
f 557 3152 2958
f 3141 3153 574
f 1999 3153 3141
f 2817 3154 418
f 418 3154 3829
f 1118 3155 4363
f 3155 1118 3062
f 1111 3156 3837
f 1122 3156 1111
f 3747 3157 200
f 3157 1787 200
f 1917 3158 3008
f 3158 1917 598
f 3245 3159 1366
f 1366 3159 2049
f 3542 229 3160
f 2247 2507 3160
f 1122 2942 3161
f 1122 3161 3156
f 3162 2336 324
f 1444 3162 324
f 1680 929 3163
f 3163 929 2570
f 1217 3886 3164
f 986 1217 3164
f 1896 793 3165
f 3160 1896 3165
f 2654 1186 3166
f 3166 1186 2414
f 3167 3128 531
f 531 2859 3167
f 3168 3742 1768
f 355 3168 1768
f 2143 3169 1875
f 3169 3316 1875
f 2980 3170 1452
f 1452 3170 3382
f 907 3171 2626
f 2024 3171 907
f 3172 1810 596
f 596 4227 3917
f 3173 4028 1983
f 3828 3173 1983
f 3174 1594 858
f 1200 3174 3803
f 850 3360 3175
f 3175 1853 850
f 3648 3176 465
f 3344 722 3339
f 2577 3177 1129
f 2063 1129 3177
f 4236 3178 2881
f 1749 1461 3178
f 3010 3179 568
f 568 3179 2526
f 3180 839 2738
f 3092 839 3180
f 3181 1685 723
f 3223 3181 723
f 938 1047 3182
f 4034 938 3835
f 1758 133 3183
f 133 2661 3183
f 3184 344 1662
f 58 344 3184
f 1037 3185 343
f 541 3185 1037
f 3186 2046 3191
f 4088 1982 3186
f 2482 3187 72
f 2482 4323 3187
f 3188 2030 548
f 947 3188 548
f 3189 2150 843
f 1019 3189 843
f 3190 1685 950
f 2731 3190 950
f 4088 3186 3191
f 679 3191 214
f 81 3192 3105
f 2922 3192 81
f 3255 3193 552
f 552 3193 2369
f 3194 3202 1476
f 3194 1476 3024
f 3195 3367 1457
f 3195 1457 1742
f 3955 3196 2396
f 2396 3196 220
f 3197 551 1119
f 3197 3070 551
f 3198 971 2161
f 3198 1988 971
f 2070 3199 2066
f 3199 606 2066
f 2459 187 3200
f 3200 187 1147
f 3499 3201 1637
f 1392 3494 1183
f 3202 2270 1476
f 3202 3301 2270
f 3203 410 1263
f 3203 3273 410
f 1080 3204 625
f 783 3204 1080
f 366 1330 3205
f 1330 4294 3205
f 2200 1107 3206
f 1107 2932 3206
f 49 3207 729
f 4114 3207 49
f 756 1862 3208
f 1707 756 3208
f 3209 1724 454
f 3494 3209 454
f 3210 2459 1096
f 3530 3210 1096
f 979 3211 80
f 1463 3217 3221
f 132 3379 3212
f 3691 132 3212
f 951 3213 403
f 3213 3041 403
f 3214 125 1962
f 3661 1549 125
f 1720 3215 895
f 3215 3700 895
f 3216 6 2442
f 3216 2410 6
f 3217 3236 80
f 3221 3217 80
f 2753 1189 3218
f 3218 1189 3060
f 2673 3219 851
f 2567 851 3219
f 909 3220 1720
f 3220 3215 1720
f 3211 2019 3221
f 3221 80 3211
f 205 3222 872
f 3222 868 872
f 3181 3223 2704
f 3223 1381 2704
f 3891 3224 3215
f 1136 3434 326
f 3066 3225 708
f 3225 333 708
f 4244 1710 3226
f 1710 198 3226
f 1255 3227 2880
f 2057 3227 1255
f 3218 3060 3228
f 3228 3060 1292
f 3229 1956 3074
f 3229 180 1956
f 986 3230 2678
f 986 3164 3230
f 3231 684 227
f 3231 227 2788
f 2427 2345 3232
f 994 2427 3232
f 2737 3233 2727
f 3233 1229 2727
f 3234 2509 987
f 2052 3234 987
f 2739 1546 3235
f 2739 3235 1771
f 4059 981 3236
f 638 3860 1504
f 3110 835 3237
f 835 3115 3237
f 2508 3238 2464
f 2464 4212 3269
f 1706 3239 3482
f 3239 1706 187
f 1207 2454 3240
f 1207 3240 3844
f 3241 3711 726
f 3241 726 1609
f 390 3242 2732
f 390 2735 3242
f 2453 3243 608
f 3763 608 3243
f 1726 3780 3244
f 4045 1726 3244
f 3099 3245 1366
f 780 3245 3099
f 3250 356 3246
f 3246 356 4275
f 3049 993 3247
f 2451 3247 993
f 3596 1512 3248
f 1512 1658 3248
f 3249 1158 3133
f 710 1158 3249
f 1993 356 3250
f 1889 1993 3250
f 1117 3251 1990
f 1117 3405 3251
f 3252 3244 375
f 884 3252 375
f 3253 317 1087
f 2276 317 3253
f 2852 1509 3254
f 777 2852 3254
f 58 3255 344
f 3130 3255 58
f 1041 3256 2642
f 2642 3926 1818
f 3257 3264 1342
f 1988 3257 1342
f 433 3258 2912
f 739 3258 433
f 1681 3259 1801
f 1681 4132 3259
f 3265 777 3260
f 777 3254 3260
f 2320 1180 3261
f 1180 2847 3261
f 2489 1807 3262
f 3262 1807 288
f 1085 3263 3021
f 3263 2534 3021
f 654 988 3264
f 3264 988 2980
f 2770 3265 1422
f 3265 3260 1422
f 1598 3266 4239
f 1598 1733 3266
f 3851 91 3267
f 3267 91 2377
f 4357 3268 570
f 570 3268 2013
f 3269 603 831
f 4212 603 3269
f 4186 3568 3270
f 370 553 3270
f 3271 1885 818
f 898 1885 3271
f 3272 2444 2184
f 115 3272 2184
f 1933 3273 3203
f 788 3273 1933
f 3464 3274 1482
f 4150 1482 3274
f 3275 1765 3270
f 288 1765 3275
f 3565 315 3276
f 315 1092 3276
f 1300 3277 2087
f 3277 83 2087
f 3278 2204 279
f 2204 3278 294
f 3279 1262 1322
f 1322 1065 3279
f 1607 3280 1485
f 1840 1485 3280
f 191 3056 3281
f 2219 191 3281
f 3519 1638 3282
f 1638 1532 3282
f 3283 4164 1078
f 1172 209 4058
f 3284 453 3280
f 3284 751 453
f 3285 2178 148
f 3986 148 918
f 3286 955 1685
f 955 3286 2877
f 1165 3287 2354
f 3287 58 2354
f 2175 3288 778
f 3288 3925 778
f 1619 3289 2654
f 3289 699 2654
f 1151 2625 3290
f 3235 4306 3290
f 3291 2859 283
f 2492 3291 283
f 3292 1743 2037
f 3292 3704 1743
f 2939 863 3293
f 3293 863 3958
f 3294 3289 1619
f 3297 1619 1205
f 697 3295 51
f 1725 3295 697
f 3296 153 1381
f 407 153 3296
f 1100 3294 3643
f 3643 3294 1619
f 3453 3298 17
f 17 3534 3528
f 305 3299 1563
f 1777 1563 3299
f 878 3300 2303
f 3025 3300 878
f 3301 1753 920
f 3301 920 1471
f 3527 2197 3302
f 525 3302 2197
f 4091 4125 3303
f 1288 3303 244
f 3360 3304 854
f 405 854 3304
f 2346 921 3305
f 1372 2346 3305
f 492 3306 2152
f 492 4219 3306
f 1472 3307 2349
f 1472 4174 3307
f 2532 2535 3308
f 3308 2535 710
f 2582 3309 249
f 1583 3309 2582
f 1071 3310 1761
f 3310 641 1761
f 3020 3311 1646
f 1394 3311 3020
f 3135 1067 3312
f 1067 2324 3931
f 3067 3313 1156
f 3313 340 1156
f 3303 1460 3314
f 1460 3319 3314
f 3052 1140 3315
f 1931 3315 1140
f 2170 3316 335
f 1875 3316 2170
f 3317 733 2616
f 3317 2935 733
f 3318 1846 264
f 1846 3318 3399
f 3319 2829 621
f 1460 2829 3319
f 2670 3320 304
f 304 3320 4039
f 2261 3321 747
f 3321 800 747
f 3322 351 2361
f 3322 4095 351
f 996 3323 50
f 3323 2901 50
f 3324 3326 687
f 1042 3324 1995
f 3325 117 2807
f 3366 3325 2891
f 3324 1042 3326
f 3326 1042 1503
f 1218 2748 3327
f 2748 738 3327
f 218 2183 3328
f 3328 2183 1958
f 445 2984 3329
f 3329 1969 445
f 1766 3330 461
f 3448 4119 1766
f 797 1612 3331
f 797 3331 2214
f 3839 3332 59
f 714 3332 3839
f 2613 3333 903
f 243 903 3333
f 3334 2978 584
f 1448 3334 584
f 3335 4268 1405
f 913 3335 1405
f 3336 2165 414
f 4295 3336 414
f 3075 3337 1219
f 1219 4010 1691
f 1132 3338 3232
f 3976 1132 3669
f 2836 465 3339
f 3176 3339 465
f 1858 3340 689
f 533 3340 1858
f 1351 3341 242
f 2434 242 3341
f 1536 3342 8
f 3070 3797 3492
f 4263 3343 2353
f 3343 1376 745
f 3176 3344 3339
f 3344 3176 754
f 3345 221 966
f 3948 966 2166
f 331 2110 3346
f 1676 331 3346
f 3347 748 2661
f 3347 2257 748
f 2896 3348 3565
f 580 3348 2896
f 226 3349 69
f 1979 3559 226
f 262 2781 3350
f 262 3350 3295
f 1863 3351 1860
f 3351 2762 1860
f 3352 1231 1885
f 3883 1274 1231
f 2819 3353 254
f 254 3353 2769
f 388 3711 3354
f 2205 388 3354
f 2254 3355 124
f 856 3927 2254
f 3315 3356 901
f 3356 1786 901
f 1034 3357 727
f 3357 2725 727
f 1698 2854 3358
f 3358 2229 1698
f 3359 1398 994
f 3359 3023 1398
f 503 3360 1489
f 854 1489 3360
f 3361 1683 3666
f 3361 1301 1683
f 140 3362 2537
f 3362 494 2537
f 542 3500 3363
f 3363 2193 542
f 805 3364 2322
f 805 4310 3364
f 3328 3365 1070
f 3365 3620 1070
f 117 3325 3366
f 3366 342 117
f 213 3216 3367
f 3644 213 3367
f 2833 1816 3368
f 1816 1142 3368
f 3297 1205 3369
f 3369 1205 3035
f 1641 3370 2940
f 1641 3904 3370
f 3371 312 2618
f 1831 312 3371
f 3784 3372 231
f 3372 1191 231
f 2041 3 3373
f 3 504 3373
f 2620 3827 958
f 3827 2976 958
f 604 3375 1834
f 4180 1834 3375
f 1412 2866 3376
f 4307 3376 2939
f 3196 666 3377
f 666 98 3377
f 3949 1486 3378
f 1486 2918 3378
f 1120 3379 1835
f 132 1835 3379
f 3380 1890 735
f 4150 735 3375
f 2277 3381 2500
f 2500 3381 1177
f 3382 172 3805
f 462 172 3382
f 3383 29 120
f 4372 3390 3658
f 39 434 3384
f 3384 675 39
f 520 2226 3385
f 3385 517 520
f 420 3386 1738
f 610 1738 3386
f 33 1326 3387
f 33 3387 3084
f 3388 2812 927
f 2812 3388 3892
f 3389 1555 2119
f 2439 1555 3389
f 3390 3383 3658
f 3383 3390 2244
f 2837 1696 3391
f 1696 560 4169
f 963 3392 3082
f 963 1850 3392
f 3680 263 3393
f 3393 1837 3680
f 3386 3394 1531
f 3550 1531 3394
f 3395 2989 3104
f 1007 2989 3395
f 1279 1493 3396
f 3875 1279 3640
f 3397 2190 3663
f 3397 1716 2190
f 3398 1438 430
f 4051 430 3449
f 18 592 3399
f 1846 3399 592
f 1570 478 3400
f 478 3693 3400
f 1317 2985 3401
f 935 1317 3401
f 3402 3578 323
f 2331 3402 323
f 982 2810 3403
f 2875 3403 3753
f 1125 3964 3404
f 1125 3783 1561
f 1117 647 3405
f 3401 3405 647
f 710 3406 1158
f 2535 3406 710
f 2083 134 3407
f 3407 2510 2083
f 734 2992 3408
f 3408 1542 734
f 671 3409 2225
f 4360 4000 3409
f 27 3410 2731
f 2731 3410 1689
f 3411 3417 2803
f 2728 85 3411
f 3412 2237 185
f 3412 185 1065
f 3408 3413 1542
f 3413 2593 1542
f 275 2373 3414
f 1152 275 3414
f 3415 2326 623
f 3415 623 3042
f 3416 12 667
f 1999 3416 667
f 3411 85 3417
f 85 731 3417
f 3150 3418 417
f 3889 417 3418
f 761 2426 3419
f 4286 3419 2426
f 2477 3420 274
f 3586 274 3420
f 2969 1384 3421
f 1971 2969 3421
f 3063 1529 3422
f 1529 699 3422
f 3224 828 3423
f 3700 3697 2024
f 2822 3424 1222
f 1222 3424 3420
f 1558 3425 2814
f 1197 3425 1558
f 3426 115 1811
f 1811 968 3426
f 3427 1094 1915
f 1094 3427 2397
f 2173 3428 1840
f 1840 3428 1847
f 3429 1136 1906
f 1136 3429 3434
f 1328 3430 1439
f 1328 517 3430
f 2488 3168 3431
f 2488 3431 1498
f 1626 3432 557
f 3432 1626 820
f 2135 3433 113
f 3433 3436 113
f 3224 326 3434
f 3434 755 3224
f 3435 1512 310
f 310 3048 3535
f 3436 1179 3112
f 3433 1179 3436
f 3437 1669 322
f 2759 1669 3437
f 1102 2666 3438
f 2666 582 3438
f 1551 3439 1374
f 3439 4058 1374
f 1356 947 3440
f 3440 3445 883
f 3871 3441 456
f 3441 3667 456
f 1308 2845 3442
f 4353 3442 4053
f 1427 2011 3443
f 3443 1272 1427
f 314 790 3444
f 3451 3444 3256
f 947 3445 3440
f 947 548 3445
f 3248 1026 3446
f 2733 3446 1026
f 3786 3447 1355
f 1355 3447 4074
f 3448 1973 600
f 3448 1766 1973
f 2280 4051 3449
f 2280 3449 784
f 641 3450 296
f 3450 1388 3571
f 314 3444 3451
f 2778 314 3451
f 3452 2269 1001
f 3452 683 2269
f 3453 494 2823
f 2537 494 3453
f 2923 2176 3454
f 821 2923 3454
f 4246 1135 3455
f 1135 3173 3455
f 1235 1243 3456
f 1235 3456 1664
f 2466 1300 3457
f 3457 1300 1414
f 1370 466 3458
f 3458 466 178
f 3459 1317 935
f 1206 3459 935
f 2931 794 3460
f 562 2931 3460
f 409 3461 192
f 3461 409 887
f 3462 284 4180
f 1169 284 3462
f 3463 1114 559
f 2019 3463 559
f 1470 732 3464
f 3867 1470 3464
f 702 146 3465
f 2387 3465 146
f 3466 1873 271
f 2743 3466 271
f 1012 2457 3467
f 2457 187 3467
f 3468 627 1159
f 1337 3468 1159
f 3469 2974 1887
f 1887 2302 4210
f 4287 3470 2394
f 2394 3470 3441
f 2563 877 3471
f 1241 3471 877
f 1061 3472 2035
f 247 3472 1061
f 3473 207 1857
f 3873 3473 1857
f 3474 617 831
f 603 3474 831
f 2044 3475 1548
f 1548 3475 3065
f 3073 3476 1680
f 1680 3476 929
f 1640 3477 2677
f 1750 2677 3477
f 473 3478 3472
f 3074 3478 473
f 1320 110 3479
f 3479 110 3238
f 1248 3480 3794
f 914 1759 3480
f 4318 3481 3468
f 1093 1586 3481
f 1706 3482 719
f 3482 1054 719
f 1536 3483 1693
f 1044 1693 3483
f 3484 779 1652
f 1533 3484 1652
f 3485 781 2789
f 306 3622 3485
f 1028 3486 3754
f 2799 2793 3486
f 1144 3487 2028
f 3052 3487 1144
f 2159 3488 2447
f 3727 2447 3488
f 3070 3489 684
f 684 3489 3766
f 786 4115 3490
f 2911 786 3496
f 3491 1315 2503
f 3491 2503 3497
f 3492 1536 1693
f 3492 3342 1536
f 3493 631 2432
f 184 631 3493
f 1183 3494 3201
f 3494 454 3201
f 3495 1633 1442
f 1442 2004 3495
f 3496 3490 3068
f 3496 786 3490
f 2329 3491 3497
f 672 2329 3497
f 1523 3498 2096
f 2096 3498 4231
f 1183 3201 3499
f 1890 1183 3499
f 1785 3363 3500
f 116 1785 3500
f 1722 3399 3501
f 2910 1722 3501
f 45 2360 3502
f 3502 3495 45
f 55 3503 803
f 3474 3503 55
f 2463 2409 3504
f 2409 256 4110
f 3505 2888 886
f 3505 948 2888
f 3506 2065 669
f 2059 2065 3506
f 3507 2027 289
f 289 1024 3507
f 3508 173 1836
f 3508 2611 173
f 785 4129 3509
f 3509 1638 785
f 3385 2226 3510
f 2226 3835 3510
f 990 3040 3511
f 3040 1110 3511
f 3512 2090 3709
f 2106 2090 3512
f 2823 1526 3513
f 3513 1526 2356
f 3514 178 1499
f 1573 3514 3518
f 3515 143 838
f 1382 3522 838
f 2546 3516 866
f 866 3516 809
f 3517 2921 954
f 2077 3517 954
f 3518 1499 3763
f 3514 1499 3518
f 580 3519 3348
f 1842 3519 580
f 1289 2047 3520
f 2827 1289 3520
f 3521 292 299
f 3521 299 2638
f 3534 3515 3522
f 3522 3515 838
f 2755 1227 3523
f 2873 3523 1227
f 2177 3524 3646
f 869 3524 1424
f 3529 3525 2764
f 629 3525 792
f 1602 3526 2797
f 3526 1734 2797
f 200 4285 3527
f 3527 204 2197
f 3528 1382 2523
f 3528 3522 1382
f 998 792 3529
f 3529 792 3525
f 3530 691 1783
f 3530 2040 691
f 2713 3708 3531
f 1734 2713 3531
f 1395 3532 2101
f 2101 3532 1257
f 3533 1986 1992
f 3533 2412 1986
f 3298 3513 3534
f 3298 3534 17
f 310 3535 3435
f 3535 1290 3435
f 3536 3518 462
f 3982 462 997
f 2763 2011 3537
f 2011 1427 3537
f 1299 3538 345
f 477 3538 1299
f 3539 21 2014
f 2439 21 3539
f 1016 3540 1925
f 1021 3540 3549
f 2618 677 3541
f 3543 3541 677
f 2288 3542 2507
f 3542 3160 2507
f 3543 3048 3541
f 3048 3543 515
f 2070 3548 3544
f 3550 864 239
f 9 3545 17
f 1000 3545 9
f 3546 2972 2291
f 824 2972 3546
f 481 3547 2272
f 481 4064 4368
f 3544 3548 864
f 3548 3599 864
f 3549 1016 3890
f 3540 1016 3549
f 3544 864 3550
f 3550 3394 3544
f 3551 391 2258
f 391 3551 1301
f 1386 2612 3552
f 3552 2612 2732
f 371 3553 1146
f 1146 3553 2252
f 180 381 3554
f 4339 381 1056
f 1307 736 3555
f 3032 1307 3555
f 3556 3552 721
f 1914 3556 721
f 3557 432 1791
f 3557 4353 4053
f 148 3558 918
f 918 3558 2445
f 3559 3349 226
f 822 3349 3559
f 3022 3560 394
f 3560 2835 394
f 3561 2395 3970
f 837 2395 3561
f 3562 1582 2455
f 40 3562 2455
f 2015 2649 3563
f 2649 881 3563
f 1789 1063 3564
f 2028 3564 1063
f 1311 3565 1744
f 2896 3565 1311
f 3566 2274 203
f 3969 3566 203
f 2124 3567 2335
f 1239 2335 3567
f 3270 3568 370
f 3568 1927 370
f 1967 3231 3569
f 1967 3569 3032
f 1416 730 3570
f 3570 730 1120
f 3450 3571 296
f 3571 1921 296
f 3342 3572 807
f 3572 3369 807
f 3573 1686 2431
f 3973 1686 3573
f 1015 2945 3574
f 1015 3574 285
f 816 3454 3575
f 816 3575 3901
f 1446 1948 3576
f 1948 890 3823
f 3930 3577 1293
f 1293 3577 2882
f 3578 2268 323
f 3578 846 2268
f 3579 1357 1364
f 3823 3579 1364
f 870 1237 3580
f 3390 3580 1237
f 3581 2405 156
f 653 3581 156
f 1945 2438 3582
f 1105 3582 2438
f 4286 3583 70
f 3583 1922 70
f 1494 75 3584
f 3587 2112 3731
f 3585 2685 235
f 3585 235 3402
f 1562 3581 3586
f 3586 1951 1562
f 75 2049 3587
f 3584 75 3587
f 3588 1331 2446
f 2446 4111 3588
f 3589 3806 2206
f 3593 3691 1356
f 1112 2765 3590
f 1932 1112 3590
f 3591 279 2559
f 3278 279 3591
f 269 3592 720
f 3592 2592 720
f 3589 3593 1356
f 2786 3593 3589
f 112 3594 936
f 699 3594 112
f 456 3667 3595
f 917 3863 3868
f 3596 3248 504
f 3 3596 504
f 3597 815 2517
f 2995 815 3597
f 1013 3598 3606
f 3598 1013 1929
f 3599 1338 18
f 239 3599 18
f 4149 3600 265
f 265 3600 3114
f 3601 2951 867
f 3601 867 2870
f 3602 1772 1832
f 1507 1772 3602
f 3595 1824 3603
f 1824 3592 3603
f 2194 475 3604
f 4331 3317 3604
f 2105 3605 1821
f 2105 2103 3605
f 1009 2271 3606
f 1013 3606 2271
f 1487 2530 3607
f 3919 1487 3607
f 2116 3608 3469
f 2116 519 3608
f 808 3898 3609
f 3856 808 3609
f 2979 63 3610
f 2979 3610 397
f 1585 2493 3611
f 2493 1359 3611
f 1965 3570 3612
f 876 1965 3612
f 505 1517 3613
f 4344 1517 2617
f 894 3614 1634
f 2511 3614 894
f 3615 159 2315
f 1021 3615 2315
f 3065 1727 3616
f 3616 1727 1523
f 1073 3617 374
f 3617 4142 4155
f 1263 3618 3034
f 410 3618 1263
f 2465 646 3619
f 646 2359 3862
f 1030 2998 3620
f 3620 2998 196
f 3621 2874 2867
f 3626 2874 3621
f 1466 781 3622
f 3622 781 3485
f 2393 3623 1396
f 3623 359 1396
f 685 3624 384
f 685 1725 3624
f 4145 798 3625
f 798 2999 3625
f 3473 3626 782
f 3626 3621 782
f 529 3627 1031
f 529 2648 3627
f 885 252 3628
f 885 3628 2712
f 1612 2442 3629
f 3629 2442 743
f 1053 3630 2883
f 2883 3630 332
f 1905 3631 3967
f 2272 3631 1905
f 325 3632 1204
f 4179 3632 325
f 4291 3633 1271
f 3633 2781 1271
f 693 2787 3634
f 712 3634 2787
f 3635 1708 2370
f 3630 1708 3635
f 3636 825 2375
f 2383 825 3636
f 2738 341 3637
f 341 2259 3637
f 3638 2051 2544
f 2051 3638 2917
f 329 3073 3639
f 1666 329 3639
f 1279 3396 3640
f 234 3640 3396
f 693 3641 696
f 1714 696 3641
f 3642 1473 183
f 2919 3642 183
f 3643 1619 3297
f 426 3643 3297
f 2872 3644 3195
f 2872 1357 3644
f 2852 3645 1509
f 3739 1311 3743
f 3737 3646 869
f 869 3646 3524
f 525 3647 3302
f 3047 3714 3718
f 3648 465 1478
f 3274 3648 1478
f 569 3649 2247
f 2247 3649 206
f 1203 3650 2569
f 1095 3650 1203
f 2857 3651 4074
f 2857 1985 3651
f 897 3652 1495
f 1495 3652 2201
f 1030 3653 2998
f 1030 1958 3653
f 1450 1196 3654
f 3654 3649 1450
f 3655 338 1524
f 1524 3664 3655
f 701 3656 1946
f 1946 3786 716
f 367 497 3657
f 497 2618 3657
f 3658 120 479
f 3658 3383 120
f 789 3659 3194
f 3651 3659 789
f 1994 73 3660
f 73 3030 3660
f 3214 3661 125
f 1578 3661 3214
f 1039 3662 2726
f 2726 3662 917
f 1997 3663 2292
f 2292 3663 1270
f 2627 1163 3664
f 1524 2627 3664
f 1879 333 3665
f 369 1879 3665
f 3666 770 2581
f 2581 3471 3666
f 2726 917 3667
f 3667 917 3868
f 3659 3668 1481
f 2136 4352 3668
f 3237 3669 1137
f 1137 3669 2739
f 3670 1368 3001
f 1368 3670 3225
f 1902 3671 4105
f 1902 834 3671
f 3672 4188 1545
f 2044 3672 1545
f 1309 4098 3673
f 1309 3675 1688
f 1449 3674 2018
f 1232 2018 3674
f 3675 3673 2422
f 3673 3675 1309
f 681 3676 1921
f 3676 681 4
f 2108 282 3677
f 2108 3677 2665
f 3678 2348 511
f 3678 1019 2348
f 1145 2188 3679
f 3679 2188 847
f 3680 401 263
f 899 401 3680
f 482 3681 4267
f 1161 4295 414
f 2660 3682 1616
f 3682 2181 3687
f 3678 5 3683
f 3683 5 2845
f 2349 3684 4223
f 3307 3684 2349
f 897 3685 1906
f 3685 3790 1906
f 3686 129 1418
f 129 3686 2350
f 1616 3682 3687
f 1616 3687 783
f 37 3688 1182
f 3688 2624 1182
f 3689 1423 2579
f 3689 1014 1423
f 3693 3690 3400
f 3690 1082 2365
f 3593 348 3691
f 3793 3691 348
f 186 2628 3692
f 3005 186 3692
f 3693 4304 1082
f 3690 3693 1082
f 3694 2819 254
f 2481 2819 3694
f 1645 3477 3695
f 412 1645 3695
f 1593 3696 1715
f 3696 4092 94
f 3423 828 3697
f 828 491 3697
f 3698 399 2646
f 3698 1363 399
f 3100 3699 680
f 3100 823 3699
f 3423 3697 3700
f 3215 3423 3700
f 2227 3701 642
f 2471 3701 2227
f 4320 3702 1291
f 3702 3841 1291
f 272 3703 1733
f 272 2088 3703
f 3704 2807 1400
f 1743 3704 1400
f 128 2277 3705
f 2036 128 3705
f 1479 1598 3706
f 2777 1479 3706
f 3205 3707 366
f 3707 3279 366
f 1604 3714 3708
f 2713 1604 3708
f 3512 3709 4197
f 64 3709 3735
f 3710 522 1883
f 3710 1944 522
f 3711 3002 593
f 388 3002 3711
f 1568 1588 3712
f 3712 4205 1585
f 3713 3738 463
f 3713 1996 787
f 1604 3647 3714
f 3647 3718 3714
f 855 3715 2067
f 2067 3715 3321
f 3716 1134 716
f 547 1134 3716
f 1296 3717 1799
f 1799 3717 1300
f 3767 3718 525
f 3647 525 3718
f 2961 3719 1276
f 1276 3719 2683
f 3510 3720 1212
f 3720 3189 1212
f 2163 2634 3721
f 3721 583 2163
f 1895 3722 1282
f 3415 1282 3722
f 2676 3723 138
f 1571 3723 2676
f 2834 1928 3724
f 1928 1798 3724
f 3725 2915 3840
f 3725 2135 2915
f 3726 3528 2082
f 847 3726 2082
f 3488 620 3727
f 620 629 3727
f 2676 138 3728
f 3728 138 757
f 349 2941 3729
f 3729 2941 2469
f 3296 3730 1957
f 1825 1957 3730
f 3584 3587 3731
f 3584 3731 1343
f 2576 3732 767
f 3732 2611 767
f 3733 3271 2237
f 3412 3733 2237
f 2158 4253 3734
f 2158 3734 1243
f 76 3735 3739
f 64 3735 76
f 822 3736 4170
f 4026 3736 822
f 3737 3362 140
f 2461 3737 140
f 3738 787 1480
f 3713 787 3738
f 3645 3739 3743
f 76 3739 3645
f 287 1553 3740
f 1553 482 3740
f 1103 1230 3741
f 3741 1230 2715
f 992 3742 3168
f 992 2420 3742
f 3743 940 1509
f 3645 3743 1509
f 1078 1980 3744
f 1980 2262 3744
f 2374 3745 1057
f 3745 700 1057
f 3746 2935 565
f 565 1538 3746
f 2038 3157 3747
f 875 2038 3747
f 1339 3748 4233
f 727 3748 1339
f 2762 78 3749
f 78 442 3749
f 3760 2495 3750
f 965 3750 457
f 3751 1117 1338
f 3599 3751 1338
f 3741 1893 3752
f 1893 1570 3752
f 2810 1066 3753
f 3753 3403 2810
f 3754 2793 1085
f 2793 3754 3486
f 3816 3755 1806
f 3759 1064 4220
f 467 3756 1828
f 3766 1828 3756
f 975 969 3757
f 1705 975 3757
f 3758 57 2145
f 2145 2991 3758
f 3755 3759 1806
f 759 3759 3755
f 965 3757 3760
f 3750 965 3760
f 3761 4054 644
f 141 3761 2851
f 3762 116 4147
f 1785 116 3762
f 3763 588 608
f 1499 588 3763
f 3764 3589 793
f 1896 3764 793
f 2478 739 3765
f 3765 739 433
f 3766 1044 1828
f 3766 1693 1044
f 1709 3767 4208
f 2156 3767 1709
f 3768 1551 4027
f 2638 1551 3768
f 2867 1210 3769
f 1210 368 3769
f 3473 3770 207
f 4232 207 3770
f 3778 820 3771
f 2629 3771 3833
f 2107 1717 3772
f 1728 3772 1717
f 218 4035 3773
f 3773 3768 218
f 3774 1711 1047
f 3774 45 1711
f 2078 3775 1851
f 3775 3765 1851
f 3776 673 3923
f 3776 3779 673
f 3385 1920 3777
f 1920 3683 3777
f 406 3778 2629
f 3778 3771 2629
f 2003 2229 3779
f 3776 2003 3779
f 3780 2457 1012
f 3244 3780 1012
f 801 3781 2492
f 2492 3781 3291
f 3782 784 2416
f 3782 2280 784
f 1125 3404 3783
f 3404 1130 3783
f 3796 3784 1270
f 3784 742 1653
f 4089 2613 3785
f 3785 2613 903
f 3786 3656 3447
f 1946 3656 3786
f 3787 563 2966
f 2949 563 3787
f 3788 3078 1998
f 1214 3078 3788
f 3789 2930 1473
f 3789 3977 2930
f 3790 382 3429
f 3790 2460 382
f 3791 1152 1336
f 2399 3933 3791
f 3792 610 3386
f 1493 610 3792
f 876 3612 3793
f 876 3793 348
f 3480 1759 3794
f 3794 1759 2986
f 2858 3795 773
f 3795 1277 773
f 3796 2190 742
f 3796 742 3784
f 3797 3572 3342
f 3492 3797 3342
f 3798 1141 2367
f 1483 3798 2367
f 3799 350 2038
f 2842 350 3799
f 3800 196 1981
f 3800 1981 997
f 2389 48 3801
f 48 1704 3801
f 2864 2858 3802
f 3802 2858 3812
f 3174 858 3803
f 3803 858 2129
f 199 3804 1522
f 1522 3804 263
f 3805 4284 1516
f 1516 1452 3805
f 3589 1356 3806
f 3806 1356 3440
f 3807 2166 354
f 2166 3807 2161
f 574 1665 3808
f 3940 3808 1665
f 3809 779 3484
f 3809 2651 779
f 2031 3810 1020
f 2332 3810 2031
f 3811 688 2146
f 2252 3811 2146
f 2858 773 3812
f 3812 773 1466
f 1528 3603 3813
f 2899 1528 3813
f 3814 3809 2336
f 3108 3814 2336
f 1762 970 3815
f 3820 1780 1762
f 1806 90 3816
f 3816 90 4172
f 2522 577 3817
f 3817 577 4324
f 1238 1358 3818
f 3818 1358 2164
f 3819 3824 509
f 3819 509 424
f 3820 3815 1318
f 1762 3815 3820
f 2063 844 3821
f 3821 844 1978
f 2536 985 3822
f 2536 3822 3433
f 3823 1364 3576
f 1948 3823 3576
f 3824 626 1474
f 509 3824 1474
f 1909 3825 1157
f 1157 3825 2059
f 3087 396 3826
f 3087 3826 1568
f 2245 3374 3827
f 3374 2976 3827
f 3828 210 908
f 1375 210 3828
f 1266 3829 2844
f 418 3829 3863
f 3830 890 2413
f 880 3830 2413
f 3831 4202 594
f 3822 3831 594
f 1904 3832 1831
f 3832 3546 1831
f 3771 2358 3833
f 3833 2358 2594
f 3834 1947 2046
f 3834 1379 1947
f 938 3182 3835
f 3835 3182 3510
f 576 3834 3836
f 576 3836 2839
f 1111 3837 2140
f 2140 3837 3043
f 1571 24 3838
f 24 4014 3838
f 3564 3839 421
f 3839 59 421
f 3840 1247 2995
f 3840 2915 1247
f 2734 3841 3702
f 2243 3841 2734
f 3842 93 712
f 712 2787 3842
f 2478 3843 739
f 883 3843 2478
f 3844 3240 1841
f 1091 3844 1841
f 4172 2628 3845
f 158 1867 3845
f 3846 4154 518
f 4162 3846 518
f 2028 2061 3847
f 1144 2028 3847
f 2334 3840 3848
f 2334 3848 2075
f 1966 3849 2541
f 3849 449 2541
f 2641 1056 3850
f 1505 2641 3850
f 2339 2338 3851
f 3851 2338 91
f 1310 1011 3852
f 2164 1310 3852
f 3853 1926 2811
f 2983 3853 2811
f 3854 2112 2830
f 3854 3731 2112
f 3939 280 3855
f 2473 3855 280
f 3856 3609 1011
f 1310 3856 1011
f 860 1589 3857
f 249 860 3857
f 2010 3858 2913
f 3178 3858 2010
f 3998 3859 92
f 92 3859 3505
f 3217 3860 3236
f 4059 3236 3860
f 1236 2722 3861
f 1304 1236 3861
f 646 3862 3619
f 3619 3862 1834
f 3829 1266 3863
f 3863 1266 3868
f 3864 2709 1932
f 2714 2709 3864
f 2145 57 3865
f 1963 3865 57
f 2855 3866 2484
f 2484 4167 281
f 3867 4150 604
f 3862 3867 604
f 3667 3868 3595
f 3595 3868 1824
f 967 3869 3746
f 967 3902 3981
f 976 3870 1214
f 976 1297 3870
f 2899 1727 3871
f 3871 456 2899
f 1049 3872 2968
f 2902 3872 1049
f 293 3473 3873
f 3981 293 3873
f 3874 111 3003
f 3003 2258 3874
f 3880 3875 1760
f 1760 3875 3640
f 1775 2380 3876
f 3876 2380 1960
f 1656 3877 990
f 3877 1656 3406
f 3878 1185 700
f 4242 700 3745
f 2502 3879 1285
f 3879 2838 1285
f 4240 3880 52
f 3880 1760 52
f 4178 3881 1113
f 1113 3881 2483
f 1106 613 3882
f 4124 613 1576
f 69 3883 3352
f 3352 3883 1231
f 1185 3452 3884
f 700 1185 3884
f 3885 2236 380
f 3885 813 2236
f 1217 2076 3886
f 2076 3081 3886
f 3892 3887 4168
f 4240 52 2060
f 3888 1451 1944
f 889 3888 1944
f 417 3889 1968
f 1968 3889 2130
f 2327 3890 1150
f 1150 3890 416
f 1839 326 3891
f 3224 3891 326
f 3892 4168 440
f 2812 3892 440
f 3893 177 2127
f 2903 177 3893
f 1326 3894 885
f 1326 2645 3894
f 2690 3895 1580
f 3895 2822 1580
f 2218 827 3896
f 827 4156 3896
f 3897 2127 884
f 3893 2127 3897
f 3898 56 2855
f 3898 2855 3609
f 301 2187 3899
f 3899 2187 1352
f 82 2590 3900
f 3900 2590 3906
f 2109 816 3901
f 886 2109 3910
f 298 1757 3902
f 3981 3902 1757
f 3903 1929 4363
f 3903 2804 1929
f 2034 1228 3904
f 2034 3904 1641
f 611 3162 3905
f 3117 611 3905
f 1226 3906 2590
f 3906 1226 41
f 4227 3907 871
f 871 3907 874
f 3903 2428 3908
f 3908 2428 1194
f 3909 3145 28
f 989 3145 3909
f 3910 2109 3901
f 3910 3901 1880
f 1751 3911 3083
f 368 3911 1751
f 2530 3912 1435
f 2615 1435 3912
f 3908 1194 3913
f 3913 1194 926
f 1514 3914 2326
f 3914 623 2326
f 934 1783 3915
f 2197 3915 4208
f 2604 3916 2085
f 419 3916 2604
f 3917 3172 596
f 3172 3917 1268
f 415 676 3918
f 3918 676 3107
f 896 1864 3919
f 834 896 3919
f 1627 3920 2177
f 3920 1627 3917
f 192 3461 3921
f 2318 192 3921
f 2330 3922 3971
f 3922 2330 3914
f 673 1253 3923
f 3947 1253 1901
f 3373 3924 2041
f 1327 2041 3924
f 3355 1825 3925
f 1825 3730 3925
f 2642 3256 3926
f 3444 3926 3256
f 3355 3927 1825
f 2254 3927 3355
f 1467 832 3928
f 1467 3928 2301
f 3929 505 4340
f 1608 505 3929
f 924 3930 2623
f 3930 1293 2623
f 3312 1067 3931
f 3312 3931 3939
f 3932 3493 1275
f 3932 1275 2288
f 3933 1152 3791
f 1643 1152 3933
f 3934 2134 1537
f 4225 3934 1537
f 2450 663 3935
f 3935 663 3774
f 3936 1032 1160
f 307 1032 3936
f 3937 985 2536
f 4312 985 3937
f 378 3938 68
f 794 3938 378
f 3312 3939 215
f 2059 215 3939
f 3940 1665 3987
f 2400 3990 162
f 1694 3620 3941
f 1225 1694 3941
f 3942 2054 2030
f 3942 2487 2054
f 1244 175 3943
f 930 1244 3943
f 3944 1173 2528
f 1225 1173 3944
f 2586 1425 3945
f 3746 2586 3945
f 3946 2955 1464
f 3946 2062 2955
f 1665 3923 3947
f 3947 3923 1253
f 966 3948 3345
f 971 3345 3948
f 3378 2107 3949
f 3205 3949 2107
f 1618 2516 3950
f 3950 2516 3586
f 483 1360 3951
f 483 3951 3892
f 4365 1050 3952
f 3952 1050 2868
f 3953 1597 796
f 4347 1597 3953
f 3954 3950 653
f 3954 653 1365
f 3947 1901 3955
f 3955 1901 3196
f 3031 3956 931
f 3031 2284 3956
f 179 3044 3957
f 995 3957 3044
f 3761 1272 3958
f 3293 3958 1272
f 13 3959 1763
f 3924 3959 13
f 422 3960 609
f 3960 422 2220
f 3961 2395 837
f 3961 837 168
f 2600 3962 856
f 856 3962 3927
f 3963 349 1387
f 3963 1387 1480
f 2185 564 3964
f 3964 1059 2185
f 3965 2272 1905
f 474 2272 3965
f 3584 1343 3966
f 881 3966 1343
f 1938 384 3967
f 3967 384 2048
f 3968 506 4207
f 506 3968 4241
f 1261 3969 2111
f 4030 3969 1261
f 3970 4006 503
f 3970 503 2251
f 135 3971 2332
f 3971 1007 2332
f 3972 1348 2344
f 2344 238 3972
f 1611 2256 3973
f 4049 1611 3973
f 1413 3974 2429
f 1413 615 3974
f 2602 84 3975
f 84 2294 3975
f 3976 3338 1132
f 3976 983 3338
f 3977 3092 3180
f 125 3092 3977
f 1054 2130 3978
f 3978 2130 3139
f 285 1309 3979
f 1369 285 3979
f 2635 3980 103
f 3232 103 3980
f 967 3981 3869
f 3981 3873 3869
f 3982 3536 462
f 3536 3982 1573
f 3983 678 4151
f 3983 3955 678
f 3984 3921 941
f 3984 941 3106
f 322 1865 3985
f 3437 322 3985
f 3994 3285 3986
f 3285 148 3986
f 3940 3987 162
f 3987 3955 162
f 3053 268 3988
f 268 2156 3988
f 1660 3996 3989
f 3829 3989 101
f 4300 3940 3990
f 3940 162 3990
f 3991 2016 1910
f 3417 2016 3991
f 2340 3992 545
f 1352 545 3992
f 3993 2780 383
f 1776 2780 3993
f 3994 3986 819
f 2075 3994 819
f 479 3995 3136
f 3136 3995 2521
f 3989 3996 101
f 101 3996 4313
f 980 1394 3997
f 228 980 3997
f 1403 246 3998
f 3998 246 3859
f 1972 3999 749
f 749 4009 3037
f 4000 1769 2225
f 4000 2225 3409
f 1699 225 4001
f 4001 166 1699
f 4002 77 1535
f 2702 4002 1535
f 4003 836 2514
f 2102 836 4003
f 160 4004 3359
f 96 4004 160
f 2792 4005 1126
f 4014 4117 2751
f 4006 900 2337
f 4006 2337 1284
f 2686 4007 977
f 4004 977 4007
f 2703 389 4008
f 3997 4008 389
f 3999 4009 749
f 3999 109 4291
f 3337 4330 4010
f 1219 3337 4010
f 193 4011 2091
f 4011 2979 2091
f 1744 1240 4012
f 4016 1744 4012
f 345 2808 4013
f 345 4013 1998
f 24 1126 4014
f 1126 4117 4014
f 4015 2353 1493
f 4015 4263 2353
f 940 4016 2073
f 4016 4012 2073
f 225 4017 991
f 3219 991 4017
f 423 2004 4018
f 2524 423 4023
f 1756 4019 2533
f 419 4019 1756
f 3922 1003 4020
f 1003 3512 4020
f 1769 2240 4021
f 3736 4021 2240
f 4022 843 1618
f 4022 1618 3954
f 423 4018 4023
f 4023 4018 4266
f 818 3397 4024
f 3271 818 4024
f 1377 4025 555
f 4025 2967 555
f 1773 4021 4026
f 1773 4026 1979
f 4027 4031 277
f 4027 277 1958
f 4028 3011 840
f 536 3011 4028
f 4029 926 4121
f 3913 926 4029
f 1569 4030 1261
f 3857 4030 1569
f 277 4031 1370
f 4031 1078 1370
f 4032 4211 1192
f 1192 4250 4032
f 2392 4033 1421
f 4033 1303 1421
f 1029 4034 1323
f 1323 4034 3835
f 2934 1175 4035
f 218 2934 4035
f 4036 150 2676
f 1023 150 4036
f 875 3747 4037
f 875 4037 167
f 3089 484 4038
f 4043 484 2794
f 3320 1149 4039
f 1149 2009 4039
f 4040 163 1771
f 2269 163 4040
f 1881 211 4041
f 4041 211 3707
f 1764 4042 1170
f 1170 4042 2771
f 4038 4043 3615
f 4038 484 4043
f 65 4044 801
f 1775 4044 65
f 1731 573 4045
f 1731 4045 3252
f 4046 463 2284
f 4046 1211 463
f 3482 1162 4047
f 1674 4047 1162
f 255 4048 1640
f 1640 4048 3477
f 1577 1611 4049
f 3938 1577 4049
f 1380 4050 158
f 4057 1867 158
f 936 3398 4051
f 4051 3398 430
f 4052 4046 1556
f 2720 4052 1556
f 3557 4053 432
f 4053 2395 432
f 4054 3761 141
f 3277 4054 141
f 2498 2094 4055
f 2752 4055 2094
f 257 1306 4056
f 1306 4204 4056
f 4050 4057 158
f 2501 4057 4050
f 4058 4164 3283
f 1374 4058 3283
f 4059 3860 638
f 638 2952 4059
f 1914 4060 763
f 763 4060 4359
f 4061 1349 2452
f 1006 1349 4061
f 2869 4062 812
f 812 4062 3088
f 4063 168 1319
f 1977 4063 1319
f 1969 4064 445
f 1969 749 4064
f 1347 2620 4065
f 4065 2620 958
f 1140 2191 4066
f 508 4066 2191
f 2701 2059 4072
f 3978 2701 4072
f 4068 2321 243
f 2321 4068 3497
f 4069 1888 1091
f 97 1888 4069
f 4070 1836 1508
f 2209 4070 1508
f 4111 4071 902
f 902 4071 1641
f 3978 4072 4067
f 3825 4067 4072
f 71 4344 4073
f 1487 71 4073
f 2456 4074 429
f 4074 3651 429
f 1492 4075 2200
f 1492 3975 4075
f 1770 4076 1764
f 1770 2199 4076
f 3771 4077 2358
f 4077 572 2358
f 4078 1802 2542
f 4078 2542 3025
f 585 4297 4079
f 4079 149 3990
f 259 4235 4080
f 4076 259 4080
f 4081 3031 931
f 3677 4081 931
f 1 4082 693
f 693 4082 3641
f 3197 1119 4083
f 2061 4083 1119
f 2815 4084 772
f 2815 2950 4084
f 4085 2777 2195
f 2195 1576 4085
f 4086 2239 2646
f 62 2239 4086
f 4087 119 1519
f 3478 119 4087
f 4088 679 1351
f 679 4088 3191
f 195 2633 4089
f 4089 2633 69
f 4121 458 4090
f 4090 458 2759
f 4091 3303 1288
f 2502 4091 1288
f 1593 4092 3696
f 2589 4092 1593
f 4315 2021 4093
f 2692 4093 2021
f 553 4094 1941
f 1567 1941 4094
f 351 4095 1197
f 4095 3611 1197
f 3642 4096 1473
f 4096 3789 1473
f 4097 2528 649
f 4097 649 2928
f 4098 298 3673
f 4098 3686 298
f 4099 87 1424
f 87 4099 1432
f 427 4100 3914
f 357 4100 427
f 1223 4101 16
f 16 4101 3012
f 4102 2440 455
f 746 2440 4102
f 4103 1302 2587
f 2628 1302 4103
f 3125 4104 2869
f 3125 498 4104
f 4105 3671 1614
f 512 4105 4108
f 16 3012 4106
f 4106 3012 1677
f 4068 243 4107
f 4107 243 3334
f 4108 1614 1575
f 4108 4105 1614
f 1803 4109 4288
f 4109 1803 4102
f 3504 4110 3957
f 3504 2409 4110
f 1324 4104 4111
f 4111 672 1324
f 4112 2331 2216
f 4112 2216 4108
f 2342 4113 943
f 4113 2342 1851
f 2592 3207 4114
f 720 2592 4114
f 886 321 4115
f 3505 886 4115
f 2640 4116 30
f 30 4120 2857
f 4117 4005 2254
f 1126 4005 4117
f 3791 1336 4118
f 1336 3084 4118
f 118 3330 4119
f 4119 3330 1766
f 4116 4120 30
f 4116 1537 4120
f 4121 926 2117
f 4121 2117 458
f 4122 2559 3856
f 3591 2559 4122
f 3905 1444 4123
f 1444 3038 4123
f 3882 613 4124
f 2383 3882 4124
f 4125 2192 32
f 4125 32 1460
f 4126 2647 1815
f 4126 1815 4248
f 431 4266 4127
f 4127 702 431
f 139 2609 4128
f 4128 2609 1897
f 89 4129 2944
f 346 2944 4129
f 3128 1164 4130
f 4134 1164 2933
f 1274 4131 496
f 496 4131 2300
f 2433 4132 1681
f 2433 1256 4132
f 526 826 4133
f 826 4139 4133
f 4130 1164 4134
f 794 4130 4134
f 4135 2067 2261
f 4135 2261 2494
f 2914 899 4136
f 4136 899 3680
f 4137 1518 245
f 4137 4252 1898
f 4138 3331 1578
f 514 4138 1578
f 826 2475 4139
f 2475 3998 4139
f 4200 2927 4140
f 4140 2927 443
f 4141 362 3717
f 4141 4054 362
f 1073 4142 3617
f 2453 4142 1073
f 3240 2454 4143
f 2454 1052 4143
f 1740 4144 841
f 4144 4141 841
f 4145 3625 2317
f 2281 4145 2317
f 4146 1187 2783
f 403 4146 2783
f 572 4147 668
f 668 4147 1438
f 680 1031 4148
f 680 4148 1599
f 4149 2056 3600
f 1190 2056 4149
f 4150 3274 3380
f 4150 3380 735
f 2193 4151 1334
f 4151 2805 1334
f 4152 1239 276
f 2929 4152 276
f 4153 1034 2538
f 347 1034 4153
f 4154 928 2720
f 3850 928 4154
f 4142 2298 4155
f 2298 925 4155
f 4156 1286 3896
f 4056 1286 4156
f 444 4157 2045
f 444 4215 4157
f 1664 4158 2168
f 2168 4158 1230
f 3055 2002 4159
f 4159 2002 1023
f 4160 571 2172
f 3014 4160 2172
f 4161 1942 1797
f 4161 1797 2166
f 4162 518 2266
f 209 4162 2266
f 1017 4163 2962
f 2846 4163 1017
f 209 2266 4164
f 4058 209 4164
f 2007 2851 4165
f 661 2007 4165
f 4166 998 2106
f 4166 792 998
f 3866 1369 4167
f 2484 3866 4167
f 3887 2060 4168
f 4168 2060 1856
f 3391 1696 4169
f 1160 3391 4169
f 4170 2248 4131
f 750 2248 4170
f 2918 675 4171
f 4171 3378 2918
f 3845 1867 4172
f 1867 3816 4172
f 3084 4173 4118
f 4173 3084 905
f 4174 244 3307
f 3881 244 4174
f 4175 1035 731
f 2080 4175 731
f 2044 1545 4176
f 4176 174 2044
f 715 4177 969
f 4177 715 561
f 3881 4178 1295
f 4178 1288 1295
f 4179 1238 4175
f 4179 325 1238
f 3462 4180 2856
f 4366 2856 4180
f 1058 4179 4181
f 4181 2160 1058
f 1128 2355 4182
f 2355 2363 4182
f 2365 1079 4183
f 1079 4296 4183
f 1692 1055 4184
f 1055 4189 4184
f 3575 4185 19
f 4185 1373 19
f 1949 4186 1765
f 1949 662 4186
f 4043 4187 1273
f 4187 3027 1273
f 2207 4360 4188
f 3672 2207 4188
f 1055 2644 4189
f 377 4189 2644
f 3046 932 4190
f 3046 4190 2773
f 530 3548 4191
f 4191 1911 530
f 4192 2861 377
f 377 198 4192
f 1767 4193 161
f 161 4193 4061
f 3425 1352 4194
f 2814 3425 4194
f 415 4195 3115
f 709 4195 415
f 124 3288 4196
f 2751 124 4196
f 4197 64 2989
f 3709 64 4197
f 4198 2267 2357
f 4198 4128 2267
f 4199 1591 628
f 4199 3992 1591
f 4358 2898 4200
f 2898 2927 4200
f 4201 2679 1074
f 4201 3690 2679
f 4202 2050 2568
f 594 4202 2568
f 578 1077 4203
f 1077 3122 4203
f 4056 4204 788
f 2301 788 4204
f 3712 1588 4205
f 1588 1701 4205
f 4206 1324 672
f 672 3497 4206
f 4207 4112 1575
f 4207 1575 1614
f 691 4208 1783
f 3915 1783 4208
f 1175 3000 4209
f 4209 3000 1070
f 4210 3469 1887
f 2116 3469 4210
f 4211 139 4198
f 4211 2609 139
f 3238 110 4212
f 3238 4212 2464
f 1115 2540 4213
f 4213 1174 1115
f 1855 4214 1351
f 4088 1351 4214
f 1332 4176 4215
f 444 4217 4215
f 4216 2322 830
f 4216 830 725
f 4217 3004 1332
f 4215 4217 1332
f 3668 4218 2136
f 4269 728 2136
f 1303 4219 1788
f 1303 2719 4219
f 1806 4220 2309
f 3759 4220 1806
f 1446 2205 4221
f 1539 4221 2205
f 1316 4222 2053
f 2695 4222 1316
f 2349 4223 626
f 626 4223 1749
f 910 1108 4224
f 4224 4226 910
f 487 4225 4116
f 487 1380 4225
f 4224 2619 4226
f 4226 2619 3912
f 4230 2006 4227
f 3907 4227 2006
f 2625 636 4228
f 3290 2625 4228
f 924 4229 3930
f 532 4229 924
f 1989 2006 4230
f 4230 295 1989
f 1279 4231 1493
f 4015 1493 4231
f 1051 4232 2558
f 1425 4232 1051
f 4233 1008 2420
f 4233 2519 1008
f 366 4234 2058
f 1065 2058 4234
f 4235 1684 817
f 4235 817 4042
f 4236 1749 3178
f 626 1749 4236
f 1699 4237 225
f 4237 2567 225
f 4238 2017 488
f 4238 488 3171
f 803 1598 4239
f 3076 803 4239
f 3887 1871 4240
f 3887 4240 2060
f 4241 2279 506
f 4241 2685 2279
f 3878 700 4242
f 2264 3878 4242
f 2885 4243 2716
f 4243 2924 2716
f 3769 291 4244
f 291 1710 4244
f 1832 1081 4245
f 170 4245 1081
f 4246 2813 1135
f 4246 393 2813
f 1894 4247 1792
f 4247 1292 1792
f 3316 4248 1800
f 4248 1815 1800
f 4310 4249 1533
f 3484 1533 4249
f 4250 1192 2360
f 4250 2360 45
f 4251 176 849
f 3016 4251 849
f 4252 4137 245
f 4252 245 2154
f 361 369 4253
f 2246 361 4253
f 4254 3246 1163
f 2627 4254 1163
f 4255 2745 3299
f 2745 4255 1782
f 4289 4256 556
f 4256 3749 556
f 392 4257 2263
f 392 593 4257
f 4258 189 3116
f 1747 4258 3116
f 4259 411 175
f 2973 411 4259
f 60 2452 4260
f 60 4260 4266
f 2505 4261 123
f 1724 4261 2505
f 1278 4262 391
f 1278 643 4262
f 4263 1376 3343
f 4114 1376 4263
f 3042 31 4264
f 31 2031 4270
f 4079 4265 814
f 4354 814 4265
f 4260 3126 4266
f 3126 4127 4266
f 4267 4295 1161
f 1671 4267 1161
f 4268 968 1811
f 4268 1811 2305
f 4218 4269 2136
f 2134 4269 4218
f 4264 4270 2775
f 4270 4264 31
f 1143 4271 233
f 4271 1143 1096
f 1090 4272 99
f 99 4272 2477
f 499 1625 4273
f 634 4273 1625
f 4274 14 1565
f 4274 1565 2151
f 3128 4275 1497
f 4275 356 1497
f 2997 2776 4276
f 2776 142 4276
f 2368 3043 4277
f 4277 1639 2368
f 1022 2182 4278
f 4278 2182 1023
f 790 4279 3444
f 4279 790 1584
f 4280 2999 656
f 656 4277 4280
f 3335 1465 4281
f 1465 2000 4281
f 1241 1794 4282
f 458 4282 1794
f 591 655 4283
f 655 2760 4283
f 2421 3143 4284
f 3805 2421 4284
f 3527 4285 204
f 4285 934 204
f 3427 996 4286
f 996 50 4286
f 3004 1543 4287
f 1332 3004 4287
f 2144 905 4288
f 2144 4288 2148
f 4289 1453 2640
f 556 1453 4289
f 2123 4290 3081
f 4290 2123 1700
f 4009 4291 1271
f 3999 4291 4009
f 1679 4292 2310
f 2310 4292 23
f 1176 4293 1062
f 4293 1176 2465
f 4294 1191 3949
f 4294 231 1191
f 4267 3681 4295
f 3368 4295 3681
f 3225 3066 4296
f 4296 3066 4183
f 149 4079 4297
f 4300 149 4297
f 2122 2118 4298
f 2118 2109 4298
f 2616 733 4299
f 1843 2616 4299
f 4300 4297 1651
f 1651 574 4300
f 1441 2871 4301
f 3161 1441 4301
f 4302 1214 3788
f 976 1214 4302
f 1841 1408 4303
f 2287 4303 4311
f 4304 439 4296
f 14 439 4304
f 1068 1741 4305
f 6 1068 4305
f 4306 1151 3290
f 4306 2635 1151
f 2500 1412 4307
f 1412 3376 4307
f 2173 1547 4308
f 2173 4308 1087
f 3135 4309 1067
f 1500 4309 3135
f 3038 4249 4310
f 3038 4310 1594
f 1408 4311 4303
f 1408 297 4311
f 985 4312 2684
f 1249 2684 4312
f 2840 4313 1395
f 4313 752 1395
f 1697 1590 4314
f 4317 4201 1697
f 2062 1193 4315
f 4315 1193 2021
f 4316 1895 10
f 4316 3722 1895
f 833 4317 4314
f 4317 1697 4314
f 340 1093 4318
f 1093 3481 4318
f 852 4328 4319
f 4328 1878 4319
f 4320 1291 2990
f 3618 4320 2990
f 4321 3183 1581
f 4323 1581 3187
f 1228 4322 2396
f 2805 4322 1228
f 729 4321 4323
f 4323 4321 1581
f 3075 4324 1267
f 4324 650 1267
f 1860 701 4325
f 1946 4325 701
f 4082 1428 4326
f 1428 1788 4326
f 3909 28 4327
f 28 4332 4327
f 4328 3756 467
f 4328 467 1878
f 1988 364 4329
f 4329 364 1345
f 1267 650 4330
f 4330 650 2853
f 3604 475 4331
f 2020 4331 475
f 4332 2020 475
f 4332 28 2020
f 4333 2758 1636
f 1636 3438 4333
f 4334 995 1304
f 2674 995 4334
f 1850 97 4335
f 1850 4335 2406
f 2527 1223 4336
f 2522 4336 1223
f 4356 4337 1740
f 637 4337 1014
f 4338 974 3114
f 974 4338 4290
f 1052 3554 4339
f 3554 381 4339
f 4340 3613 1864
f 738 4340 1864
f 4311 1984 4341
f 4341 1984 4162
f 3260 4342 368
f 368 4342 3911
f 1408 4343 297
f 4143 4361 4343
f 1517 4344 3613
f 3613 4344 71
f 4333 2707 4345
f 2707 122 4345
f 4346 4329 1345
f 4346 1345 7
f 2306 4347 645
f 1011 4347 2306
f 4332 475 4348
f 4327 4332 4348
f 398 4349 1218
f 398 1539 4349
f 4268 2305 4350
f 2305 2553 4350
f 3770 4351 2673
f 4351 2313 2673
f 3668 4352 1481
f 1481 4352 3202
f 3777 1308 4353
f 4353 1308 3442
f 3268 4354 1199
f 4354 3363 1199
f 520 4355 63
f 63 4355 3610
f 1014 4337 4356
f 1014 4356 1423
f 2694 4357 100
f 100 4357 570
f 1798 4358 2753
f 4283 4358 1798
f 4359 2015 1952
f 2552 4359 1952
f 2207 906 4360
f 4000 4360 906
f 4343 4361 297
f 297 4361 2641
f 4362 1934 3579
f 4362 1350 1934
f 320 4363 1002
f 1013 1002 4363
f 1647 4364 1913
f 2665 4364 1647
f 1431 4365 3952
f 2607 4365 1431
f 4366 2696 744
f 4366 744 2856
f 2977 4367 300
f 1337 4367 2977
f 481 4368 3547
f 4368 1938 3547
f 2806 4369 472
f 472 4369 2333
f 311 4370 3149
f 4370 1451 3149
f 757 4371 1900
f 1900 4371 763
f 3580 4372 615
f 615 4372 3974

 